Starting Comprehensive LID Analysis (ex1.py)...

Running Baseline Simulation...
SWMMSimulator initialized for: inp_file\ex1.inp
Starting SWMM simulation
Flow Units: CMS
System Units: SI
Simulation Period: 1998-01-01 00:00:00 to 1998-01-02 12:00:00
Found 8 subcatchments, 14 nodes, 13 links
Simulation completed successfully in 0.03s
Total runoff: 676.20 m³
Target Subcatchment: 5 (Area: 150000.0 m2)
Baseline: Total=197.3467, Peak=0.0162

============================================================
Processing LID Type: Rain Garden (RG)
============================================================
Using Default Parameters
Created LID configuration: LID_RG (LIDType.RAIN_GARDEN)
  - Parameters: LIDParameters(surface=[150, 0.1, 0.1, 1, 0], soil=[500, 0.5, 0.2, 0.1, 50, 10, 50], storage=[0, 0.75, 0.5, 0, 'NO'], pavement=None, drain=None, drainmat=None)
  - Life cycle cost per m2: 100000.0
Reset all LID placements
Creating LID placement: LID_RG on 5
  - from_impervious: 1.0% of impervious area
  - LID area: 750.00 m² (0.50% of total area)
  - Impervious area: 75000.00 m² (50.0% of total)
Added 1 LID controls to temp_controls_RG.inp
Added 1 LID usages to temp_RG_ex1.inp
Reset all LID placements
Creating LID placement: LID_RG on 5
  - from_impervious: 2.0% of impervious area
  - LID area: 1500.00 m² (1.00% of total area)
  - Impervious area: 75000.00 m² (50.0% of total)
Added 1 LID controls to temp_controls_RG.inp
Added 1 LID usages to temp_RG_ex1.inp
Reset all LID placements
Creating LID placement: LID_RG on 5
  - from_impervious: 3.0% of impervious area
  - LID area: 2250.00 m² (1.50% of total area)
  - Impervious area: 75000.00 m² (50.0% of total)
Added 1 LID controls to temp_controls_RG.inp
Added 1 LID usages to temp_RG_ex1.inp
Reset all LID placements
Creating LID placement: LID_RG on 5
  - from_impervious: 4.0% of impervious area
  - LID area: 3000.00 m² (2.00% of total area)
  - Impervious area: 75000.00 m² (50.0% of total)
Added 1 LID controls to temp_controls_RG.inp
Added 1 LID usages to temp_RG_ex1.inp
Reset all LID placements
Creating LID placement: LID_RG on 5
  - from_impervious: 5.0% of impervious area
  - LID area: 3750.00 m² (2.50% of total area)
  - Impervious area: 75000.00 m² (50.0% of total)
Added 1 LID controls to temp_controls_RG.inp
Added 1 LID usages to temp_RG_ex1.inp
Reset all LID placements
Creating LID placement: LID_RG on 5
  - from_impervious: 6.0% of impervious area
  - LID area: 4500.00 m² (3.00% of total area)
  - Impervious area: 75000.00 m² (50.0% of total)
Added 1 LID controls to temp_controls_RG.inp
Added 1 LID usages to temp_RG_ex1.inp
Reset all LID placements
Creating LID placement: LID_RG on 5
  - from_impervious: 7.0% of impervious area
  - LID area: 5250.00 m² (3.50% of total area)
  - Impervious area: 75000.00 m² (50.0% of total)
Added 1 LID controls to temp_controls_RG.inp
Added 1 LID usages to temp_RG_ex1.inp
Reset all LID placements
Creating LID placement: LID_RG on 5
  - from_impervious: 8.0% of impervious area
  - LID area: 6000.00 m² (4.00% of total area)
  - Impervious area: 75000.00 m² (50.0% of total)
Added 1 LID controls to temp_controls_RG.inp
Added 1 LID usages to temp_RG_ex1.inp
Reset all LID placements
Creating LID placement: LID_RG on 5
  - from_impervious: 9.0% of impervious area
  - LID area: 6750.00 m² (4.50% of total area)
  - Impervious area: 75000.00 m² (50.0% of total)
Added 1 LID controls to temp_controls_RG.inp
Added 1 LID usages to temp_RG_ex1.inp
Reset all LID placements
Creating LID placement: LID_RG on 5
  - from_impervious: 10.0% of impervious area
  - LID area: 7500.00 m² (5.00% of total area)
  - Impervious area: 75000.00 m² (50.0% of total)
Added 1 LID controls to temp_controls_RG.inp
Added 1 LID usages to temp_RG_ex1.inp
Reset all LID placements
Creating LID placement: LID_RG on 5
  - from_impervious: 11.0% of impervious area
  - LID area: 8250.00 m² (5.50% of total area)
  - Impervious area: 75000.00 m² (50.0% of total)
Added 1 LID controls to temp_controls_RG.inp
Added 1 LID usages to temp_RG_ex1.inp
Reset all LID placements
Creating LID placement: LID_RG on 5
  - from_impervious: 12.0% of impervious area
  - LID area: 9000.00 m² (6.00% of total area)
  - Impervious area: 75000.00 m² (50.0% of total)
Added 1 LID controls to temp_controls_RG.inp
Added 1 LID usages to temp_RG_ex1.inp
Reset all LID placements
Creating LID placement: LID_RG on 5
  - from_impervious: 13.0% of impervious area
  - LID area: 9750.00 m² (6.50% of total area)
  - Impervious area: 75000.00 m² (50.0% of total)
Added 1 LID controls to temp_controls_RG.inp
Added 1 LID usages to temp_RG_ex1.inp
Reset all LID placements
Creating LID placement: LID_RG on 5
  - from_impervious: 14.0% of impervious area
  - LID area: 10500.00 m² (7.00% of total area)
  - Impervious area: 75000.00 m² (50.0% of total)
Added 1 LID controls to temp_controls_RG.inp
Added 1 LID usages to temp_RG_ex1.inp
Reset all LID placements
Creating LID placement: LID_RG on 5
  - from_impervious: 15.0% of impervious area
  - LID area: 11250.00 m² (7.50% of total area)
  - Impervious area: 75000.00 m² (50.0% of total)
Added 1 LID controls to temp_controls_RG.inp
Added 1 LID usages to temp_RG_ex1.inp
Reset all LID placements
Creating LID placement: LID_RG on 5
  - from_impervious: 16.0% of impervious area
  - LID area: 12000.00 m² (8.00% of total area)
  - Impervious area: 75000.00 m² (50.0% of total)
Added 1 LID controls to temp_controls_RG.inp
Added 1 LID usages to temp_RG_ex1.inp
Reset all LID placements
Creating LID placement: LID_RG on 5
  - from_impervious: 17.0% of impervious area
  - LID area: 12750.00 m² (8.50% of total area)
  - Impervious area: 75000.00 m² (50.0% of total)
Added 1 LID controls to temp_controls_RG.inp
Added 1 LID usages to temp_RG_ex1.inp
Reset all LID placements
Creating LID placement: LID_RG on 5
  - from_impervious: 18.0% of impervious area
  - LID area: 13500.00 m² (9.00% of total area)
  - Impervious area: 75000.00 m² (50.0% of total)
Added 1 LID controls to temp_controls_RG.inp
Added 1 LID usages to temp_RG_ex1.inp
Reset all LID placements
Creating LID placement: LID_RG on 5
  - from_impervious: 19.0% of impervious area
  - LID area: 14250.00 m² (9.50% of total area)
  - Impervious area: 75000.00 m² (50.0% of total)
Added 1 LID controls to temp_controls_RG.inp
Added 1 LID usages to temp_RG_ex1.inp
  Simulating 20%
Reset all LID placements
Creating LID placement: LID_RG on 5
  - from_impervious: 20.0% of impervious area
  - LID area: 15000.00 m² (10.00% of total area)
  - Impervious area: 75000.00 m² (50.0% of total)
Added 1 LID controls to temp_controls_RG.inp
Added 1 LID usages to temp_RG_ex1.inp
Reset all LID placements
Creating LID placement: LID_RG on 5
  - from_impervious: 21.0% of impervious area
  - LID area: 15750.00 m² (10.50% of total area)
  - Impervious area: 75000.00 m² (50.0% of total)
Added 1 LID controls to temp_controls_RG.inp
Added 1 LID usages to temp_RG_ex1.inp
Reset all LID placements
Creating LID placement: LID_RG on 5
  - from_impervious: 22.0% of impervious area
  - LID area: 16500.00 m² (11.00% of total area)
  - Impervious area: 75000.00 m² (50.0% of total)
Added 1 LID controls to temp_controls_RG.inp
Added 1 LID usages to temp_RG_ex1.inp
Reset all LID placements
Creating LID placement: LID_RG on 5
  - from_impervious: 23.0% of impervious area
  - LID area: 17250.00 m² (11.50% of total area)
  - Impervious area: 75000.00 m² (50.0% of total)
Added 1 LID controls to temp_controls_RG.inp
Added 1 LID usages to temp_RG_ex1.inp
Reset all LID placements
Creating LID placement: LID_RG on 5
  - from_impervious: 24.0% of impervious area
  - LID area: 18000.00 m² (12.00% of total area)
  - Impervious area: 75000.00 m² (50.0% of total)
Added 1 LID controls to temp_controls_RG.inp
Added 1 LID usages to temp_RG_ex1.inp
Reset all LID placements
Creating LID placement: LID_RG on 5
  - from_impervious: 25.0% of impervious area
  - LID area: 18750.00 m² (12.50% of total area)
  - Impervious area: 75000.00 m² (50.0% of total)
Added 1 LID controls to temp_controls_RG.inp
Added 1 LID usages to temp_RG_ex1.inp
Reset all LID placements
Creating LID placement: LID_RG on 5
  - from_impervious: 26.0% of impervious area
  - LID area: 19500.00 m² (13.00% of total area)
  - Impervious area: 75000.00 m² (50.0% of total)
Added 1 LID controls to temp_controls_RG.inp
Added 1 LID usages to temp_RG_ex1.inp
Reset all LID placements
Creating LID placement: LID_RG on 5
  - from_impervious: 27.0% of impervious area
  - LID area: 20250.00 m² (13.50% of total area)
  - Impervious area: 75000.00 m² (50.0% of total)
Added 1 LID controls to temp_controls_RG.inp
Added 1 LID usages to temp_RG_ex1.inp
Reset all LID placements
Creating LID placement: LID_RG on 5
  - from_impervious: 28.0% of impervious area
  - LID area: 21000.00 m² (14.00% of total area)
  - Impervious area: 75000.00 m² (50.0% of total)
Added 1 LID controls to temp_controls_RG.inp
Added 1 LID usages to temp_RG_ex1.inp
Reset all LID placements
Creating LID placement: LID_RG on 5
  - from_impervious: 29.0% of impervious area
  - LID area: 21750.00 m² (14.50% of total area)
  - Impervious area: 75000.00 m² (50.0% of total)
Added 1 LID controls to temp_controls_RG.inp
Added 1 LID usages to temp_RG_ex1.inp
Reset all LID placements
Creating LID placement: LID_RG on 5
  - from_impervious: 30.0% of impervious area
  - LID area: 22500.00 m² (15.00% of total area)
  - Impervious area: 75000.00 m² (50.0% of total)
Added 1 LID controls to temp_controls_RG.inp
Added 1 LID usages to temp_RG_ex1.inp
Reset all LID placements
Creating LID placement: LID_RG on 5
  - from_impervious: 31.0% of impervious area
  - LID area: 23250.00 m² (15.50% of total area)
  - Impervious area: 75000.00 m² (50.0% of total)
Added 1 LID controls to temp_controls_RG.inp
Added 1 LID usages to temp_RG_ex1.inp
Reset all LID placements
Creating LID placement: LID_RG on 5
  - from_impervious: 32.0% of impervious area
  - LID area: 24000.00 m² (16.00% of total area)
  - Impervious area: 75000.00 m² (50.0% of total)
Added 1 LID controls to temp_controls_RG.inp
Added 1 LID usages to temp_RG_ex1.inp
Reset all LID placements
Creating LID placement: LID_RG on 5
  - from_impervious: 33.0% of impervious area
  - LID area: 24750.00 m² (16.50% of total area)
  - Impervious area: 75000.00 m² (50.0% of total)
Added 1 LID controls to temp_controls_RG.inp
Added 1 LID usages to temp_RG_ex1.inp
Reset all LID placements
Creating LID placement: LID_RG on 5
  - from_impervious: 34.0% of impervious area
  - LID area: 25500.00 m² (17.00% of total area)
  - Impervious area: 75000.00 m² (50.0% of total)
Added 1 LID controls to temp_controls_RG.inp
Added 1 LID usages to temp_RG_ex1.inp
Reset all LID placements
Creating LID placement: LID_RG on 5
  - from_impervious: 35.0% of impervious area
  - LID area: 26250.00 m² (17.50% of total area)
  - Impervious area: 75000.00 m² (50.0% of total)
Added 1 LID controls to temp_controls_RG.inp
Added 1 LID usages to temp_RG_ex1.inp
Reset all LID placements
Creating LID placement: LID_RG on 5
  - from_impervious: 36.0% of impervious area
  - LID area: 27000.00 m² (18.00% of total area)
  - Impervious area: 75000.00 m² (50.0% of total)
Added 1 LID controls to temp_controls_RG.inp
Added 1 LID usages to temp_RG_ex1.inp
Reset all LID placements
Creating LID placement: LID_RG on 5
  - from_impervious: 37.0% of impervious area
  - LID area: 27750.00 m² (18.50% of total area)
  - Impervious area: 75000.00 m² (50.0% of total)
Added 1 LID controls to temp_controls_RG.inp
Added 1 LID usages to temp_RG_ex1.inp
Reset all LID placements
Creating LID placement: LID_RG on 5
  - from_impervious: 38.0% of impervious area
  - LID area: 28500.00 m² (19.00% of total area)
  - Impervious area: 75000.00 m² (50.0% of total)
Added 1 LID controls to temp_controls_RG.inp
Added 1 LID usages to temp_RG_ex1.inp
Reset all LID placements
Creating LID placement: LID_RG on 5
  - from_impervious: 39.0% of impervious area
  - LID area: 29250.00 m² (19.50% of total area)
  - Impervious area: 75000.00 m² (50.0% of total)
Added 1 LID controls to temp_controls_RG.inp
Added 1 LID usages to temp_RG_ex1.inp
  Simulating 40%
Reset all LID placements
Creating LID placement: LID_RG on 5
  - from_impervious: 40.0% of impervious area
  - LID area: 30000.00 m² (20.00% of total area)
  - Impervious area: 75000.00 m² (50.0% of total)
Added 1 LID controls to temp_controls_RG.inp
Added 1 LID usages to temp_RG_ex1.inp
Reset all LID placements
Creating LID placement: LID_RG on 5
  - from_impervious: 41.0% of impervious area
  - LID area: 30750.00 m² (20.50% of total area)
  - Impervious area: 75000.00 m² (50.0% of total)
Added 1 LID controls to temp_controls_RG.inp
Added 1 LID usages to temp_RG_ex1.inp
Reset all LID placements
Creating LID placement: LID_RG on 5
  - from_impervious: 42.0% of impervious area
  - LID area: 31500.00 m² (21.00% of total area)
  - Impervious area: 75000.00 m² (50.0% of total)
Added 1 LID controls to temp_controls_RG.inp
Added 1 LID usages to temp_RG_ex1.inp
Reset all LID placements
Creating LID placement: LID_RG on 5
  - from_impervious: 43.0% of impervious area
  - LID area: 32250.00 m² (21.50% of total area)
  - Impervious area: 75000.00 m² (50.0% of total)
Added 1 LID controls to temp_controls_RG.inp
Added 1 LID usages to temp_RG_ex1.inp
Reset all LID placements
Creating LID placement: LID_RG on 5
  - from_impervious: 44.0% of impervious area
  - LID area: 33000.00 m² (22.00% of total area)
  - Impervious area: 75000.00 m² (50.0% of total)
Added 1 LID controls to temp_controls_RG.inp
Added 1 LID usages to temp_RG_ex1.inp
Reset all LID placements
Creating LID placement: LID_RG on 5
  - from_impervious: 45.0% of impervious area
  - LID area: 33750.00 m² (22.50% of total area)
  - Impervious area: 75000.00 m² (50.0% of total)
Added 1 LID controls to temp_controls_RG.inp
Added 1 LID usages to temp_RG_ex1.inp
Reset all LID placements
Creating LID placement: LID_RG on 5
  - from_impervious: 46.0% of impervious area
  - LID area: 34500.00 m² (23.00% of total area)
  - Impervious area: 75000.00 m² (50.0% of total)
Added 1 LID controls to temp_controls_RG.inp
Added 1 LID usages to temp_RG_ex1.inp
Reset all LID placements
Creating LID placement: LID_RG on 5
  - from_impervious: 47.0% of impervious area
  - LID area: 35250.00 m² (23.50% of total area)
  - Impervious area: 75000.00 m² (50.0% of total)
Added 1 LID controls to temp_controls_RG.inp
Added 1 LID usages to temp_RG_ex1.inp
Reset all LID placements
Creating LID placement: LID_RG on 5
  - from_impervious: 48.0% of impervious area
  - LID area: 36000.00 m² (24.00% of total area)
  - Impervious area: 75000.00 m² (50.0% of total)
Added 1 LID controls to temp_controls_RG.inp
Added 1 LID usages to temp_RG_ex1.inp
Reset all LID placements
Creating LID placement: LID_RG on 5
  - from_impervious: 49.0% of impervious area
  - LID area: 36750.00 m² (24.50% of total area)
  - Impervious area: 75000.00 m² (50.0% of total)
Added 1 LID controls to temp_controls_RG.inp
Added 1 LID usages to temp_RG_ex1.inp
Reset all LID placements
Creating LID placement: LID_RG on 5
  - from_impervious: 50.0% of impervious area
  - LID area: 37500.00 m² (25.00% of total area)
  - Impervious area: 75000.00 m² (50.0% of total)
Added 1 LID controls to temp_controls_RG.inp
Added 1 LID usages to temp_RG_ex1.inp
Reset all LID placements
Creating LID placement: LID_RG on 5
  - from_impervious: 51.0% of impervious area
  - LID area: 38250.00 m² (25.50% of total area)
  - Impervious area: 75000.00 m² (50.0% of total)
Added 1 LID controls to temp_controls_RG.inp
Added 1 LID usages to temp_RG_ex1.inp
Reset all LID placements
Creating LID placement: LID_RG on 5
  - from_impervious: 52.0% of impervious area
  - LID area: 39000.00 m² (26.00% of total area)
  - Impervious area: 75000.00 m² (50.0% of total)
Added 1 LID controls to temp_controls_RG.inp
Added 1 LID usages to temp_RG_ex1.inp
Reset all LID placements
Creating LID placement: LID_RG on 5
  - from_impervious: 53.0% of impervious area
  - LID area: 39750.00 m² (26.50% of total area)
  - Impervious area: 75000.00 m² (50.0% of total)
Added 1 LID controls to temp_controls_RG.inp
Added 1 LID usages to temp_RG_ex1.inp
Reset all LID placements
Creating LID placement: LID_RG on 5
  - from_impervious: 54.0% of impervious area
  - LID area: 40500.00 m² (27.00% of total area)
  - Impervious area: 75000.00 m² (50.0% of total)
Added 1 LID controls to temp_controls_RG.inp
Added 1 LID usages to temp_RG_ex1.inp
Reset all LID placements
Creating LID placement: LID_RG on 5
  - from_impervious: 55.0% of impervious area
  - LID area: 41250.00 m² (27.50% of total area)
  - Impervious area: 75000.00 m² (50.0% of total)
Added 1 LID controls to temp_controls_RG.inp
Added 1 LID usages to temp_RG_ex1.inp
Reset all LID placements
Creating LID placement: LID_RG on 5
  - from_impervious: 56.0% of impervious area
  - LID area: 42000.00 m² (28.00% of total area)
  - Impervious area: 75000.00 m² (50.0% of total)
Added 1 LID controls to temp_controls_RG.inp
Added 1 LID usages to temp_RG_ex1.inp
Reset all LID placements
Creating LID placement: LID_RG on 5
  - from_impervious: 57.0% of impervious area
  - LID area: 42750.00 m² (28.50% of total area)
  - Impervious area: 75000.00 m² (50.0% of total)
Added 1 LID controls to temp_controls_RG.inp
Added 1 LID usages to temp_RG_ex1.inp
Reset all LID placements
Creating LID placement: LID_RG on 5
  - from_impervious: 58.0% of impervious area
  - LID area: 43500.00 m² (29.00% of total area)
  - Impervious area: 75000.00 m² (50.0% of total)
Added 1 LID controls to temp_controls_RG.inp
Added 1 LID usages to temp_RG_ex1.inp
Reset all LID placements
Creating LID placement: LID_RG on 5
  - from_impervious: 59.0% of impervious area
  - LID area: 44250.00 m² (29.50% of total area)
  - Impervious area: 75000.00 m² (50.0% of total)
Added 1 LID controls to temp_controls_RG.inp
Added 1 LID usages to temp_RG_ex1.inp
  Simulating 60%
Reset all LID placements
Creating LID placement: LID_RG on 5
  - from_impervious: 60.0% of impervious area
  - LID area: 45000.00 m² (30.00% of total area)
  - Impervious area: 75000.00 m² (50.0% of total)
Added 1 LID controls to temp_controls_RG.inp
Added 1 LID usages to temp_RG_ex1.inp
Reset all LID placements
Creating LID placement: LID_RG on 5
  - from_impervious: 61.0% of impervious area
  - LID area: 45750.00 m² (30.50% of total area)
  - Impervious area: 75000.00 m² (50.0% of total)
Added 1 LID controls to temp_controls_RG.inp
Added 1 LID usages to temp_RG_ex1.inp
Reset all LID placements
Creating LID placement: LID_RG on 5
  - from_impervious: 62.0% of impervious area
  - LID area: 46500.00 m² (31.00% of total area)
  - Impervious area: 75000.00 m² (50.0% of total)
Added 1 LID controls to temp_controls_RG.inp
Added 1 LID usages to temp_RG_ex1.inp
Reset all LID placements
Creating LID placement: LID_RG on 5
  - from_impervious: 63.0% of impervious area
  - LID area: 47250.00 m² (31.50% of total area)
  - Impervious area: 75000.00 m² (50.0% of total)
Added 1 LID controls to temp_controls_RG.inp
Added 1 LID usages to temp_RG_ex1.inp
Reset all LID placements
Creating LID placement: LID_RG on 5
  - from_impervious: 64.0% of impervious area
  - LID area: 48000.00 m² (32.00% of total area)
  - Impervious area: 75000.00 m² (50.0% of total)
Added 1 LID controls to temp_controls_RG.inp
Added 1 LID usages to temp_RG_ex1.inp
Reset all LID placements
Creating LID placement: LID_RG on 5
  - from_impervious: 65.0% of impervious area
  - LID area: 48750.00 m² (32.50% of total area)
  - Impervious area: 75000.00 m² (50.0% of total)
Added 1 LID controls to temp_controls_RG.inp
Added 1 LID usages to temp_RG_ex1.inp
Reset all LID placements
Creating LID placement: LID_RG on 5
  - from_impervious: 66.0% of impervious area
  - LID area: 49500.00 m² (33.00% of total area)
  - Impervious area: 75000.00 m² (50.0% of total)
Added 1 LID controls to temp_controls_RG.inp
Added 1 LID usages to temp_RG_ex1.inp
Reset all LID placements
Creating LID placement: LID_RG on 5
  - from_impervious: 67.0% of impervious area
  - LID area: 50250.00 m² (33.50% of total area)
  - Impervious area: 75000.00 m² (50.0% of total)
Added 1 LID controls to temp_controls_RG.inp
Added 1 LID usages to temp_RG_ex1.inp
Reset all LID placements
Creating LID placement: LID_RG on 5
  - from_impervious: 68.0% of impervious area
  - LID area: 51000.00 m² (34.00% of total area)
  - Impervious area: 75000.00 m² (50.0% of total)
Added 1 LID controls to temp_controls_RG.inp
Added 1 LID usages to temp_RG_ex1.inp
Reset all LID placements
Creating LID placement: LID_RG on 5
  - from_impervious: 69.0% of impervious area
  - LID area: 51750.00 m² (34.50% of total area)
  - Impervious area: 75000.00 m² (50.0% of total)
Added 1 LID controls to temp_controls_RG.inp
Added 1 LID usages to temp_RG_ex1.inp
Reset all LID placements
Creating LID placement: LID_RG on 5
  - from_impervious: 70.0% of impervious area
  - LID area: 52500.00 m² (35.00% of total area)
  - Impervious area: 75000.00 m² (50.0% of total)
Added 1 LID controls to temp_controls_RG.inp
Added 1 LID usages to temp_RG_ex1.inp
Reset all LID placements
Creating LID placement: LID_RG on 5
  - from_impervious: 71.0% of impervious area
  - LID area: 53250.00 m² (35.50% of total area)
  - Impervious area: 75000.00 m² (50.0% of total)
Added 1 LID controls to temp_controls_RG.inp
Added 1 LID usages to temp_RG_ex1.inp
Reset all LID placements
Creating LID placement: LID_RG on 5
  - from_impervious: 72.0% of impervious area
  - LID area: 54000.00 m² (36.00% of total area)
  - Impervious area: 75000.00 m² (50.0% of total)
Added 1 LID controls to temp_controls_RG.inp
Added 1 LID usages to temp_RG_ex1.inp
Reset all LID placements
Creating LID placement: LID_RG on 5
  - from_impervious: 73.0% of impervious area
  - LID area: 54750.00 m² (36.50% of total area)
  - Impervious area: 75000.00 m² (50.0% of total)
Added 1 LID controls to temp_controls_RG.inp
Added 1 LID usages to temp_RG_ex1.inp
Reset all LID placements
Creating LID placement: LID_RG on 5
  - from_impervious: 74.0% of impervious area
  - LID area: 55500.00 m² (37.00% of total area)
  - Impervious area: 75000.00 m² (50.0% of total)
Added 1 LID controls to temp_controls_RG.inp
Added 1 LID usages to temp_RG_ex1.inp
Reset all LID placements
Creating LID placement: LID_RG on 5
  - from_impervious: 75.0% of impervious area
  - LID area: 56250.00 m² (37.50% of total area)
  - Impervious area: 75000.00 m² (50.0% of total)
Added 1 LID controls to temp_controls_RG.inp
Added 1 LID usages to temp_RG_ex1.inp
Reset all LID placements
Creating LID placement: LID_RG on 5
  - from_impervious: 76.0% of impervious area
  - LID area: 57000.00 m² (38.00% of total area)
  - Impervious area: 75000.00 m² (50.0% of total)
Added 1 LID controls to temp_controls_RG.inp
Added 1 LID usages to temp_RG_ex1.inp
Reset all LID placements
Creating LID placement: LID_RG on 5
  - from_impervious: 77.0% of impervious area
  - LID area: 57750.00 m² (38.50% of total area)
  - Impervious area: 75000.00 m² (50.0% of total)
Added 1 LID controls to temp_controls_RG.inp
Added 1 LID usages to temp_RG_ex1.inp
Reset all LID placements
Creating LID placement: LID_RG on 5
  - from_impervious: 78.0% of impervious area
  - LID area: 58500.00 m² (39.00% of total area)
  - Impervious area: 75000.00 m² (50.0% of total)
Added 1 LID controls to temp_controls_RG.inp
Added 1 LID usages to temp_RG_ex1.inp
Reset all LID placements
Creating LID placement: LID_RG on 5
  - from_impervious: 79.0% of impervious area
  - LID area: 59250.00 m² (39.50% of total area)
  - Impervious area: 75000.00 m² (50.0% of total)
Added 1 LID controls to temp_controls_RG.inp
Added 1 LID usages to temp_RG_ex1.inp
  Simulating 80%
Reset all LID placements
Creating LID placement: LID_RG on 5
  - from_impervious: 80.0% of impervious area
  - LID area: 60000.00 m² (40.00% of total area)
  - Impervious area: 75000.00 m² (50.0% of total)
Added 1 LID controls to temp_controls_RG.inp
Added 1 LID usages to temp_RG_ex1.inp
Reset all LID placements
Creating LID placement: LID_RG on 5
  - from_impervious: 81.0% of impervious area
  - LID area: 60750.00 m² (40.50% of total area)
  - Impervious area: 75000.00 m² (50.0% of total)
Added 1 LID controls to temp_controls_RG.inp
Added 1 LID usages to temp_RG_ex1.inp
Reset all LID placements
Creating LID placement: LID_RG on 5
  - from_impervious: 82.0% of impervious area
  - LID area: 61500.00 m² (41.00% of total area)
  - Impervious area: 75000.00 m² (50.0% of total)
Added 1 LID controls to temp_controls_RG.inp
Added 1 LID usages to temp_RG_ex1.inp
Reset all LID placements
Creating LID placement: LID_RG on 5
  - from_impervious: 83.0% of impervious area
  - LID area: 62250.00 m² (41.50% of total area)
  - Impervious area: 75000.00 m² (50.0% of total)
Added 1 LID controls to temp_controls_RG.inp
Added 1 LID usages to temp_RG_ex1.inp
Reset all LID placements
Creating LID placement: LID_RG on 5
  - from_impervious: 84.0% of impervious area
  - LID area: 63000.00 m² (42.00% of total area)
  - Impervious area: 75000.00 m² (50.0% of total)
Added 1 LID controls to temp_controls_RG.inp
Added 1 LID usages to temp_RG_ex1.inp
Reset all LID placements
Creating LID placement: LID_RG on 5
  - from_impervious: 85.0% of impervious area
  - LID area: 63750.00 m² (42.50% of total area)
  - Impervious area: 75000.00 m² (50.0% of total)
Added 1 LID controls to temp_controls_RG.inp
Added 1 LID usages to temp_RG_ex1.inp
Reset all LID placements
Creating LID placement: LID_RG on 5
  - from_impervious: 86.0% of impervious area
  - LID area: 64500.00 m² (43.00% of total area)
  - Impervious area: 75000.00 m² (50.0% of total)
Added 1 LID controls to temp_controls_RG.inp
Added 1 LID usages to temp_RG_ex1.inp
Reset all LID placements
Creating LID placement: LID_RG on 5
  - from_impervious: 87.0% of impervious area
  - LID area: 65250.00 m² (43.50% of total area)
  - Impervious area: 75000.00 m² (50.0% of total)
Added 1 LID controls to temp_controls_RG.inp
Added 1 LID usages to temp_RG_ex1.inp
Reset all LID placements
Creating LID placement: LID_RG on 5
  - from_impervious: 88.0% of impervious area
  - LID area: 66000.00 m² (44.00% of total area)
  - Impervious area: 75000.00 m² (50.0% of total)
Added 1 LID controls to temp_controls_RG.inp
Added 1 LID usages to temp_RG_ex1.inp
Reset all LID placements
Creating LID placement: LID_RG on 5
  - from_impervious: 89.0% of impervious area
  - LID area: 66750.00 m² (44.50% of total area)
  - Impervious area: 75000.00 m² (50.0% of total)
Added 1 LID controls to temp_controls_RG.inp
Added 1 LID usages to temp_RG_ex1.inp
Reset all LID placements
Creating LID placement: LID_RG on 5
  - from_impervious: 90.0% of impervious area
  - LID area: 67500.00 m² (45.00% of total area)
  - Impervious area: 75000.00 m² (50.0% of total)
Added 1 LID controls to temp_controls_RG.inp
Added 1 LID usages to temp_RG_ex1.inp
Reset all LID placements
Creating LID placement: LID_RG on 5
  - from_impervious: 91.0% of impervious area
  - LID area: 68250.00 m² (45.50% of total area)
  - Impervious area: 75000.00 m² (50.0% of total)
Added 1 LID controls to temp_controls_RG.inp
Added 1 LID usages to temp_RG_ex1.inp
Reset all LID placements
Creating LID placement: LID_RG on 5
  - from_impervious: 92.0% of impervious area
  - LID area: 69000.00 m² (46.00% of total area)
  - Impervious area: 75000.00 m² (50.0% of total)
Added 1 LID controls to temp_controls_RG.inp
Added 1 LID usages to temp_RG_ex1.inp
Reset all LID placements
Creating LID placement: LID_RG on 5
  - from_impervious: 93.0% of impervious area
  - LID area: 69750.00 m² (46.50% of total area)
  - Impervious area: 75000.00 m² (50.0% of total)
Added 1 LID controls to temp_controls_RG.inp
Added 1 LID usages to temp_RG_ex1.inp
Reset all LID placements
Creating LID placement: LID_RG on 5
  - from_impervious: 94.0% of impervious area
  - LID area: 70500.00 m² (47.00% of total area)
  - Impervious area: 75000.00 m² (50.0% of total)
Added 1 LID controls to temp_controls_RG.inp
Added 1 LID usages to temp_RG_ex1.inp
Reset all LID placements
Creating LID placement: LID_RG on 5
  - from_impervious: 95.0% of impervious area
  - LID area: 71250.00 m² (47.50% of total area)
  - Impervious area: 75000.00 m² (50.0% of total)
Added 1 LID controls to temp_controls_RG.inp
Added 1 LID usages to temp_RG_ex1.inp
Reset all LID placements
Creating LID placement: LID_RG on 5
  - from_impervious: 96.0% of impervious area
  - LID area: 72000.00 m² (48.00% of total area)
  - Impervious area: 75000.00 m² (50.0% of total)
Added 1 LID controls to temp_controls_RG.inp
Added 1 LID usages to temp_RG_ex1.inp
Reset all LID placements
Creating LID placement: LID_RG on 5
  - from_impervious: 97.0% of impervious area
  - LID area: 72750.00 m² (48.50% of total area)
  - Impervious area: 75000.00 m² (50.0% of total)
Added 1 LID controls to temp_controls_RG.inp
Added 1 LID usages to temp_RG_ex1.inp
Reset all LID placements
Creating LID placement: LID_RG on 5
  - from_impervious: 98.0% of impervious area
  - LID area: 73500.00 m² (49.00% of total area)
  - Impervious area: 75000.00 m² (50.0% of total)
Added 1 LID controls to temp_controls_RG.inp
Added 1 LID usages to temp_RG_ex1.inp
Reset all LID placements
Creating LID placement: LID_RG on 5
  - from_impervious: 99.0% of impervious area
  - LID area: 74250.00 m² (49.50% of total area)
  - Impervious area: 75000.00 m² (50.0% of total)
Added 1 LID controls to temp_controls_RG.inp
Added 1 LID usages to temp_RG_ex1.inp
  Simulating 100%
Reset all LID placements
Creating LID placement: LID_RG on 5
  - from_impervious: 100.0% of impervious area
  - LID area: 75000.00 m² (50.00% of total area)
  - Impervious area: 75000.00 m² (50.0% of total)
Added 1 LID controls to temp_controls_RG.inp
Added 1 LID usages to temp_RG_ex1.inp
  Data saved to RG_data.csv
  Graph saved to RG_result.png

============================================================
Processing LID Type: Green Roof (GR)
============================================================
Using Default Parameters
Created LID configuration: LID_GR (LIDType.GREEN_ROOF)
  - Parameters: LIDParameters(surface=[150, 0.1, 0.1, 1, 0], soil=[500, 0.5, 0.2, 0.1, 50, 10, 50], storage=None, pavement=None, drain=None, drainmat=[3, 0.5, 0.1])
  - Life cycle cost per m2: 100000.0
Reset all LID placements
Creating LID placement: LID_GR on 5
  - from_impervious: 1.0% of impervious area
  - LID area: 750.00 m² (0.50% of total area)
  - Impervious area: 75000.00 m² (50.0% of total)
Added 1 LID controls to temp_controls_GR.inp
Added 1 LID usages to temp_GR_ex1.inp
Reset all LID placements
Creating LID placement: LID_GR on 5
  - from_impervious: 2.0% of impervious area
  - LID area: 1500.00 m² (1.00% of total area)
  - Impervious area: 75000.00 m² (50.0% of total)
Added 1 LID controls to temp_controls_GR.inp
Added 1 LID usages to temp_GR_ex1.inp
Reset all LID placements
Creating LID placement: LID_GR on 5
  - from_impervious: 3.0% of impervious area
  - LID area: 2250.00 m² (1.50% of total area)
  - Impervious area: 75000.00 m² (50.0% of total)
Added 1 LID controls to temp_controls_GR.inp
Added 1 LID usages to temp_GR_ex1.inp
Reset all LID placements
Creating LID placement: LID_GR on 5
  - from_impervious: 4.0% of impervious area
  - LID area: 3000.00 m² (2.00% of total area)
  - Impervious area: 75000.00 m² (50.0% of total)
Added 1 LID controls to temp_controls_GR.inp
Added 1 LID usages to temp_GR_ex1.inp
Reset all LID placements
Creating LID placement: LID_GR on 5
  - from_impervious: 5.0% of impervious area
  - LID area: 3750.00 m² (2.50% of total area)
  - Impervious area: 75000.00 m² (50.0% of total)
Added 1 LID controls to temp_controls_GR.inp
Added 1 LID usages to temp_GR_ex1.inp
Reset all LID placements
Creating LID placement: LID_GR on 5
  - from_impervious: 6.0% of impervious area
  - LID area: 4500.00 m² (3.00% of total area)
  - Impervious area: 75000.00 m² (50.0% of total)
Added 1 LID controls to temp_controls_GR.inp
Added 1 LID usages to temp_GR_ex1.inp
Reset all LID placements
Creating LID placement: LID_GR on 5
  - from_impervious: 7.0% of impervious area
  - LID area: 5250.00 m² (3.50% of total area)
  - Impervious area: 75000.00 m² (50.0% of total)
Added 1 LID controls to temp_controls_GR.inp
Added 1 LID usages to temp_GR_ex1.inp
Reset all LID placements
Creating LID placement: LID_GR on 5
  - from_impervious: 8.0% of impervious area
  - LID area: 6000.00 m² (4.00% of total area)
  - Impervious area: 75000.00 m² (50.0% of total)
Added 1 LID controls to temp_controls_GR.inp
Added 1 LID usages to temp_GR_ex1.inp
Reset all LID placements
Creating LID placement: LID_GR on 5
  - from_impervious: 9.0% of impervious area
  - LID area: 6750.00 m² (4.50% of total area)
  - Impervious area: 75000.00 m² (50.0% of total)
Added 1 LID controls to temp_controls_GR.inp
Added 1 LID usages to temp_GR_ex1.inp
Reset all LID placements
Creating LID placement: LID_GR on 5
  - from_impervious: 10.0% of impervious area
  - LID area: 7500.00 m² (5.00% of total area)
  - Impervious area: 75000.00 m² (50.0% of total)
Added 1 LID controls to temp_controls_GR.inp
Added 1 LID usages to temp_GR_ex1.inp
Reset all LID placements
Creating LID placement: LID_GR on 5
  - from_impervious: 11.0% of impervious area
  - LID area: 8250.00 m² (5.50% of total area)
  - Impervious area: 75000.00 m² (50.0% of total)
Added 1 LID controls to temp_controls_GR.inp
Added 1 LID usages to temp_GR_ex1.inp
Reset all LID placements
Creating LID placement: LID_GR on 5
  - from_impervious: 12.0% of impervious area
  - LID area: 9000.00 m² (6.00% of total area)
  - Impervious area: 75000.00 m² (50.0% of total)
Added 1 LID controls to temp_controls_GR.inp
Added 1 LID usages to temp_GR_ex1.inp
Reset all LID placements
Creating LID placement: LID_GR on 5
  - from_impervious: 13.0% of impervious area
  - LID area: 9750.00 m² (6.50% of total area)
  - Impervious area: 75000.00 m² (50.0% of total)
Added 1 LID controls to temp_controls_GR.inp
Added 1 LID usages to temp_GR_ex1.inp
Reset all LID placements
Creating LID placement: LID_GR on 5
  - from_impervious: 14.0% of impervious area
  - LID area: 10500.00 m² (7.00% of total area)
  - Impervious area: 75000.00 m² (50.0% of total)
Added 1 LID controls to temp_controls_GR.inp
Added 1 LID usages to temp_GR_ex1.inp
Reset all LID placements
Creating LID placement: LID_GR on 5
  - from_impervious: 15.0% of impervious area
  - LID area: 11250.00 m² (7.50% of total area)
  - Impervious area: 75000.00 m² (50.0% of total)
Added 1 LID controls to temp_controls_GR.inp
Added 1 LID usages to temp_GR_ex1.inp
Reset all LID placements
Creating LID placement: LID_GR on 5
  - from_impervious: 16.0% of impervious area
  - LID area: 12000.00 m² (8.00% of total area)
  - Impervious area: 75000.00 m² (50.0% of total)
Added 1 LID controls to temp_controls_GR.inp
Added 1 LID usages to temp_GR_ex1.inp
Reset all LID placements
Creating LID placement: LID_GR on 5
  - from_impervious: 17.0% of impervious area
  - LID area: 12750.00 m² (8.50% of total area)
  - Impervious area: 75000.00 m² (50.0% of total)
Added 1 LID controls to temp_controls_GR.inp
Added 1 LID usages to temp_GR_ex1.inp
Reset all LID placements
Creating LID placement: LID_GR on 5
  - from_impervious: 18.0% of impervious area
  - LID area: 13500.00 m² (9.00% of total area)
  - Impervious area: 75000.00 m² (50.0% of total)
Added 1 LID controls to temp_controls_GR.inp
Added 1 LID usages to temp_GR_ex1.inp
Reset all LID placements
Creating LID placement: LID_GR on 5
  - from_impervious: 19.0% of impervious area
  - LID area: 14250.00 m² (9.50% of total area)
  - Impervious area: 75000.00 m² (50.0% of total)
Added 1 LID controls to temp_controls_GR.inp
Added 1 LID usages to temp_GR_ex1.inp
  Simulating 20%
Reset all LID placements
Creating LID placement: LID_GR on 5
  - from_impervious: 20.0% of impervious area
  - LID area: 15000.00 m² (10.00% of total area)
  - Impervious area: 75000.00 m² (50.0% of total)
Added 1 LID controls to temp_controls_GR.inp
Added 1 LID usages to temp_GR_ex1.inp
Reset all LID placements
Creating LID placement: LID_GR on 5
  - from_impervious: 21.0% of impervious area
  - LID area: 15750.00 m² (10.50% of total area)
  - Impervious area: 75000.00 m² (50.0% of total)
Added 1 LID controls to temp_controls_GR.inp
Added 1 LID usages to temp_GR_ex1.inp
Reset all LID placements
Creating LID placement: LID_GR on 5
  - from_impervious: 22.0% of impervious area
  - LID area: 16500.00 m² (11.00% of total area)
  - Impervious area: 75000.00 m² (50.0% of total)
Added 1 LID controls to temp_controls_GR.inp
Added 1 LID usages to temp_GR_ex1.inp
Reset all LID placements
Creating LID placement: LID_GR on 5
  - from_impervious: 23.0% of impervious area
  - LID area: 17250.00 m² (11.50% of total area)
  - Impervious area: 75000.00 m² (50.0% of total)
Added 1 LID controls to temp_controls_GR.inp
Added 1 LID usages to temp_GR_ex1.inp
Reset all LID placements
Creating LID placement: LID_GR on 5
  - from_impervious: 24.0% of impervious area
  - LID area: 18000.00 m² (12.00% of total area)
  - Impervious area: 75000.00 m² (50.0% of total)
Added 1 LID controls to temp_controls_GR.inp
Added 1 LID usages to temp_GR_ex1.inp
Reset all LID placements
Creating LID placement: LID_GR on 5
  - from_impervious: 25.0% of impervious area
  - LID area: 18750.00 m² (12.50% of total area)
  - Impervious area: 75000.00 m² (50.0% of total)
Added 1 LID controls to temp_controls_GR.inp
Added 1 LID usages to temp_GR_ex1.inp
Reset all LID placements
Creating LID placement: LID_GR on 5
  - from_impervious: 26.0% of impervious area
  - LID area: 19500.00 m² (13.00% of total area)
  - Impervious area: 75000.00 m² (50.0% of total)
Added 1 LID controls to temp_controls_GR.inp
Added 1 LID usages to temp_GR_ex1.inp
Reset all LID placements
Creating LID placement: LID_GR on 5
  - from_impervious: 27.0% of impervious area
  - LID area: 20250.00 m² (13.50% of total area)
  - Impervious area: 75000.00 m² (50.0% of total)
Added 1 LID controls to temp_controls_GR.inp
Added 1 LID usages to temp_GR_ex1.inp
Reset all LID placements
Creating LID placement: LID_GR on 5
  - from_impervious: 28.0% of impervious area
  - LID area: 21000.00 m² (14.00% of total area)
  - Impervious area: 75000.00 m² (50.0% of total)
Added 1 LID controls to temp_controls_GR.inp
Added 1 LID usages to temp_GR_ex1.inp
Reset all LID placements
Creating LID placement: LID_GR on 5
  - from_impervious: 29.0% of impervious area
  - LID area: 21750.00 m² (14.50% of total area)
  - Impervious area: 75000.00 m² (50.0% of total)
Added 1 LID controls to temp_controls_GR.inp
Added 1 LID usages to temp_GR_ex1.inp
Reset all LID placements
Creating LID placement: LID_GR on 5
  - from_impervious: 30.0% of impervious area
  - LID area: 22500.00 m² (15.00% of total area)
  - Impervious area: 75000.00 m² (50.0% of total)
Added 1 LID controls to temp_controls_GR.inp
Added 1 LID usages to temp_GR_ex1.inp
Reset all LID placements
Creating LID placement: LID_GR on 5
  - from_impervious: 31.0% of impervious area
  - LID area: 23250.00 m² (15.50% of total area)
  - Impervious area: 75000.00 m² (50.0% of total)
Added 1 LID controls to temp_controls_GR.inp
Added 1 LID usages to temp_GR_ex1.inp
Reset all LID placements
Creating LID placement: LID_GR on 5
  - from_impervious: 32.0% of impervious area
  - LID area: 24000.00 m² (16.00% of total area)
  - Impervious area: 75000.00 m² (50.0% of total)
Added 1 LID controls to temp_controls_GR.inp
Added 1 LID usages to temp_GR_ex1.inp
Reset all LID placements
Creating LID placement: LID_GR on 5
  - from_impervious: 33.0% of impervious area
  - LID area: 24750.00 m² (16.50% of total area)
  - Impervious area: 75000.00 m² (50.0% of total)
Added 1 LID controls to temp_controls_GR.inp
Added 1 LID usages to temp_GR_ex1.inp
Reset all LID placements
Creating LID placement: LID_GR on 5
  - from_impervious: 34.0% of impervious area
  - LID area: 25500.00 m² (17.00% of total area)
  - Impervious area: 75000.00 m² (50.0% of total)
Added 1 LID controls to temp_controls_GR.inp
Added 1 LID usages to temp_GR_ex1.inp
Reset all LID placements
Creating LID placement: LID_GR on 5
  - from_impervious: 35.0% of impervious area
  - LID area: 26250.00 m² (17.50% of total area)
  - Impervious area: 75000.00 m² (50.0% of total)
Added 1 LID controls to temp_controls_GR.inp
Added 1 LID usages to temp_GR_ex1.inp
Reset all LID placements
Creating LID placement: LID_GR on 5
  - from_impervious: 36.0% of impervious area
  - LID area: 27000.00 m² (18.00% of total area)
  - Impervious area: 75000.00 m² (50.0% of total)
Added 1 LID controls to temp_controls_GR.inp
Added 1 LID usages to temp_GR_ex1.inp
Reset all LID placements
Creating LID placement: LID_GR on 5
  - from_impervious: 37.0% of impervious area
  - LID area: 27750.00 m² (18.50% of total area)
  - Impervious area: 75000.00 m² (50.0% of total)
Added 1 LID controls to temp_controls_GR.inp
Added 1 LID usages to temp_GR_ex1.inp
Reset all LID placements
Creating LID placement: LID_GR on 5
  - from_impervious: 38.0% of impervious area
  - LID area: 28500.00 m² (19.00% of total area)
  - Impervious area: 75000.00 m² (50.0% of total)
Added 1 LID controls to temp_controls_GR.inp
Added 1 LID usages to temp_GR_ex1.inp
Reset all LID placements
Creating LID placement: LID_GR on 5
  - from_impervious: 39.0% of impervious area
  - LID area: 29250.00 m² (19.50% of total area)
  - Impervious area: 75000.00 m² (50.0% of total)
Added 1 LID controls to temp_controls_GR.inp
Added 1 LID usages to temp_GR_ex1.inp
  Simulating 40%
Reset all LID placements
Creating LID placement: LID_GR on 5
  - from_impervious: 40.0% of impervious area
  - LID area: 30000.00 m² (20.00% of total area)
  - Impervious area: 75000.00 m² (50.0% of total)
Added 1 LID controls to temp_controls_GR.inp
Added 1 LID usages to temp_GR_ex1.inp
Reset all LID placements
Creating LID placement: LID_GR on 5
  - from_impervious: 41.0% of impervious area
  - LID area: 30750.00 m² (20.50% of total area)
  - Impervious area: 75000.00 m² (50.0% of total)
Added 1 LID controls to temp_controls_GR.inp
Added 1 LID usages to temp_GR_ex1.inp
Reset all LID placements
Creating LID placement: LID_GR on 5
  - from_impervious: 42.0% of impervious area
  - LID area: 31500.00 m² (21.00% of total area)
  - Impervious area: 75000.00 m² (50.0% of total)
Added 1 LID controls to temp_controls_GR.inp
Added 1 LID usages to temp_GR_ex1.inp
Reset all LID placements
Creating LID placement: LID_GR on 5
  - from_impervious: 43.0% of impervious area
  - LID area: 32250.00 m² (21.50% of total area)
  - Impervious area: 75000.00 m² (50.0% of total)
Added 1 LID controls to temp_controls_GR.inp
Added 1 LID usages to temp_GR_ex1.inp
Reset all LID placements
Creating LID placement: LID_GR on 5
  - from_impervious: 44.0% of impervious area
  - LID area: 33000.00 m² (22.00% of total area)
  - Impervious area: 75000.00 m² (50.0% of total)
Added 1 LID controls to temp_controls_GR.inp
Added 1 LID usages to temp_GR_ex1.inp
Reset all LID placements
Creating LID placement: LID_GR on 5
  - from_impervious: 45.0% of impervious area
  - LID area: 33750.00 m² (22.50% of total area)
  - Impervious area: 75000.00 m² (50.0% of total)
Added 1 LID controls to temp_controls_GR.inp
Added 1 LID usages to temp_GR_ex1.inp
Reset all LID placements
Creating LID placement: LID_GR on 5
  - from_impervious: 46.0% of impervious area
  - LID area: 34500.00 m² (23.00% of total area)
  - Impervious area: 75000.00 m² (50.0% of total)
Added 1 LID controls to temp_controls_GR.inp
Added 1 LID usages to temp_GR_ex1.inp
Reset all LID placements
Creating LID placement: LID_GR on 5
  - from_impervious: 47.0% of impervious area
  - LID area: 35250.00 m² (23.50% of total area)
  - Impervious area: 75000.00 m² (50.0% of total)
Added 1 LID controls to temp_controls_GR.inp
Added 1 LID usages to temp_GR_ex1.inp
Reset all LID placements
Creating LID placement: LID_GR on 5
  - from_impervious: 48.0% of impervious area
  - LID area: 36000.00 m² (24.00% of total area)
  - Impervious area: 75000.00 m² (50.0% of total)
Added 1 LID controls to temp_controls_GR.inp
Added 1 LID usages to temp_GR_ex1.inp
Reset all LID placements
Creating LID placement: LID_GR on 5
  - from_impervious: 49.0% of impervious area
  - LID area: 36750.00 m² (24.50% of total area)
  - Impervious area: 75000.00 m² (50.0% of total)
Added 1 LID controls to temp_controls_GR.inp
Added 1 LID usages to temp_GR_ex1.inp
Reset all LID placements
Creating LID placement: LID_GR on 5
  - from_impervious: 50.0% of impervious area
  - LID area: 37500.00 m² (25.00% of total area)
  - Impervious area: 75000.00 m² (50.0% of total)
Added 1 LID controls to temp_controls_GR.inp
Added 1 LID usages to temp_GR_ex1.inp
Reset all LID placements
Creating LID placement: LID_GR on 5
  - from_impervious: 51.0% of impervious area
  - LID area: 38250.00 m² (25.50% of total area)
  - Impervious area: 75000.00 m² (50.0% of total)
Added 1 LID controls to temp_controls_GR.inp
Added 1 LID usages to temp_GR_ex1.inp
Reset all LID placements
Creating LID placement: LID_GR on 5
  - from_impervious: 52.0% of impervious area
  - LID area: 39000.00 m² (26.00% of total area)
  - Impervious area: 75000.00 m² (50.0% of total)
Added 1 LID controls to temp_controls_GR.inp
Added 1 LID usages to temp_GR_ex1.inp
Reset all LID placements
Creating LID placement: LID_GR on 5
  - from_impervious: 53.0% of impervious area
  - LID area: 39750.00 m² (26.50% of total area)
  - Impervious area: 75000.00 m² (50.0% of total)
Added 1 LID controls to temp_controls_GR.inp
Added 1 LID usages to temp_GR_ex1.inp
Reset all LID placements
Creating LID placement: LID_GR on 5
  - from_impervious: 54.0% of impervious area
  - LID area: 40500.00 m² (27.00% of total area)
  - Impervious area: 75000.00 m² (50.0% of total)
Added 1 LID controls to temp_controls_GR.inp
Added 1 LID usages to temp_GR_ex1.inp
Reset all LID placements
Creating LID placement: LID_GR on 5
  - from_impervious: 55.0% of impervious area
  - LID area: 41250.00 m² (27.50% of total area)
  - Impervious area: 75000.00 m² (50.0% of total)
Added 1 LID controls to temp_controls_GR.inp
Added 1 LID usages to temp_GR_ex1.inp
Reset all LID placements
Creating LID placement: LID_GR on 5
  - from_impervious: 56.0% of impervious area
  - LID area: 42000.00 m² (28.00% of total area)
  - Impervious area: 75000.00 m² (50.0% of total)
Added 1 LID controls to temp_controls_GR.inp
Added 1 LID usages to temp_GR_ex1.inp
Reset all LID placements
Creating LID placement: LID_GR on 5
  - from_impervious: 57.0% of impervious area
  - LID area: 42750.00 m² (28.50% of total area)
  - Impervious area: 75000.00 m² (50.0% of total)
Added 1 LID controls to temp_controls_GR.inp
Added 1 LID usages to temp_GR_ex1.inp
Reset all LID placements
Creating LID placement: LID_GR on 5
  - from_impervious: 58.0% of impervious area
  - LID area: 43500.00 m² (29.00% of total area)
  - Impervious area: 75000.00 m² (50.0% of total)
Added 1 LID controls to temp_controls_GR.inp
Added 1 LID usages to temp_GR_ex1.inp
Reset all LID placements
Creating LID placement: LID_GR on 5
  - from_impervious: 59.0% of impervious area
  - LID area: 44250.00 m² (29.50% of total area)
  - Impervious area: 75000.00 m² (50.0% of total)
Added 1 LID controls to temp_controls_GR.inp
Added 1 LID usages to temp_GR_ex1.inp
  Simulating 60%
Reset all LID placements
Creating LID placement: LID_GR on 5
  - from_impervious: 60.0% of impervious area
  - LID area: 45000.00 m² (30.00% of total area)
  - Impervious area: 75000.00 m² (50.0% of total)
Added 1 LID controls to temp_controls_GR.inp
Added 1 LID usages to temp_GR_ex1.inp
Reset all LID placements
Creating LID placement: LID_GR on 5
  - from_impervious: 61.0% of impervious area
  - LID area: 45750.00 m² (30.50% of total area)
  - Impervious area: 75000.00 m² (50.0% of total)
Added 1 LID controls to temp_controls_GR.inp
Added 1 LID usages to temp_GR_ex1.inp
Reset all LID placements
Creating LID placement: LID_GR on 5
  - from_impervious: 62.0% of impervious area
  - LID area: 46500.00 m² (31.00% of total area)
  - Impervious area: 75000.00 m² (50.0% of total)
Added 1 LID controls to temp_controls_GR.inp
Added 1 LID usages to temp_GR_ex1.inp
Reset all LID placements
Creating LID placement: LID_GR on 5
  - from_impervious: 63.0% of impervious area
  - LID area: 47250.00 m² (31.50% of total area)
  - Impervious area: 75000.00 m² (50.0% of total)
Added 1 LID controls to temp_controls_GR.inp
Added 1 LID usages to temp_GR_ex1.inp
Reset all LID placements
Creating LID placement: LID_GR on 5
  - from_impervious: 64.0% of impervious area
  - LID area: 48000.00 m² (32.00% of total area)
  - Impervious area: 75000.00 m² (50.0% of total)
Added 1 LID controls to temp_controls_GR.inp
Added 1 LID usages to temp_GR_ex1.inp
Reset all LID placements
Creating LID placement: LID_GR on 5
  - from_impervious: 65.0% of impervious area
  - LID area: 48750.00 m² (32.50% of total area)
  - Impervious area: 75000.00 m² (50.0% of total)
Added 1 LID controls to temp_controls_GR.inp
Added 1 LID usages to temp_GR_ex1.inp
Reset all LID placements
Creating LID placement: LID_GR on 5
  - from_impervious: 66.0% of impervious area
  - LID area: 49500.00 m² (33.00% of total area)
  - Impervious area: 75000.00 m² (50.0% of total)
Added 1 LID controls to temp_controls_GR.inp
Added 1 LID usages to temp_GR_ex1.inp
Reset all LID placements
Creating LID placement: LID_GR on 5
  - from_impervious: 67.0% of impervious area
  - LID area: 50250.00 m² (33.50% of total area)
  - Impervious area: 75000.00 m² (50.0% of total)
Added 1 LID controls to temp_controls_GR.inp
Added 1 LID usages to temp_GR_ex1.inp
Reset all LID placements
Creating LID placement: LID_GR on 5
  - from_impervious: 68.0% of impervious area
  - LID area: 51000.00 m² (34.00% of total area)
  - Impervious area: 75000.00 m² (50.0% of total)
Added 1 LID controls to temp_controls_GR.inp
Added 1 LID usages to temp_GR_ex1.inp
Reset all LID placements
Creating LID placement: LID_GR on 5
  - from_impervious: 69.0% of impervious area
  - LID area: 51750.00 m² (34.50% of total area)
  - Impervious area: 75000.00 m² (50.0% of total)
Added 1 LID controls to temp_controls_GR.inp
Added 1 LID usages to temp_GR_ex1.inp
Reset all LID placements
Creating LID placement: LID_GR on 5
  - from_impervious: 70.0% of impervious area
  - LID area: 52500.00 m² (35.00% of total area)
  - Impervious area: 75000.00 m² (50.0% of total)
Added 1 LID controls to temp_controls_GR.inp
Added 1 LID usages to temp_GR_ex1.inp
Reset all LID placements
Creating LID placement: LID_GR on 5
  - from_impervious: 71.0% of impervious area
  - LID area: 53250.00 m² (35.50% of total area)
  - Impervious area: 75000.00 m² (50.0% of total)
Added 1 LID controls to temp_controls_GR.inp
Added 1 LID usages to temp_GR_ex1.inp
Reset all LID placements
Creating LID placement: LID_GR on 5
  - from_impervious: 72.0% of impervious area
  - LID area: 54000.00 m² (36.00% of total area)
  - Impervious area: 75000.00 m² (50.0% of total)
Added 1 LID controls to temp_controls_GR.inp
Added 1 LID usages to temp_GR_ex1.inp
Reset all LID placements
Creating LID placement: LID_GR on 5
  - from_impervious: 73.0% of impervious area
  - LID area: 54750.00 m² (36.50% of total area)
  - Impervious area: 75000.00 m² (50.0% of total)
Added 1 LID controls to temp_controls_GR.inp
Added 1 LID usages to temp_GR_ex1.inp
Reset all LID placements
Creating LID placement: LID_GR on 5
  - from_impervious: 74.0% of impervious area
  - LID area: 55500.00 m² (37.00% of total area)
  - Impervious area: 75000.00 m² (50.0% of total)
Added 1 LID controls to temp_controls_GR.inp
Added 1 LID usages to temp_GR_ex1.inp
Reset all LID placements
Creating LID placement: LID_GR on 5
  - from_impervious: 75.0% of impervious area
  - LID area: 56250.00 m² (37.50% of total area)
  - Impervious area: 75000.00 m² (50.0% of total)
Added 1 LID controls to temp_controls_GR.inp
Added 1 LID usages to temp_GR_ex1.inp
Reset all LID placements
Creating LID placement: LID_GR on 5
  - from_impervious: 76.0% of impervious area
  - LID area: 57000.00 m² (38.00% of total area)
  - Impervious area: 75000.00 m² (50.0% of total)
Added 1 LID controls to temp_controls_GR.inp
Added 1 LID usages to temp_GR_ex1.inp
Reset all LID placements
Creating LID placement: LID_GR on 5
  - from_impervious: 77.0% of impervious area
  - LID area: 57750.00 m² (38.50% of total area)
  - Impervious area: 75000.00 m² (50.0% of total)
Added 1 LID controls to temp_controls_GR.inp
Added 1 LID usages to temp_GR_ex1.inp
Reset all LID placements
Creating LID placement: LID_GR on 5
  - from_impervious: 78.0% of impervious area
  - LID area: 58500.00 m² (39.00% of total area)
  - Impervious area: 75000.00 m² (50.0% of total)
Added 1 LID controls to temp_controls_GR.inp
Added 1 LID usages to temp_GR_ex1.inp
Reset all LID placements
Creating LID placement: LID_GR on 5
  - from_impervious: 79.0% of impervious area
  - LID area: 59250.00 m² (39.50% of total area)
  - Impervious area: 75000.00 m² (50.0% of total)
Added 1 LID controls to temp_controls_GR.inp
Added 1 LID usages to temp_GR_ex1.inp
  Simulating 80%
Reset all LID placements
Creating LID placement: LID_GR on 5
  - from_impervious: 80.0% of impervious area
  - LID area: 60000.00 m² (40.00% of total area)
  - Impervious area: 75000.00 m² (50.0% of total)
Added 1 LID controls to temp_controls_GR.inp
Added 1 LID usages to temp_GR_ex1.inp
Reset all LID placements
Creating LID placement: LID_GR on 5
  - from_impervious: 81.0% of impervious area
  - LID area: 60750.00 m² (40.50% of total area)
  - Impervious area: 75000.00 m² (50.0% of total)
Added 1 LID controls to temp_controls_GR.inp
Added 1 LID usages to temp_GR_ex1.inp
Reset all LID placements
Creating LID placement: LID_GR on 5
  - from_impervious: 82.0% of impervious area
  - LID area: 61500.00 m² (41.00% of total area)
  - Impervious area: 75000.00 m² (50.0% of total)
Added 1 LID controls to temp_controls_GR.inp
Added 1 LID usages to temp_GR_ex1.inp
Reset all LID placements
Creating LID placement: LID_GR on 5
  - from_impervious: 83.0% of impervious area
  - LID area: 62250.00 m² (41.50% of total area)
  - Impervious area: 75000.00 m² (50.0% of total)
Added 1 LID controls to temp_controls_GR.inp
Added 1 LID usages to temp_GR_ex1.inp
Reset all LID placements
Creating LID placement: LID_GR on 5
  - from_impervious: 84.0% of impervious area
  - LID area: 63000.00 m² (42.00% of total area)
  - Impervious area: 75000.00 m² (50.0% of total)
Added 1 LID controls to temp_controls_GR.inp
Added 1 LID usages to temp_GR_ex1.inp
Reset all LID placements
Creating LID placement: LID_GR on 5
  - from_impervious: 85.0% of impervious area
  - LID area: 63750.00 m² (42.50% of total area)
  - Impervious area: 75000.00 m² (50.0% of total)
Added 1 LID controls to temp_controls_GR.inp
Added 1 LID usages to temp_GR_ex1.inp
Reset all LID placements
Creating LID placement: LID_GR on 5
  - from_impervious: 86.0% of impervious area
  - LID area: 64500.00 m² (43.00% of total area)
  - Impervious area: 75000.00 m² (50.0% of total)
Added 1 LID controls to temp_controls_GR.inp
Added 1 LID usages to temp_GR_ex1.inp
Reset all LID placements
Creating LID placement: LID_GR on 5
  - from_impervious: 87.0% of impervious area
  - LID area: 65250.00 m² (43.50% of total area)
  - Impervious area: 75000.00 m² (50.0% of total)
Added 1 LID controls to temp_controls_GR.inp
Added 1 LID usages to temp_GR_ex1.inp
Reset all LID placements
Creating LID placement: LID_GR on 5
  - from_impervious: 88.0% of impervious area
  - LID area: 66000.00 m² (44.00% of total area)
  - Impervious area: 75000.00 m² (50.0% of total)
Added 1 LID controls to temp_controls_GR.inp
Added 1 LID usages to temp_GR_ex1.inp
Reset all LID placements
Creating LID placement: LID_GR on 5
  - from_impervious: 89.0% of impervious area
  - LID area: 66750.00 m² (44.50% of total area)
  - Impervious area: 75000.00 m² (50.0% of total)
Added 1 LID controls to temp_controls_GR.inp
Added 1 LID usages to temp_GR_ex1.inp
Reset all LID placements
Creating LID placement: LID_GR on 5
  - from_impervious: 90.0% of impervious area
  - LID area: 67500.00 m² (45.00% of total area)
  - Impervious area: 75000.00 m² (50.0% of total)
Added 1 LID controls to temp_controls_GR.inp
Added 1 LID usages to temp_GR_ex1.inp
Reset all LID placements
Creating LID placement: LID_GR on 5
  - from_impervious: 91.0% of impervious area
  - LID area: 68250.00 m² (45.50% of total area)
  - Impervious area: 75000.00 m² (50.0% of total)
Added 1 LID controls to temp_controls_GR.inp
Added 1 LID usages to temp_GR_ex1.inp
Reset all LID placements
Creating LID placement: LID_GR on 5
  - from_impervious: 92.0% of impervious area
  - LID area: 69000.00 m² (46.00% of total area)
  - Impervious area: 75000.00 m² (50.0% of total)
Added 1 LID controls to temp_controls_GR.inp
Added 1 LID usages to temp_GR_ex1.inp
Reset all LID placements
Creating LID placement: LID_GR on 5
  - from_impervious: 93.0% of impervious area
  - LID area: 69750.00 m² (46.50% of total area)
  - Impervious area: 75000.00 m² (50.0% of total)
Added 1 LID controls to temp_controls_GR.inp
Added 1 LID usages to temp_GR_ex1.inp
Reset all LID placements
Creating LID placement: LID_GR on 5
  - from_impervious: 94.0% of impervious area
  - LID area: 70500.00 m² (47.00% of total area)
  - Impervious area: 75000.00 m² (50.0% of total)
Added 1 LID controls to temp_controls_GR.inp
Added 1 LID usages to temp_GR_ex1.inp
Reset all LID placements
Creating LID placement: LID_GR on 5
  - from_impervious: 95.0% of impervious area
  - LID area: 71250.00 m² (47.50% of total area)
  - Impervious area: 75000.00 m² (50.0% of total)
Added 1 LID controls to temp_controls_GR.inp
Added 1 LID usages to temp_GR_ex1.inp
Reset all LID placements
Creating LID placement: LID_GR on 5
  - from_impervious: 96.0% of impervious area
  - LID area: 72000.00 m² (48.00% of total area)
  - Impervious area: 75000.00 m² (50.0% of total)
Added 1 LID controls to temp_controls_GR.inp
Added 1 LID usages to temp_GR_ex1.inp
Reset all LID placements
Creating LID placement: LID_GR on 5
  - from_impervious: 97.0% of impervious area
  - LID area: 72750.00 m² (48.50% of total area)
  - Impervious area: 75000.00 m² (50.0% of total)
Added 1 LID controls to temp_controls_GR.inp
Added 1 LID usages to temp_GR_ex1.inp
Reset all LID placements
Creating LID placement: LID_GR on 5
  - from_impervious: 98.0% of impervious area
  - LID area: 73500.00 m² (49.00% of total area)
  - Impervious area: 75000.00 m² (50.0% of total)
Added 1 LID controls to temp_controls_GR.inp
Added 1 LID usages to temp_GR_ex1.inp
Reset all LID placements
Creating LID placement: LID_GR on 5
  - from_impervious: 99.0% of impervious area
  - LID area: 74250.00 m² (49.50% of total area)
  - Impervious area: 75000.00 m² (50.0% of total)
Added 1 LID controls to temp_controls_GR.inp
Added 1 LID usages to temp_GR_ex1.inp
  Simulating 100%
Reset all LID placements
Creating LID placement: LID_GR on 5
  - from_impervious: 100.0% of impervious area
  - LID area: 75000.00 m² (50.00% of total area)
  - Impervious area: 75000.00 m² (50.0% of total)
Added 1 LID controls to temp_controls_GR.inp
Added 1 LID usages to temp_GR_ex1.inp
  Data saved to GR_data.csv
  Graph saved to GR_result.png

============================================================
Processing LID Type: Permeable Pavement (PP)
============================================================
Using Custom Parameters for PP
Created LID configuration: LID_PP (LIDType.PERMEABLE_PAVEMENT)
  - Parameters: LIDParameters(surface=[0.1, 0.0, 0.1, 1.0, 5], soil=None, storage=[300, 0.3, 0.5, 0], pavement=[150, 0.15, 0, 100, 0], drain=[0, 0.5, 0, 6, 0, 0], drainmat=None)
  - Life cycle cost per m2: 100000.0
Reset all LID placements
Creating LID placement: LID_PP on 5
  - from_impervious: 1.0% of impervious area
  - LID area: 750.00 m² (0.50% of total area)
  - Impervious area: 75000.00 m² (50.0% of total)
Added 1 LID controls to temp_controls_PP.inp
Added 1 LID usages to temp_PP_ex1.inp
Reset all LID placements
Creating LID placement: LID_PP on 5
  - from_impervious: 2.0% of impervious area
  - LID area: 1500.00 m² (1.00% of total area)
  - Impervious area: 75000.00 m² (50.0% of total)
Added 1 LID controls to temp_controls_PP.inp
Added 1 LID usages to temp_PP_ex1.inp
Reset all LID placements
Creating LID placement: LID_PP on 5
  - from_impervious: 3.0% of impervious area
  - LID area: 2250.00 m² (1.50% of total area)
  - Impervious area: 75000.00 m² (50.0% of total)
Added 1 LID controls to temp_controls_PP.inp
Added 1 LID usages to temp_PP_ex1.inp
Reset all LID placements
Creating LID placement: LID_PP on 5
  - from_impervious: 4.0% of impervious area
  - LID area: 3000.00 m² (2.00% of total area)
  - Impervious area: 75000.00 m² (50.0% of total)
Added 1 LID controls to temp_controls_PP.inp
Added 1 LID usages to temp_PP_ex1.inp
Reset all LID placements
Creating LID placement: LID_PP on 5
  - from_impervious: 5.0% of impervious area
  - LID area: 3750.00 m² (2.50% of total area)
  - Impervious area: 75000.00 m² (50.0% of total)
Added 1 LID controls to temp_controls_PP.inp
Added 1 LID usages to temp_PP_ex1.inp
Reset all LID placements
Creating LID placement: LID_PP on 5
  - from_impervious: 6.0% of impervious area
  - LID area: 4500.00 m² (3.00% of total area)
  - Impervious area: 75000.00 m² (50.0% of total)
Added 1 LID controls to temp_controls_PP.inp
Added 1 LID usages to temp_PP_ex1.inp
Reset all LID placements
Creating LID placement: LID_PP on 5
  - from_impervious: 7.0% of impervious area
  - LID area: 5250.00 m² (3.50% of total area)
  - Impervious area: 75000.00 m² (50.0% of total)
Added 1 LID controls to temp_controls_PP.inp
Added 1 LID usages to temp_PP_ex1.inp
Reset all LID placements
Creating LID placement: LID_PP on 5
  - from_impervious: 8.0% of impervious area
  - LID area: 6000.00 m² (4.00% of total area)
  - Impervious area: 75000.00 m² (50.0% of total)
Added 1 LID controls to temp_controls_PP.inp
Added 1 LID usages to temp_PP_ex1.inp
Reset all LID placements
Creating LID placement: LID_PP on 5
  - from_impervious: 9.0% of impervious area
  - LID area: 6750.00 m² (4.50% of total area)
  - Impervious area: 75000.00 m² (50.0% of total)
Added 1 LID controls to temp_controls_PP.inp
Added 1 LID usages to temp_PP_ex1.inp
Reset all LID placements
Creating LID placement: LID_PP on 5
  - from_impervious: 10.0% of impervious area
  - LID area: 7500.00 m² (5.00% of total area)
  - Impervious area: 75000.00 m² (50.0% of total)
Added 1 LID controls to temp_controls_PP.inp
Added 1 LID usages to temp_PP_ex1.inp
Reset all LID placements
Creating LID placement: LID_PP on 5
  - from_impervious: 11.0% of impervious area
  - LID area: 8250.00 m² (5.50% of total area)
  - Impervious area: 75000.00 m² (50.0% of total)
Added 1 LID controls to temp_controls_PP.inp
Added 1 LID usages to temp_PP_ex1.inp
Reset all LID placements
Creating LID placement: LID_PP on 5
  - from_impervious: 12.0% of impervious area
  - LID area: 9000.00 m² (6.00% of total area)
  - Impervious area: 75000.00 m² (50.0% of total)
Added 1 LID controls to temp_controls_PP.inp
Added 1 LID usages to temp_PP_ex1.inp
Reset all LID placements
Creating LID placement: LID_PP on 5
  - from_impervious: 13.0% of impervious area
  - LID area: 9750.00 m² (6.50% of total area)
  - Impervious area: 75000.00 m² (50.0% of total)
Added 1 LID controls to temp_controls_PP.inp
Added 1 LID usages to temp_PP_ex1.inp
Reset all LID placements
Creating LID placement: LID_PP on 5
  - from_impervious: 14.0% of impervious area
  - LID area: 10500.00 m² (7.00% of total area)
  - Impervious area: 75000.00 m² (50.0% of total)
Added 1 LID controls to temp_controls_PP.inp
Added 1 LID usages to temp_PP_ex1.inp
Reset all LID placements
Creating LID placement: LID_PP on 5
  - from_impervious: 15.0% of impervious area
  - LID area: 11250.00 m² (7.50% of total area)
  - Impervious area: 75000.00 m² (50.0% of total)
Added 1 LID controls to temp_controls_PP.inp
Added 1 LID usages to temp_PP_ex1.inp
Reset all LID placements
Creating LID placement: LID_PP on 5
  - from_impervious: 16.0% of impervious area
  - LID area: 12000.00 m² (8.00% of total area)
  - Impervious area: 75000.00 m² (50.0% of total)
Added 1 LID controls to temp_controls_PP.inp
Added 1 LID usages to temp_PP_ex1.inp
Reset all LID placements
Creating LID placement: LID_PP on 5
  - from_impervious: 17.0% of impervious area
  - LID area: 12750.00 m² (8.50% of total area)
  - Impervious area: 75000.00 m² (50.0% of total)
Added 1 LID controls to temp_controls_PP.inp
Added 1 LID usages to temp_PP_ex1.inp
Reset all LID placements
Creating LID placement: LID_PP on 5
  - from_impervious: 18.0% of impervious area
  - LID area: 13500.00 m² (9.00% of total area)
  - Impervious area: 75000.00 m² (50.0% of total)
Added 1 LID controls to temp_controls_PP.inp
Added 1 LID usages to temp_PP_ex1.inp
Reset all LID placements
Creating LID placement: LID_PP on 5
  - from_impervious: 19.0% of impervious area
  - LID area: 14250.00 m² (9.50% of total area)
  - Impervious area: 75000.00 m² (50.0% of total)
Added 1 LID controls to temp_controls_PP.inp
Added 1 LID usages to temp_PP_ex1.inp
  Simulating 20%
Reset all LID placements
Creating LID placement: LID_PP on 5
  - from_impervious: 20.0% of impervious area
  - LID area: 15000.00 m² (10.00% of total area)
  - Impervious area: 75000.00 m² (50.0% of total)
Added 1 LID controls to temp_controls_PP.inp
Added 1 LID usages to temp_PP_ex1.inp
Reset all LID placements
Creating LID placement: LID_PP on 5
  - from_impervious: 21.0% of impervious area
  - LID area: 15750.00 m² (10.50% of total area)
  - Impervious area: 75000.00 m² (50.0% of total)
Added 1 LID controls to temp_controls_PP.inp
Added 1 LID usages to temp_PP_ex1.inp
Reset all LID placements
Creating LID placement: LID_PP on 5
  - from_impervious: 22.0% of impervious area
  - LID area: 16500.00 m² (11.00% of total area)
  - Impervious area: 75000.00 m² (50.0% of total)
Added 1 LID controls to temp_controls_PP.inp
Added 1 LID usages to temp_PP_ex1.inp
Reset all LID placements
Creating LID placement: LID_PP on 5
  - from_impervious: 23.0% of impervious area
  - LID area: 17250.00 m² (11.50% of total area)
  - Impervious area: 75000.00 m² (50.0% of total)
Added 1 LID controls to temp_controls_PP.inp
Added 1 LID usages to temp_PP_ex1.inp
Reset all LID placements
Creating LID placement: LID_PP on 5
  - from_impervious: 24.0% of impervious area
  - LID area: 18000.00 m² (12.00% of total area)
  - Impervious area: 75000.00 m² (50.0% of total)
Added 1 LID controls to temp_controls_PP.inp
Added 1 LID usages to temp_PP_ex1.inp
Reset all LID placements
Creating LID placement: LID_PP on 5
  - from_impervious: 25.0% of impervious area
  - LID area: 18750.00 m² (12.50% of total area)
  - Impervious area: 75000.00 m² (50.0% of total)
Added 1 LID controls to temp_controls_PP.inp
Added 1 LID usages to temp_PP_ex1.inp
Reset all LID placements
Creating LID placement: LID_PP on 5
  - from_impervious: 26.0% of impervious area
  - LID area: 19500.00 m² (13.00% of total area)
  - Impervious area: 75000.00 m² (50.0% of total)
Added 1 LID controls to temp_controls_PP.inp
Added 1 LID usages to temp_PP_ex1.inp
Reset all LID placements
Creating LID placement: LID_PP on 5
  - from_impervious: 27.0% of impervious area
  - LID area: 20250.00 m² (13.50% of total area)
  - Impervious area: 75000.00 m² (50.0% of total)
Added 1 LID controls to temp_controls_PP.inp
Added 1 LID usages to temp_PP_ex1.inp
Reset all LID placements
Creating LID placement: LID_PP on 5
  - from_impervious: 28.0% of impervious area
  - LID area: 21000.00 m² (14.00% of total area)
  - Impervious area: 75000.00 m² (50.0% of total)
Added 1 LID controls to temp_controls_PP.inp
Added 1 LID usages to temp_PP_ex1.inp
Reset all LID placements
Creating LID placement: LID_PP on 5
  - from_impervious: 29.0% of impervious area
  - LID area: 21750.00 m² (14.50% of total area)
  - Impervious area: 75000.00 m² (50.0% of total)
Added 1 LID controls to temp_controls_PP.inp
Added 1 LID usages to temp_PP_ex1.inp
Reset all LID placements
Creating LID placement: LID_PP on 5
  - from_impervious: 30.0% of impervious area
  - LID area: 22500.00 m² (15.00% of total area)
  - Impervious area: 75000.00 m² (50.0% of total)
Added 1 LID controls to temp_controls_PP.inp
Added 1 LID usages to temp_PP_ex1.inp
Reset all LID placements
Creating LID placement: LID_PP on 5
  - from_impervious: 31.0% of impervious area
  - LID area: 23250.00 m² (15.50% of total area)
  - Impervious area: 75000.00 m² (50.0% of total)
Added 1 LID controls to temp_controls_PP.inp
Added 1 LID usages to temp_PP_ex1.inp
Reset all LID placements
Creating LID placement: LID_PP on 5
  - from_impervious: 32.0% of impervious area
  - LID area: 24000.00 m² (16.00% of total area)
  - Impervious area: 75000.00 m² (50.0% of total)
Added 1 LID controls to temp_controls_PP.inp
Added 1 LID usages to temp_PP_ex1.inp
Reset all LID placements
Creating LID placement: LID_PP on 5
  - from_impervious: 33.0% of impervious area
  - LID area: 24750.00 m² (16.50% of total area)
  - Impervious area: 75000.00 m² (50.0% of total)
Added 1 LID controls to temp_controls_PP.inp
Added 1 LID usages to temp_PP_ex1.inp
Reset all LID placements
Creating LID placement: LID_PP on 5
  - from_impervious: 34.0% of impervious area
  - LID area: 25500.00 m² (17.00% of total area)
  - Impervious area: 75000.00 m² (50.0% of total)
Added 1 LID controls to temp_controls_PP.inp
Added 1 LID usages to temp_PP_ex1.inp
Reset all LID placements
Creating LID placement: LID_PP on 5
  - from_impervious: 35.0% of impervious area
  - LID area: 26250.00 m² (17.50% of total area)
  - Impervious area: 75000.00 m² (50.0% of total)
Added 1 LID controls to temp_controls_PP.inp
Added 1 LID usages to temp_PP_ex1.inp
Reset all LID placements
Creating LID placement: LID_PP on 5
  - from_impervious: 36.0% of impervious area
  - LID area: 27000.00 m² (18.00% of total area)
  - Impervious area: 75000.00 m² (50.0% of total)
Added 1 LID controls to temp_controls_PP.inp
Added 1 LID usages to temp_PP_ex1.inp
Reset all LID placements
Creating LID placement: LID_PP on 5
  - from_impervious: 37.0% of impervious area
  - LID area: 27750.00 m² (18.50% of total area)
  - Impervious area: 75000.00 m² (50.0% of total)
Added 1 LID controls to temp_controls_PP.inp
Added 1 LID usages to temp_PP_ex1.inp
Reset all LID placements
Creating LID placement: LID_PP on 5
  - from_impervious: 38.0% of impervious area
  - LID area: 28500.00 m² (19.00% of total area)
  - Impervious area: 75000.00 m² (50.0% of total)
Added 1 LID controls to temp_controls_PP.inp
Added 1 LID usages to temp_PP_ex1.inp
Reset all LID placements
Creating LID placement: LID_PP on 5
  - from_impervious: 39.0% of impervious area
  - LID area: 29250.00 m² (19.50% of total area)
  - Impervious area: 75000.00 m² (50.0% of total)
Added 1 LID controls to temp_controls_PP.inp
Added 1 LID usages to temp_PP_ex1.inp
  Simulating 40%
Reset all LID placements
Creating LID placement: LID_PP on 5
  - from_impervious: 40.0% of impervious area
  - LID area: 30000.00 m² (20.00% of total area)
  - Impervious area: 75000.00 m² (50.0% of total)
Added 1 LID controls to temp_controls_PP.inp
Added 1 LID usages to temp_PP_ex1.inp
Reset all LID placements
Creating LID placement: LID_PP on 5
  - from_impervious: 41.0% of impervious area
  - LID area: 30750.00 m² (20.50% of total area)
  - Impervious area: 75000.00 m² (50.0% of total)
Added 1 LID controls to temp_controls_PP.inp
Added 1 LID usages to temp_PP_ex1.inp
Reset all LID placements
Creating LID placement: LID_PP on 5
  - from_impervious: 42.0% of impervious area
  - LID area: 31500.00 m² (21.00% of total area)
  - Impervious area: 75000.00 m² (50.0% of total)
Added 1 LID controls to temp_controls_PP.inp
Added 1 LID usages to temp_PP_ex1.inp
Reset all LID placements
Creating LID placement: LID_PP on 5
  - from_impervious: 43.0% of impervious area
  - LID area: 32250.00 m² (21.50% of total area)
  - Impervious area: 75000.00 m² (50.0% of total)
Added 1 LID controls to temp_controls_PP.inp
Added 1 LID usages to temp_PP_ex1.inp
Reset all LID placements
Creating LID placement: LID_PP on 5
  - from_impervious: 44.0% of impervious area
  - LID area: 33000.00 m² (22.00% of total area)
  - Impervious area: 75000.00 m² (50.0% of total)
Added 1 LID controls to temp_controls_PP.inp
Added 1 LID usages to temp_PP_ex1.inp
Reset all LID placements
Creating LID placement: LID_PP on 5
  - from_impervious: 45.0% of impervious area
  - LID area: 33750.00 m² (22.50% of total area)
  - Impervious area: 75000.00 m² (50.0% of total)
Added 1 LID controls to temp_controls_PP.inp
Added 1 LID usages to temp_PP_ex1.inp
Reset all LID placements
Creating LID placement: LID_PP on 5
  - from_impervious: 46.0% of impervious area
  - LID area: 34500.00 m² (23.00% of total area)
  - Impervious area: 75000.00 m² (50.0% of total)
Added 1 LID controls to temp_controls_PP.inp
Added 1 LID usages to temp_PP_ex1.inp
Reset all LID placements
Creating LID placement: LID_PP on 5
  - from_impervious: 47.0% of impervious area
  - LID area: 35250.00 m² (23.50% of total area)
  - Impervious area: 75000.00 m² (50.0% of total)
Added 1 LID controls to temp_controls_PP.inp
Added 1 LID usages to temp_PP_ex1.inp
Reset all LID placements
Creating LID placement: LID_PP on 5
  - from_impervious: 48.0% of impervious area
  - LID area: 36000.00 m² (24.00% of total area)
  - Impervious area: 75000.00 m² (50.0% of total)
Added 1 LID controls to temp_controls_PP.inp
Added 1 LID usages to temp_PP_ex1.inp
Reset all LID placements
Creating LID placement: LID_PP on 5
  - from_impervious: 49.0% of impervious area
  - LID area: 36750.00 m² (24.50% of total area)
  - Impervious area: 75000.00 m² (50.0% of total)
Added 1 LID controls to temp_controls_PP.inp
Added 1 LID usages to temp_PP_ex1.inp
Reset all LID placements
Creating LID placement: LID_PP on 5
  - from_impervious: 50.0% of impervious area
  - LID area: 37500.00 m² (25.00% of total area)
  - Impervious area: 75000.00 m² (50.0% of total)
Added 1 LID controls to temp_controls_PP.inp
Added 1 LID usages to temp_PP_ex1.inp
Reset all LID placements
Creating LID placement: LID_PP on 5
  - from_impervious: 51.0% of impervious area
  - LID area: 38250.00 m² (25.50% of total area)
  - Impervious area: 75000.00 m² (50.0% of total)
Added 1 LID controls to temp_controls_PP.inp
Added 1 LID usages to temp_PP_ex1.inp
Reset all LID placements
Creating LID placement: LID_PP on 5
  - from_impervious: 52.0% of impervious area
  - LID area: 39000.00 m² (26.00% of total area)
  - Impervious area: 75000.00 m² (50.0% of total)
Added 1 LID controls to temp_controls_PP.inp
Added 1 LID usages to temp_PP_ex1.inp
Reset all LID placements
Creating LID placement: LID_PP on 5
  - from_impervious: 53.0% of impervious area
  - LID area: 39750.00 m² (26.50% of total area)
  - Impervious area: 75000.00 m² (50.0% of total)
Added 1 LID controls to temp_controls_PP.inp
Added 1 LID usages to temp_PP_ex1.inp
Reset all LID placements
Creating LID placement: LID_PP on 5
  - from_impervious: 54.0% of impervious area
  - LID area: 40500.00 m² (27.00% of total area)
  - Impervious area: 75000.00 m² (50.0% of total)
Added 1 LID controls to temp_controls_PP.inp
Added 1 LID usages to temp_PP_ex1.inp
Reset all LID placements
Creating LID placement: LID_PP on 5
  - from_impervious: 55.0% of impervious area
  - LID area: 41250.00 m² (27.50% of total area)
  - Impervious area: 75000.00 m² (50.0% of total)
Added 1 LID controls to temp_controls_PP.inp
Added 1 LID usages to temp_PP_ex1.inp
Reset all LID placements
Creating LID placement: LID_PP on 5
  - from_impervious: 56.0% of impervious area
  - LID area: 42000.00 m² (28.00% of total area)
  - Impervious area: 75000.00 m² (50.0% of total)
Added 1 LID controls to temp_controls_PP.inp
Added 1 LID usages to temp_PP_ex1.inp
Reset all LID placements
Creating LID placement: LID_PP on 5
  - from_impervious: 57.0% of impervious area
  - LID area: 42750.00 m² (28.50% of total area)
  - Impervious area: 75000.00 m² (50.0% of total)
Added 1 LID controls to temp_controls_PP.inp
Added 1 LID usages to temp_PP_ex1.inp
Reset all LID placements
Creating LID placement: LID_PP on 5
  - from_impervious: 58.0% of impervious area
  - LID area: 43500.00 m² (29.00% of total area)
  - Impervious area: 75000.00 m² (50.0% of total)
Added 1 LID controls to temp_controls_PP.inp
Added 1 LID usages to temp_PP_ex1.inp
Reset all LID placements
Creating LID placement: LID_PP on 5
  - from_impervious: 59.0% of impervious area
  - LID area: 44250.00 m² (29.50% of total area)
  - Impervious area: 75000.00 m² (50.0% of total)
Added 1 LID controls to temp_controls_PP.inp
Added 1 LID usages to temp_PP_ex1.inp
  Simulating 60%
Reset all LID placements
Creating LID placement: LID_PP on 5
  - from_impervious: 60.0% of impervious area
  - LID area: 45000.00 m² (30.00% of total area)
  - Impervious area: 75000.00 m² (50.0% of total)
Added 1 LID controls to temp_controls_PP.inp
Added 1 LID usages to temp_PP_ex1.inp
Reset all LID placements
Creating LID placement: LID_PP on 5
  - from_impervious: 61.0% of impervious area
  - LID area: 45750.00 m² (30.50% of total area)
  - Impervious area: 75000.00 m² (50.0% of total)
Added 1 LID controls to temp_controls_PP.inp
Added 1 LID usages to temp_PP_ex1.inp
Reset all LID placements
Creating LID placement: LID_PP on 5
  - from_impervious: 62.0% of impervious area
  - LID area: 46500.00 m² (31.00% of total area)
  - Impervious area: 75000.00 m² (50.0% of total)
Added 1 LID controls to temp_controls_PP.inp
Added 1 LID usages to temp_PP_ex1.inp
Reset all LID placements
Creating LID placement: LID_PP on 5
  - from_impervious: 63.0% of impervious area
  - LID area: 47250.00 m² (31.50% of total area)
  - Impervious area: 75000.00 m² (50.0% of total)
Added 1 LID controls to temp_controls_PP.inp
Added 1 LID usages to temp_PP_ex1.inp
Reset all LID placements
Creating LID placement: LID_PP on 5
  - from_impervious: 64.0% of impervious area
  - LID area: 48000.00 m² (32.00% of total area)
  - Impervious area: 75000.00 m² (50.0% of total)
Added 1 LID controls to temp_controls_PP.inp
Added 1 LID usages to temp_PP_ex1.inp
Reset all LID placements
Creating LID placement: LID_PP on 5
  - from_impervious: 65.0% of impervious area
  - LID area: 48750.00 m² (32.50% of total area)
  - Impervious area: 75000.00 m² (50.0% of total)
Added 1 LID controls to temp_controls_PP.inp
Added 1 LID usages to temp_PP_ex1.inp
Reset all LID placements
Creating LID placement: LID_PP on 5
  - from_impervious: 66.0% of impervious area
  - LID area: 49500.00 m² (33.00% of total area)
  - Impervious area: 75000.00 m² (50.0% of total)
Added 1 LID controls to temp_controls_PP.inp
Added 1 LID usages to temp_PP_ex1.inp
Reset all LID placements
Creating LID placement: LID_PP on 5
  - from_impervious: 67.0% of impervious area
  - LID area: 50250.00 m² (33.50% of total area)
  - Impervious area: 75000.00 m² (50.0% of total)
Added 1 LID controls to temp_controls_PP.inp
Added 1 LID usages to temp_PP_ex1.inp
Reset all LID placements
Creating LID placement: LID_PP on 5
  - from_impervious: 68.0% of impervious area
  - LID area: 51000.00 m² (34.00% of total area)
  - Impervious area: 75000.00 m² (50.0% of total)
Added 1 LID controls to temp_controls_PP.inp
Added 1 LID usages to temp_PP_ex1.inp
Reset all LID placements
Creating LID placement: LID_PP on 5
  - from_impervious: 69.0% of impervious area
  - LID area: 51750.00 m² (34.50% of total area)
  - Impervious area: 75000.00 m² (50.0% of total)
Added 1 LID controls to temp_controls_PP.inp
Added 1 LID usages to temp_PP_ex1.inp
Reset all LID placements
Creating LID placement: LID_PP on 5
  - from_impervious: 70.0% of impervious area
  - LID area: 52500.00 m² (35.00% of total area)
  - Impervious area: 75000.00 m² (50.0% of total)
Added 1 LID controls to temp_controls_PP.inp
Added 1 LID usages to temp_PP_ex1.inp
Reset all LID placements
Creating LID placement: LID_PP on 5
  - from_impervious: 71.0% of impervious area
  - LID area: 53250.00 m² (35.50% of total area)
  - Impervious area: 75000.00 m² (50.0% of total)
Added 1 LID controls to temp_controls_PP.inp
Added 1 LID usages to temp_PP_ex1.inp
Reset all LID placements
Creating LID placement: LID_PP on 5
  - from_impervious: 72.0% of impervious area
  - LID area: 54000.00 m² (36.00% of total area)
  - Impervious area: 75000.00 m² (50.0% of total)
Added 1 LID controls to temp_controls_PP.inp
Added 1 LID usages to temp_PP_ex1.inp
Reset all LID placements
Creating LID placement: LID_PP on 5
  - from_impervious: 73.0% of impervious area
  - LID area: 54750.00 m² (36.50% of total area)
  - Impervious area: 75000.00 m² (50.0% of total)
Added 1 LID controls to temp_controls_PP.inp
Added 1 LID usages to temp_PP_ex1.inp
Reset all LID placements
Creating LID placement: LID_PP on 5
  - from_impervious: 74.0% of impervious area
  - LID area: 55500.00 m² (37.00% of total area)
  - Impervious area: 75000.00 m² (50.0% of total)
Added 1 LID controls to temp_controls_PP.inp
Added 1 LID usages to temp_PP_ex1.inp
Reset all LID placements
Creating LID placement: LID_PP on 5
  - from_impervious: 75.0% of impervious area
  - LID area: 56250.00 m² (37.50% of total area)
  - Impervious area: 75000.00 m² (50.0% of total)
Added 1 LID controls to temp_controls_PP.inp
Added 1 LID usages to temp_PP_ex1.inp
Reset all LID placements
Creating LID placement: LID_PP on 5
  - from_impervious: 76.0% of impervious area
  - LID area: 57000.00 m² (38.00% of total area)
  - Impervious area: 75000.00 m² (50.0% of total)
Added 1 LID controls to temp_controls_PP.inp
Added 1 LID usages to temp_PP_ex1.inp
Reset all LID placements
Creating LID placement: LID_PP on 5
  - from_impervious: 77.0% of impervious area
  - LID area: 57750.00 m² (38.50% of total area)
  - Impervious area: 75000.00 m² (50.0% of total)
Added 1 LID controls to temp_controls_PP.inp
Added 1 LID usages to temp_PP_ex1.inp
Reset all LID placements
Creating LID placement: LID_PP on 5
  - from_impervious: 78.0% of impervious area
  - LID area: 58500.00 m² (39.00% of total area)
  - Impervious area: 75000.00 m² (50.0% of total)
Added 1 LID controls to temp_controls_PP.inp
Added 1 LID usages to temp_PP_ex1.inp
Reset all LID placements
Creating LID placement: LID_PP on 5
  - from_impervious: 79.0% of impervious area
  - LID area: 59250.00 m² (39.50% of total area)
  - Impervious area: 75000.00 m² (50.0% of total)
Added 1 LID controls to temp_controls_PP.inp
Added 1 LID usages to temp_PP_ex1.inp
  Simulating 80%
Reset all LID placements
Creating LID placement: LID_PP on 5
  - from_impervious: 80.0% of impervious area
  - LID area: 60000.00 m² (40.00% of total area)
  - Impervious area: 75000.00 m² (50.0% of total)
Added 1 LID controls to temp_controls_PP.inp
Added 1 LID usages to temp_PP_ex1.inp
Reset all LID placements
Creating LID placement: LID_PP on 5
  - from_impervious: 81.0% of impervious area
  - LID area: 60750.00 m² (40.50% of total area)
  - Impervious area: 75000.00 m² (50.0% of total)
Added 1 LID controls to temp_controls_PP.inp
Added 1 LID usages to temp_PP_ex1.inp
Reset all LID placements
Creating LID placement: LID_PP on 5
  - from_impervious: 82.0% of impervious area
  - LID area: 61500.00 m² (41.00% of total area)
  - Impervious area: 75000.00 m² (50.0% of total)
Added 1 LID controls to temp_controls_PP.inp
Added 1 LID usages to temp_PP_ex1.inp
Reset all LID placements
Creating LID placement: LID_PP on 5
  - from_impervious: 83.0% of impervious area
  - LID area: 62250.00 m² (41.50% of total area)
  - Impervious area: 75000.00 m² (50.0% of total)
Added 1 LID controls to temp_controls_PP.inp
Added 1 LID usages to temp_PP_ex1.inp
Reset all LID placements
Creating LID placement: LID_PP on 5
  - from_impervious: 84.0% of impervious area
  - LID area: 63000.00 m² (42.00% of total area)
  - Impervious area: 75000.00 m² (50.0% of total)
Added 1 LID controls to temp_controls_PP.inp
Added 1 LID usages to temp_PP_ex1.inp
Reset all LID placements
Creating LID placement: LID_PP on 5
  - from_impervious: 85.0% of impervious area
  - LID area: 63750.00 m² (42.50% of total area)
  - Impervious area: 75000.00 m² (50.0% of total)
Added 1 LID controls to temp_controls_PP.inp
Added 1 LID usages to temp_PP_ex1.inp
Reset all LID placements
Creating LID placement: LID_PP on 5
  - from_impervious: 86.0% of impervious area
  - LID area: 64500.00 m² (43.00% of total area)
  - Impervious area: 75000.00 m² (50.0% of total)
Added 1 LID controls to temp_controls_PP.inp
Added 1 LID usages to temp_PP_ex1.inp
Reset all LID placements
Creating LID placement: LID_PP on 5
  - from_impervious: 87.0% of impervious area
  - LID area: 65250.00 m² (43.50% of total area)
  - Impervious area: 75000.00 m² (50.0% of total)
Added 1 LID controls to temp_controls_PP.inp
Added 1 LID usages to temp_PP_ex1.inp
Reset all LID placements
Creating LID placement: LID_PP on 5
  - from_impervious: 88.0% of impervious area
  - LID area: 66000.00 m² (44.00% of total area)
  - Impervious area: 75000.00 m² (50.0% of total)
Added 1 LID controls to temp_controls_PP.inp
Added 1 LID usages to temp_PP_ex1.inp
Reset all LID placements
Creating LID placement: LID_PP on 5
  - from_impervious: 89.0% of impervious area
  - LID area: 66750.00 m² (44.50% of total area)
  - Impervious area: 75000.00 m² (50.0% of total)
Added 1 LID controls to temp_controls_PP.inp
Added 1 LID usages to temp_PP_ex1.inp
Reset all LID placements
Creating LID placement: LID_PP on 5
  - from_impervious: 90.0% of impervious area
  - LID area: 67500.00 m² (45.00% of total area)
  - Impervious area: 75000.00 m² (50.0% of total)
Added 1 LID controls to temp_controls_PP.inp
Added 1 LID usages to temp_PP_ex1.inp
Reset all LID placements
Creating LID placement: LID_PP on 5
  - from_impervious: 91.0% of impervious area
  - LID area: 68250.00 m² (45.50% of total area)
  - Impervious area: 75000.00 m² (50.0% of total)
Added 1 LID controls to temp_controls_PP.inp
Added 1 LID usages to temp_PP_ex1.inp
Reset all LID placements
Creating LID placement: LID_PP on 5
  - from_impervious: 92.0% of impervious area
  - LID area: 69000.00 m² (46.00% of total area)
  - Impervious area: 75000.00 m² (50.0% of total)
Added 1 LID controls to temp_controls_PP.inp
Added 1 LID usages to temp_PP_ex1.inp
Reset all LID placements
Creating LID placement: LID_PP on 5
  - from_impervious: 93.0% of impervious area
  - LID area: 69750.00 m² (46.50% of total area)
  - Impervious area: 75000.00 m² (50.0% of total)
Added 1 LID controls to temp_controls_PP.inp
Added 1 LID usages to temp_PP_ex1.inp
Reset all LID placements
Creating LID placement: LID_PP on 5
  - from_impervious: 94.0% of impervious area
  - LID area: 70500.00 m² (47.00% of total area)
  - Impervious area: 75000.00 m² (50.0% of total)
Added 1 LID controls to temp_controls_PP.inp
Added 1 LID usages to temp_PP_ex1.inp
Reset all LID placements
Creating LID placement: LID_PP on 5
  - from_impervious: 95.0% of impervious area
  - LID area: 71250.00 m² (47.50% of total area)
  - Impervious area: 75000.00 m² (50.0% of total)
Added 1 LID controls to temp_controls_PP.inp
Added 1 LID usages to temp_PP_ex1.inp
Reset all LID placements
Creating LID placement: LID_PP on 5
  - from_impervious: 96.0% of impervious area
  - LID area: 72000.00 m² (48.00% of total area)
  - Impervious area: 75000.00 m² (50.0% of total)
Added 1 LID controls to temp_controls_PP.inp
Added 1 LID usages to temp_PP_ex1.inp
Reset all LID placements
Creating LID placement: LID_PP on 5
  - from_impervious: 97.0% of impervious area
  - LID area: 72750.00 m² (48.50% of total area)
  - Impervious area: 75000.00 m² (50.0% of total)
Added 1 LID controls to temp_controls_PP.inp
Added 1 LID usages to temp_PP_ex1.inp
Reset all LID placements
Creating LID placement: LID_PP on 5
  - from_impervious: 98.0% of impervious area
  - LID area: 73500.00 m² (49.00% of total area)
  - Impervious area: 75000.00 m² (50.0% of total)
Added 1 LID controls to temp_controls_PP.inp
Added 1 LID usages to temp_PP_ex1.inp
Reset all LID placements
Creating LID placement: LID_PP on 5
  - from_impervious: 99.0% of impervious area
  - LID area: 74250.00 m² (49.50% of total area)
  - Impervious area: 75000.00 m² (50.0% of total)
Added 1 LID controls to temp_controls_PP.inp
Added 1 LID usages to temp_PP_ex1.inp
  Simulating 100%
Reset all LID placements
Creating LID placement: LID_PP on 5
  - from_impervious: 100.0% of impervious area
  - LID area: 75000.00 m² (50.00% of total area)
  - Impervious area: 75000.00 m² (50.0% of total)
Added 1 LID controls to temp_controls_PP.inp
Added 1 LID usages to temp_PP_ex1.inp
  Data saved to PP_data.csv
  Graph saved to PP_result.png

============================================================
Processing LID Type: Infiltration Trench (IT)
============================================================
Using Default Parameters
Created LID configuration: LID_IT (LIDType.INFILTRATION_TRENCH)
  - Parameters: LIDParameters(surface=[150, 0.1, 0.1, 1, 0], soil=None, storage=[150, 0.75, 0.5, 0, 'NO'], pavement=None, drain=[0, 0.5, 6, 6, 0, 0], drainmat=None)
  - Life cycle cost per m2: 100000.0
Reset all LID placements
Creating LID placement: LID_IT on 5
  - from_impervious: 1.0% of impervious area
  - LID area: 750.00 m² (0.50% of total area)
  - Impervious area: 75000.00 m² (50.0% of total)
Added 1 LID controls to temp_controls_IT.inp
Added 1 LID usages to temp_IT_ex1.inp
Reset all LID placements
Creating LID placement: LID_IT on 5
  - from_impervious: 2.0% of impervious area
  - LID area: 1500.00 m² (1.00% of total area)
  - Impervious area: 75000.00 m² (50.0% of total)
Added 1 LID controls to temp_controls_IT.inp
Added 1 LID usages to temp_IT_ex1.inp
Reset all LID placements
Creating LID placement: LID_IT on 5
  - from_impervious: 3.0% of impervious area
  - LID area: 2250.00 m² (1.50% of total area)
  - Impervious area: 75000.00 m² (50.0% of total)
Added 1 LID controls to temp_controls_IT.inp
Added 1 LID usages to temp_IT_ex1.inp
Reset all LID placements
Creating LID placement: LID_IT on 5
  - from_impervious: 4.0% of impervious area
  - LID area: 3000.00 m² (2.00% of total area)
  - Impervious area: 75000.00 m² (50.0% of total)
Added 1 LID controls to temp_controls_IT.inp
Added 1 LID usages to temp_IT_ex1.inp
Reset all LID placements
Creating LID placement: LID_IT on 5
  - from_impervious: 5.0% of impervious area
  - LID area: 3750.00 m² (2.50% of total area)
  - Impervious area: 75000.00 m² (50.0% of total)
Added 1 LID controls to temp_controls_IT.inp
Added 1 LID usages to temp_IT_ex1.inp
Reset all LID placements
Creating LID placement: LID_IT on 5
  - from_impervious: 6.0% of impervious area
  - LID area: 4500.00 m² (3.00% of total area)
  - Impervious area: 75000.00 m² (50.0% of total)
Added 1 LID controls to temp_controls_IT.inp
Added 1 LID usages to temp_IT_ex1.inp
Reset all LID placements
Creating LID placement: LID_IT on 5
  - from_impervious: 7.0% of impervious area
  - LID area: 5250.00 m² (3.50% of total area)
  - Impervious area: 75000.00 m² (50.0% of total)
Added 1 LID controls to temp_controls_IT.inp
Added 1 LID usages to temp_IT_ex1.inp
Reset all LID placements
Creating LID placement: LID_IT on 5
  - from_impervious: 8.0% of impervious area
  - LID area: 6000.00 m² (4.00% of total area)
  - Impervious area: 75000.00 m² (50.0% of total)
Added 1 LID controls to temp_controls_IT.inp
Added 1 LID usages to temp_IT_ex1.inp
Reset all LID placements
Creating LID placement: LID_IT on 5
  - from_impervious: 9.0% of impervious area
  - LID area: 6750.00 m² (4.50% of total area)
  - Impervious area: 75000.00 m² (50.0% of total)
Added 1 LID controls to temp_controls_IT.inp
Added 1 LID usages to temp_IT_ex1.inp
Reset all LID placements
Creating LID placement: LID_IT on 5
  - from_impervious: 10.0% of impervious area
  - LID area: 7500.00 m² (5.00% of total area)
  - Impervious area: 75000.00 m² (50.0% of total)
Added 1 LID controls to temp_controls_IT.inp
Added 1 LID usages to temp_IT_ex1.inp
Reset all LID placements
Creating LID placement: LID_IT on 5
  - from_impervious: 11.0% of impervious area
  - LID area: 8250.00 m² (5.50% of total area)
  - Impervious area: 75000.00 m² (50.0% of total)
Added 1 LID controls to temp_controls_IT.inp
Added 1 LID usages to temp_IT_ex1.inp
Reset all LID placements
Creating LID placement: LID_IT on 5
  - from_impervious: 12.0% of impervious area
  - LID area: 9000.00 m² (6.00% of total area)
  - Impervious area: 75000.00 m² (50.0% of total)
Added 1 LID controls to temp_controls_IT.inp
Added 1 LID usages to temp_IT_ex1.inp
Reset all LID placements
Creating LID placement: LID_IT on 5
  - from_impervious: 13.0% of impervious area
  - LID area: 9750.00 m² (6.50% of total area)
  - Impervious area: 75000.00 m² (50.0% of total)
Added 1 LID controls to temp_controls_IT.inp
Added 1 LID usages to temp_IT_ex1.inp
Reset all LID placements
Creating LID placement: LID_IT on 5
  - from_impervious: 14.0% of impervious area
  - LID area: 10500.00 m² (7.00% of total area)
  - Impervious area: 75000.00 m² (50.0% of total)
Added 1 LID controls to temp_controls_IT.inp
Added 1 LID usages to temp_IT_ex1.inp
Reset all LID placements
Creating LID placement: LID_IT on 5
  - from_impervious: 15.0% of impervious area
  - LID area: 11250.00 m² (7.50% of total area)
  - Impervious area: 75000.00 m² (50.0% of total)
Added 1 LID controls to temp_controls_IT.inp
Added 1 LID usages to temp_IT_ex1.inp
Reset all LID placements
Creating LID placement: LID_IT on 5
  - from_impervious: 16.0% of impervious area
  - LID area: 12000.00 m² (8.00% of total area)
  - Impervious area: 75000.00 m² (50.0% of total)
Added 1 LID controls to temp_controls_IT.inp
Added 1 LID usages to temp_IT_ex1.inp
Reset all LID placements
Creating LID placement: LID_IT on 5
  - from_impervious: 17.0% of impervious area
  - LID area: 12750.00 m² (8.50% of total area)
  - Impervious area: 75000.00 m² (50.0% of total)
Added 1 LID controls to temp_controls_IT.inp
Added 1 LID usages to temp_IT_ex1.inp
Reset all LID placements
Creating LID placement: LID_IT on 5
  - from_impervious: 18.0% of impervious area
  - LID area: 13500.00 m² (9.00% of total area)
  - Impervious area: 75000.00 m² (50.0% of total)
Added 1 LID controls to temp_controls_IT.inp
Added 1 LID usages to temp_IT_ex1.inp
Reset all LID placements
Creating LID placement: LID_IT on 5
  - from_impervious: 19.0% of impervious area
  - LID area: 14250.00 m² (9.50% of total area)
  - Impervious area: 75000.00 m² (50.0% of total)
Added 1 LID controls to temp_controls_IT.inp
Added 1 LID usages to temp_IT_ex1.inp
  Simulating 20%
Reset all LID placements
Creating LID placement: LID_IT on 5
  - from_impervious: 20.0% of impervious area
  - LID area: 15000.00 m² (10.00% of total area)
  - Impervious area: 75000.00 m² (50.0% of total)
Added 1 LID controls to temp_controls_IT.inp
Added 1 LID usages to temp_IT_ex1.inp
Reset all LID placements
Creating LID placement: LID_IT on 5
  - from_impervious: 21.0% of impervious area
  - LID area: 15750.00 m² (10.50% of total area)
  - Impervious area: 75000.00 m² (50.0% of total)
Added 1 LID controls to temp_controls_IT.inp
Added 1 LID usages to temp_IT_ex1.inp
Reset all LID placements
Creating LID placement: LID_IT on 5
  - from_impervious: 22.0% of impervious area
  - LID area: 16500.00 m² (11.00% of total area)
  - Impervious area: 75000.00 m² (50.0% of total)
Added 1 LID controls to temp_controls_IT.inp
Added 1 LID usages to temp_IT_ex1.inp
Reset all LID placements
Creating LID placement: LID_IT on 5
  - from_impervious: 23.0% of impervious area
  - LID area: 17250.00 m² (11.50% of total area)
  - Impervious area: 75000.00 m² (50.0% of total)
Added 1 LID controls to temp_controls_IT.inp
Added 1 LID usages to temp_IT_ex1.inp
Reset all LID placements
Creating LID placement: LID_IT on 5
  - from_impervious: 24.0% of impervious area
  - LID area: 18000.00 m² (12.00% of total area)
  - Impervious area: 75000.00 m² (50.0% of total)
Added 1 LID controls to temp_controls_IT.inp
Added 1 LID usages to temp_IT_ex1.inp
Reset all LID placements
Creating LID placement: LID_IT on 5
  - from_impervious: 25.0% of impervious area
  - LID area: 18750.00 m² (12.50% of total area)
  - Impervious area: 75000.00 m² (50.0% of total)
Added 1 LID controls to temp_controls_IT.inp
Added 1 LID usages to temp_IT_ex1.inp
Reset all LID placements
Creating LID placement: LID_IT on 5
  - from_impervious: 26.0% of impervious area
  - LID area: 19500.00 m² (13.00% of total area)
  - Impervious area: 75000.00 m² (50.0% of total)
Added 1 LID controls to temp_controls_IT.inp
Added 1 LID usages to temp_IT_ex1.inp
Reset all LID placements
Creating LID placement: LID_IT on 5
  - from_impervious: 27.0% of impervious area
  - LID area: 20250.00 m² (13.50% of total area)
  - Impervious area: 75000.00 m² (50.0% of total)
Added 1 LID controls to temp_controls_IT.inp
Added 1 LID usages to temp_IT_ex1.inp
Reset all LID placements
Creating LID placement: LID_IT on 5
  - from_impervious: 28.0% of impervious area
  - LID area: 21000.00 m² (14.00% of total area)
  - Impervious area: 75000.00 m² (50.0% of total)
Added 1 LID controls to temp_controls_IT.inp
Added 1 LID usages to temp_IT_ex1.inp
Reset all LID placements
Creating LID placement: LID_IT on 5
  - from_impervious: 29.0% of impervious area
  - LID area: 21750.00 m² (14.50% of total area)
  - Impervious area: 75000.00 m² (50.0% of total)
Added 1 LID controls to temp_controls_IT.inp
Added 1 LID usages to temp_IT_ex1.inp
Reset all LID placements
Creating LID placement: LID_IT on 5
  - from_impervious: 30.0% of impervious area
  - LID area: 22500.00 m² (15.00% of total area)
  - Impervious area: 75000.00 m² (50.0% of total)
Added 1 LID controls to temp_controls_IT.inp
Added 1 LID usages to temp_IT_ex1.inp
Reset all LID placements
Creating LID placement: LID_IT on 5
  - from_impervious: 31.0% of impervious area
  - LID area: 23250.00 m² (15.50% of total area)
  - Impervious area: 75000.00 m² (50.0% of total)
Added 1 LID controls to temp_controls_IT.inp
Added 1 LID usages to temp_IT_ex1.inp
Reset all LID placements
Creating LID placement: LID_IT on 5
  - from_impervious: 32.0% of impervious area
  - LID area: 24000.00 m² (16.00% of total area)
  - Impervious area: 75000.00 m² (50.0% of total)
Added 1 LID controls to temp_controls_IT.inp
Added 1 LID usages to temp_IT_ex1.inp
Reset all LID placements
Creating LID placement: LID_IT on 5
  - from_impervious: 33.0% of impervious area
  - LID area: 24750.00 m² (16.50% of total area)
  - Impervious area: 75000.00 m² (50.0% of total)
Added 1 LID controls to temp_controls_IT.inp
Added 1 LID usages to temp_IT_ex1.inp
Reset all LID placements
Creating LID placement: LID_IT on 5
  - from_impervious: 34.0% of impervious area
  - LID area: 25500.00 m² (17.00% of total area)
  - Impervious area: 75000.00 m² (50.0% of total)
Added 1 LID controls to temp_controls_IT.inp
Added 1 LID usages to temp_IT_ex1.inp
Reset all LID placements
Creating LID placement: LID_IT on 5
  - from_impervious: 35.0% of impervious area
  - LID area: 26250.00 m² (17.50% of total area)
  - Impervious area: 75000.00 m² (50.0% of total)
Added 1 LID controls to temp_controls_IT.inp
Added 1 LID usages to temp_IT_ex1.inp
Reset all LID placements
Creating LID placement: LID_IT on 5
  - from_impervious: 36.0% of impervious area
  - LID area: 27000.00 m² (18.00% of total area)
  - Impervious area: 75000.00 m² (50.0% of total)
Added 1 LID controls to temp_controls_IT.inp
Added 1 LID usages to temp_IT_ex1.inp
Reset all LID placements
Creating LID placement: LID_IT on 5
  - from_impervious: 37.0% of impervious area
  - LID area: 27750.00 m² (18.50% of total area)
  - Impervious area: 75000.00 m² (50.0% of total)
Added 1 LID controls to temp_controls_IT.inp
Added 1 LID usages to temp_IT_ex1.inp
Reset all LID placements
Creating LID placement: LID_IT on 5
  - from_impervious: 38.0% of impervious area
  - LID area: 28500.00 m² (19.00% of total area)
  - Impervious area: 75000.00 m² (50.0% of total)
Added 1 LID controls to temp_controls_IT.inp
Added 1 LID usages to temp_IT_ex1.inp
Reset all LID placements
Creating LID placement: LID_IT on 5
  - from_impervious: 39.0% of impervious area
  - LID area: 29250.00 m² (19.50% of total area)
  - Impervious area: 75000.00 m² (50.0% of total)
Added 1 LID controls to temp_controls_IT.inp
Added 1 LID usages to temp_IT_ex1.inp
  Simulating 40%
Reset all LID placements
Creating LID placement: LID_IT on 5
  - from_impervious: 40.0% of impervious area
  - LID area: 30000.00 m² (20.00% of total area)
  - Impervious area: 75000.00 m² (50.0% of total)
Added 1 LID controls to temp_controls_IT.inp
Added 1 LID usages to temp_IT_ex1.inp
Reset all LID placements
Creating LID placement: LID_IT on 5
  - from_impervious: 41.0% of impervious area
  - LID area: 30750.00 m² (20.50% of total area)
  - Impervious area: 75000.00 m² (50.0% of total)
Added 1 LID controls to temp_controls_IT.inp
Added 1 LID usages to temp_IT_ex1.inp
Reset all LID placements
Creating LID placement: LID_IT on 5
  - from_impervious: 42.0% of impervious area
  - LID area: 31500.00 m² (21.00% of total area)
  - Impervious area: 75000.00 m² (50.0% of total)
Added 1 LID controls to temp_controls_IT.inp
Added 1 LID usages to temp_IT_ex1.inp
Reset all LID placements
Creating LID placement: LID_IT on 5
  - from_impervious: 43.0% of impervious area
  - LID area: 32250.00 m² (21.50% of total area)
  - Impervious area: 75000.00 m² (50.0% of total)
Added 1 LID controls to temp_controls_IT.inp
Added 1 LID usages to temp_IT_ex1.inp
Reset all LID placements
Creating LID placement: LID_IT on 5
  - from_impervious: 44.0% of impervious area
  - LID area: 33000.00 m² (22.00% of total area)
  - Impervious area: 75000.00 m² (50.0% of total)
Added 1 LID controls to temp_controls_IT.inp
Added 1 LID usages to temp_IT_ex1.inp
Reset all LID placements
Creating LID placement: LID_IT on 5
  - from_impervious: 45.0% of impervious area
  - LID area: 33750.00 m² (22.50% of total area)
  - Impervious area: 75000.00 m² (50.0% of total)
Added 1 LID controls to temp_controls_IT.inp
Added 1 LID usages to temp_IT_ex1.inp
Reset all LID placements
Creating LID placement: LID_IT on 5
  - from_impervious: 46.0% of impervious area
  - LID area: 34500.00 m² (23.00% of total area)
  - Impervious area: 75000.00 m² (50.0% of total)
Added 1 LID controls to temp_controls_IT.inp
Added 1 LID usages to temp_IT_ex1.inp
Reset all LID placements
Creating LID placement: LID_IT on 5
  - from_impervious: 47.0% of impervious area
  - LID area: 35250.00 m² (23.50% of total area)
  - Impervious area: 75000.00 m² (50.0% of total)
Added 1 LID controls to temp_controls_IT.inp
Added 1 LID usages to temp_IT_ex1.inp
Reset all LID placements
Creating LID placement: LID_IT on 5
  - from_impervious: 48.0% of impervious area
  - LID area: 36000.00 m² (24.00% of total area)
  - Impervious area: 75000.00 m² (50.0% of total)
Added 1 LID controls to temp_controls_IT.inp
Added 1 LID usages to temp_IT_ex1.inp
Reset all LID placements
Creating LID placement: LID_IT on 5
  - from_impervious: 49.0% of impervious area
  - LID area: 36750.00 m² (24.50% of total area)
  - Impervious area: 75000.00 m² (50.0% of total)
Added 1 LID controls to temp_controls_IT.inp
Added 1 LID usages to temp_IT_ex1.inp
Reset all LID placements
Creating LID placement: LID_IT on 5
  - from_impervious: 50.0% of impervious area
  - LID area: 37500.00 m² (25.00% of total area)
  - Impervious area: 75000.00 m² (50.0% of total)
Added 1 LID controls to temp_controls_IT.inp
Added 1 LID usages to temp_IT_ex1.inp
Reset all LID placements
Creating LID placement: LID_IT on 5
  - from_impervious: 51.0% of impervious area
  - LID area: 38250.00 m² (25.50% of total area)
  - Impervious area: 75000.00 m² (50.0% of total)
Added 1 LID controls to temp_controls_IT.inp
Added 1 LID usages to temp_IT_ex1.inp
Reset all LID placements
Creating LID placement: LID_IT on 5
  - from_impervious: 52.0% of impervious area
  - LID area: 39000.00 m² (26.00% of total area)
  - Impervious area: 75000.00 m² (50.0% of total)
Added 1 LID controls to temp_controls_IT.inp
Added 1 LID usages to temp_IT_ex1.inp
Reset all LID placements
Creating LID placement: LID_IT on 5
  - from_impervious: 53.0% of impervious area
  - LID area: 39750.00 m² (26.50% of total area)
  - Impervious area: 75000.00 m² (50.0% of total)
Added 1 LID controls to temp_controls_IT.inp
Added 1 LID usages to temp_IT_ex1.inp
Reset all LID placements
Creating LID placement: LID_IT on 5
  - from_impervious: 54.0% of impervious area
  - LID area: 40500.00 m² (27.00% of total area)
  - Impervious area: 75000.00 m² (50.0% of total)
Added 1 LID controls to temp_controls_IT.inp
Added 1 LID usages to temp_IT_ex1.inp
Reset all LID placements
Creating LID placement: LID_IT on 5
  - from_impervious: 55.0% of impervious area
  - LID area: 41250.00 m² (27.50% of total area)
  - Impervious area: 75000.00 m² (50.0% of total)
Added 1 LID controls to temp_controls_IT.inp
Added 1 LID usages to temp_IT_ex1.inp
Reset all LID placements
Creating LID placement: LID_IT on 5
  - from_impervious: 56.0% of impervious area
  - LID area: 42000.00 m² (28.00% of total area)
  - Impervious area: 75000.00 m² (50.0% of total)
Added 1 LID controls to temp_controls_IT.inp
Added 1 LID usages to temp_IT_ex1.inp
Reset all LID placements
Creating LID placement: LID_IT on 5
  - from_impervious: 57.0% of impervious area
  - LID area: 42750.00 m² (28.50% of total area)
  - Impervious area: 75000.00 m² (50.0% of total)
Added 1 LID controls to temp_controls_IT.inp
Added 1 LID usages to temp_IT_ex1.inp
Reset all LID placements
Creating LID placement: LID_IT on 5
  - from_impervious: 58.0% of impervious area
  - LID area: 43500.00 m² (29.00% of total area)
  - Impervious area: 75000.00 m² (50.0% of total)
Added 1 LID controls to temp_controls_IT.inp
Added 1 LID usages to temp_IT_ex1.inp
Reset all LID placements
Creating LID placement: LID_IT on 5
  - from_impervious: 59.0% of impervious area
  - LID area: 44250.00 m² (29.50% of total area)
  - Impervious area: 75000.00 m² (50.0% of total)
Added 1 LID controls to temp_controls_IT.inp
Added 1 LID usages to temp_IT_ex1.inp
  Simulating 60%
Reset all LID placements
Creating LID placement: LID_IT on 5
  - from_impervious: 60.0% of impervious area
  - LID area: 45000.00 m² (30.00% of total area)
  - Impervious area: 75000.00 m² (50.0% of total)
Added 1 LID controls to temp_controls_IT.inp
Added 1 LID usages to temp_IT_ex1.inp
Reset all LID placements
Creating LID placement: LID_IT on 5
  - from_impervious: 61.0% of impervious area
  - LID area: 45750.00 m² (30.50% of total area)
  - Impervious area: 75000.00 m² (50.0% of total)
Added 1 LID controls to temp_controls_IT.inp
Added 1 LID usages to temp_IT_ex1.inp
Reset all LID placements
Creating LID placement: LID_IT on 5
  - from_impervious: 62.0% of impervious area
  - LID area: 46500.00 m² (31.00% of total area)
  - Impervious area: 75000.00 m² (50.0% of total)
Added 1 LID controls to temp_controls_IT.inp
Added 1 LID usages to temp_IT_ex1.inp
Reset all LID placements
Creating LID placement: LID_IT on 5
  - from_impervious: 63.0% of impervious area
  - LID area: 47250.00 m² (31.50% of total area)
  - Impervious area: 75000.00 m² (50.0% of total)
Added 1 LID controls to temp_controls_IT.inp
Added 1 LID usages to temp_IT_ex1.inp
Reset all LID placements
Creating LID placement: LID_IT on 5
  - from_impervious: 64.0% of impervious area
  - LID area: 48000.00 m² (32.00% of total area)
  - Impervious area: 75000.00 m² (50.0% of total)
Added 1 LID controls to temp_controls_IT.inp
Added 1 LID usages to temp_IT_ex1.inp
Reset all LID placements
Creating LID placement: LID_IT on 5
  - from_impervious: 65.0% of impervious area
  - LID area: 48750.00 m² (32.50% of total area)
  - Impervious area: 75000.00 m² (50.0% of total)
Added 1 LID controls to temp_controls_IT.inp
Added 1 LID usages to temp_IT_ex1.inp
Reset all LID placements
Creating LID placement: LID_IT on 5
  - from_impervious: 66.0% of impervious area
  - LID area: 49500.00 m² (33.00% of total area)
  - Impervious area: 75000.00 m² (50.0% of total)
Added 1 LID controls to temp_controls_IT.inp
Added 1 LID usages to temp_IT_ex1.inp
Reset all LID placements
Creating LID placement: LID_IT on 5
  - from_impervious: 67.0% of impervious area
  - LID area: 50250.00 m² (33.50% of total area)
  - Impervious area: 75000.00 m² (50.0% of total)
Added 1 LID controls to temp_controls_IT.inp
Added 1 LID usages to temp_IT_ex1.inp
Reset all LID placements
Creating LID placement: LID_IT on 5
  - from_impervious: 68.0% of impervious area
  - LID area: 51000.00 m² (34.00% of total area)
  - Impervious area: 75000.00 m² (50.0% of total)
Added 1 LID controls to temp_controls_IT.inp
Added 1 LID usages to temp_IT_ex1.inp
Reset all LID placements
Creating LID placement: LID_IT on 5
  - from_impervious: 69.0% of impervious area
  - LID area: 51750.00 m² (34.50% of total area)
  - Impervious area: 75000.00 m² (50.0% of total)
Added 1 LID controls to temp_controls_IT.inp
Added 1 LID usages to temp_IT_ex1.inp
Reset all LID placements
Creating LID placement: LID_IT on 5
  - from_impervious: 70.0% of impervious area
  - LID area: 52500.00 m² (35.00% of total area)
  - Impervious area: 75000.00 m² (50.0% of total)
Added 1 LID controls to temp_controls_IT.inp
Added 1 LID usages to temp_IT_ex1.inp
Reset all LID placements
Creating LID placement: LID_IT on 5
  - from_impervious: 71.0% of impervious area
  - LID area: 53250.00 m² (35.50% of total area)
  - Impervious area: 75000.00 m² (50.0% of total)
Added 1 LID controls to temp_controls_IT.inp
Added 1 LID usages to temp_IT_ex1.inp
Reset all LID placements
Creating LID placement: LID_IT on 5
  - from_impervious: 72.0% of impervious area
  - LID area: 54000.00 m² (36.00% of total area)
  - Impervious area: 75000.00 m² (50.0% of total)
Added 1 LID controls to temp_controls_IT.inp
Added 1 LID usages to temp_IT_ex1.inp
Reset all LID placements
Creating LID placement: LID_IT on 5
  - from_impervious: 73.0% of impervious area
  - LID area: 54750.00 m² (36.50% of total area)
  - Impervious area: 75000.00 m² (50.0% of total)
Added 1 LID controls to temp_controls_IT.inp
Added 1 LID usages to temp_IT_ex1.inp
Reset all LID placements
Creating LID placement: LID_IT on 5
  - from_impervious: 74.0% of impervious area
  - LID area: 55500.00 m² (37.00% of total area)
  - Impervious area: 75000.00 m² (50.0% of total)
Added 1 LID controls to temp_controls_IT.inp
Added 1 LID usages to temp_IT_ex1.inp
Reset all LID placements
Creating LID placement: LID_IT on 5
  - from_impervious: 75.0% of impervious area
  - LID area: 56250.00 m² (37.50% of total area)
  - Impervious area: 75000.00 m² (50.0% of total)
Added 1 LID controls to temp_controls_IT.inp
Added 1 LID usages to temp_IT_ex1.inp
Reset all LID placements
Creating LID placement: LID_IT on 5
  - from_impervious: 76.0% of impervious area
  - LID area: 57000.00 m² (38.00% of total area)
  - Impervious area: 75000.00 m² (50.0% of total)
Added 1 LID controls to temp_controls_IT.inp
Added 1 LID usages to temp_IT_ex1.inp
Reset all LID placements
Creating LID placement: LID_IT on 5
  - from_impervious: 77.0% of impervious area
  - LID area: 57750.00 m² (38.50% of total area)
  - Impervious area: 75000.00 m² (50.0% of total)
Added 1 LID controls to temp_controls_IT.inp
Added 1 LID usages to temp_IT_ex1.inp
Reset all LID placements
Creating LID placement: LID_IT on 5
  - from_impervious: 78.0% of impervious area
  - LID area: 58500.00 m² (39.00% of total area)
  - Impervious area: 75000.00 m² (50.0% of total)
Added 1 LID controls to temp_controls_IT.inp
Added 1 LID usages to temp_IT_ex1.inp
Reset all LID placements
Creating LID placement: LID_IT on 5
  - from_impervious: 79.0% of impervious area
  - LID area: 59250.00 m² (39.50% of total area)
  - Impervious area: 75000.00 m² (50.0% of total)
Added 1 LID controls to temp_controls_IT.inp
Added 1 LID usages to temp_IT_ex1.inp
  Simulating 80%
Reset all LID placements
Creating LID placement: LID_IT on 5
  - from_impervious: 80.0% of impervious area
  - LID area: 60000.00 m² (40.00% of total area)
  - Impervious area: 75000.00 m² (50.0% of total)
Added 1 LID controls to temp_controls_IT.inp
Added 1 LID usages to temp_IT_ex1.inp
Reset all LID placements
Creating LID placement: LID_IT on 5
  - from_impervious: 81.0% of impervious area
  - LID area: 60750.00 m² (40.50% of total area)
  - Impervious area: 75000.00 m² (50.0% of total)
Added 1 LID controls to temp_controls_IT.inp
Added 1 LID usages to temp_IT_ex1.inp
Reset all LID placements
Creating LID placement: LID_IT on 5
  - from_impervious: 82.0% of impervious area
  - LID area: 61500.00 m² (41.00% of total area)
  - Impervious area: 75000.00 m² (50.0% of total)
Added 1 LID controls to temp_controls_IT.inp
Added 1 LID usages to temp_IT_ex1.inp
Reset all LID placements
Creating LID placement: LID_IT on 5
  - from_impervious: 83.0% of impervious area
  - LID area: 62250.00 m² (41.50% of total area)
  - Impervious area: 75000.00 m² (50.0% of total)
Added 1 LID controls to temp_controls_IT.inp
Added 1 LID usages to temp_IT_ex1.inp
Reset all LID placements
Creating LID placement: LID_IT on 5
  - from_impervious: 84.0% of impervious area
  - LID area: 63000.00 m² (42.00% of total area)
  - Impervious area: 75000.00 m² (50.0% of total)
Added 1 LID controls to temp_controls_IT.inp
Added 1 LID usages to temp_IT_ex1.inp
Reset all LID placements
Creating LID placement: LID_IT on 5
  - from_impervious: 85.0% of impervious area
  - LID area: 63750.00 m² (42.50% of total area)
  - Impervious area: 75000.00 m² (50.0% of total)
Added 1 LID controls to temp_controls_IT.inp
Added 1 LID usages to temp_IT_ex1.inp
Reset all LID placements
Creating LID placement: LID_IT on 5
  - from_impervious: 86.0% of impervious area
  - LID area: 64500.00 m² (43.00% of total area)
  - Impervious area: 75000.00 m² (50.0% of total)
Added 1 LID controls to temp_controls_IT.inp
Added 1 LID usages to temp_IT_ex1.inp
Reset all LID placements
Creating LID placement: LID_IT on 5
  - from_impervious: 87.0% of impervious area
  - LID area: 65250.00 m² (43.50% of total area)
  - Impervious area: 75000.00 m² (50.0% of total)
Added 1 LID controls to temp_controls_IT.inp
Added 1 LID usages to temp_IT_ex1.inp
Reset all LID placements
Creating LID placement: LID_IT on 5
  - from_impervious: 88.0% of impervious area
  - LID area: 66000.00 m² (44.00% of total area)
  - Impervious area: 75000.00 m² (50.0% of total)
Added 1 LID controls to temp_controls_IT.inp
Added 1 LID usages to temp_IT_ex1.inp
Reset all LID placements
Creating LID placement: LID_IT on 5
  - from_impervious: 89.0% of impervious area
  - LID area: 66750.00 m² (44.50% of total area)
  - Impervious area: 75000.00 m² (50.0% of total)
Added 1 LID controls to temp_controls_IT.inp
Added 1 LID usages to temp_IT_ex1.inp
Reset all LID placements
Creating LID placement: LID_IT on 5
  - from_impervious: 90.0% of impervious area
  - LID area: 67500.00 m² (45.00% of total area)
  - Impervious area: 75000.00 m² (50.0% of total)
Added 1 LID controls to temp_controls_IT.inp
Added 1 LID usages to temp_IT_ex1.inp
Reset all LID placements
Creating LID placement: LID_IT on 5
  - from_impervious: 91.0% of impervious area
  - LID area: 68250.00 m² (45.50% of total area)
  - Impervious area: 75000.00 m² (50.0% of total)
Added 1 LID controls to temp_controls_IT.inp
Added 1 LID usages to temp_IT_ex1.inp
Reset all LID placements
Creating LID placement: LID_IT on 5
  - from_impervious: 92.0% of impervious area
  - LID area: 69000.00 m² (46.00% of total area)
  - Impervious area: 75000.00 m² (50.0% of total)
Added 1 LID controls to temp_controls_IT.inp
Added 1 LID usages to temp_IT_ex1.inp
Reset all LID placements
Creating LID placement: LID_IT on 5
  - from_impervious: 93.0% of impervious area
  - LID area: 69750.00 m² (46.50% of total area)
  - Impervious area: 75000.00 m² (50.0% of total)
Added 1 LID controls to temp_controls_IT.inp
Added 1 LID usages to temp_IT_ex1.inp
Reset all LID placements
Creating LID placement: LID_IT on 5
  - from_impervious: 94.0% of impervious area
  - LID area: 70500.00 m² (47.00% of total area)
  - Impervious area: 75000.00 m² (50.0% of total)
Added 1 LID controls to temp_controls_IT.inp
Added 1 LID usages to temp_IT_ex1.inp
Reset all LID placements
Creating LID placement: LID_IT on 5
  - from_impervious: 95.0% of impervious area
  - LID area: 71250.00 m² (47.50% of total area)
  - Impervious area: 75000.00 m² (50.0% of total)
Added 1 LID controls to temp_controls_IT.inp
Added 1 LID usages to temp_IT_ex1.inp
Reset all LID placements
Creating LID placement: LID_IT on 5
  - from_impervious: 96.0% of impervious area
  - LID area: 72000.00 m² (48.00% of total area)
  - Impervious area: 75000.00 m² (50.0% of total)
Added 1 LID controls to temp_controls_IT.inp
Added 1 LID usages to temp_IT_ex1.inp
Reset all LID placements
Creating LID placement: LID_IT on 5
  - from_impervious: 97.0% of impervious area
  - LID area: 72750.00 m² (48.50% of total area)
  - Impervious area: 75000.00 m² (50.0% of total)
Added 1 LID controls to temp_controls_IT.inp
Added 1 LID usages to temp_IT_ex1.inp
Reset all LID placements
Creating LID placement: LID_IT on 5
  - from_impervious: 98.0% of impervious area
  - LID area: 73500.00 m² (49.00% of total area)
  - Impervious area: 75000.00 m² (50.0% of total)
Added 1 LID controls to temp_controls_IT.inp
Added 1 LID usages to temp_IT_ex1.inp
Reset all LID placements
Creating LID placement: LID_IT on 5
  - from_impervious: 99.0% of impervious area
  - LID area: 74250.00 m² (49.50% of total area)
  - Impervious area: 75000.00 m² (50.0% of total)
Added 1 LID controls to temp_controls_IT.inp
Added 1 LID usages to temp_IT_ex1.inp
  Simulating 100%
Reset all LID placements
Creating LID placement: LID_IT on 5
  - from_impervious: 100.0% of impervious area
  - LID area: 75000.00 m² (50.00% of total area)
  - Impervious area: 75000.00 m² (50.0% of total)
Added 1 LID controls to temp_controls_IT.inp
Added 1 LID usages to temp_IT_ex1.inp
  Data saved to IT_data.csv
  Graph saved to IT_result.png

============================================================
Processing LID Type: Bio-Retention Cell (BC)
============================================================
Using Default Parameters
Created LID configuration: LID_BC (LIDType.BIO_RETENTION_CELL)
  - Parameters: LIDParameters(surface=[150, 0.1, 0.1, 1, 0], soil=[500, 0.5, 0.2, 0.1, 50, 10, 50], storage=[150, 0.75, 0.5, 0, 'NO'], pavement=None, drain=[0, 0.5, 6, 6, 0, 0], drainmat=None)
  - Life cycle cost per m2: 100000.0
Reset all LID placements
Creating LID placement: LID_BC on 5
  - from_impervious: 1.0% of impervious area
  - LID area: 750.00 m² (0.50% of total area)
  - Impervious area: 75000.00 m² (50.0% of total)
Added 1 LID controls to temp_controls_BC.inp
Added 1 LID usages to temp_BC_ex1.inp
Reset all LID placements
Creating LID placement: LID_BC on 5
  - from_impervious: 2.0% of impervious area
  - LID area: 1500.00 m² (1.00% of total area)
  - Impervious area: 75000.00 m² (50.0% of total)
Added 1 LID controls to temp_controls_BC.inp
Added 1 LID usages to temp_BC_ex1.inp
Reset all LID placements
Creating LID placement: LID_BC on 5
  - from_impervious: 3.0% of impervious area
  - LID area: 2250.00 m² (1.50% of total area)
  - Impervious area: 75000.00 m² (50.0% of total)
Added 1 LID controls to temp_controls_BC.inp
Added 1 LID usages to temp_BC_ex1.inp
Reset all LID placements
Creating LID placement: LID_BC on 5
  - from_impervious: 4.0% of impervious area
  - LID area: 3000.00 m² (2.00% of total area)
  - Impervious area: 75000.00 m² (50.0% of total)
Added 1 LID controls to temp_controls_BC.inp
Added 1 LID usages to temp_BC_ex1.inp
Reset all LID placements
Creating LID placement: LID_BC on 5
  - from_impervious: 5.0% of impervious area
  - LID area: 3750.00 m² (2.50% of total area)
  - Impervious area: 75000.00 m² (50.0% of total)
Added 1 LID controls to temp_controls_BC.inp
Added 1 LID usages to temp_BC_ex1.inp
Reset all LID placements
Creating LID placement: LID_BC on 5
  - from_impervious: 6.0% of impervious area
  - LID area: 4500.00 m² (3.00% of total area)
  - Impervious area: 75000.00 m² (50.0% of total)
Added 1 LID controls to temp_controls_BC.inp
Added 1 LID usages to temp_BC_ex1.inp
Reset all LID placements
Creating LID placement: LID_BC on 5
  - from_impervious: 7.0% of impervious area
  - LID area: 5250.00 m² (3.50% of total area)
  - Impervious area: 75000.00 m² (50.0% of total)
Added 1 LID controls to temp_controls_BC.inp
Added 1 LID usages to temp_BC_ex1.inp
Reset all LID placements
Creating LID placement: LID_BC on 5
  - from_impervious: 8.0% of impervious area
  - LID area: 6000.00 m² (4.00% of total area)
  - Impervious area: 75000.00 m² (50.0% of total)
Added 1 LID controls to temp_controls_BC.inp
Added 1 LID usages to temp_BC_ex1.inp
Reset all LID placements
Creating LID placement: LID_BC on 5
  - from_impervious: 9.0% of impervious area
  - LID area: 6750.00 m² (4.50% of total area)
  - Impervious area: 75000.00 m² (50.0% of total)
Added 1 LID controls to temp_controls_BC.inp
Added 1 LID usages to temp_BC_ex1.inp
Reset all LID placements
Creating LID placement: LID_BC on 5
  - from_impervious: 10.0% of impervious area
  - LID area: 7500.00 m² (5.00% of total area)
  - Impervious area: 75000.00 m² (50.0% of total)
Added 1 LID controls to temp_controls_BC.inp
Added 1 LID usages to temp_BC_ex1.inp
Reset all LID placements
Creating LID placement: LID_BC on 5
  - from_impervious: 11.0% of impervious area
  - LID area: 8250.00 m² (5.50% of total area)
  - Impervious area: 75000.00 m² (50.0% of total)
Added 1 LID controls to temp_controls_BC.inp
Added 1 LID usages to temp_BC_ex1.inp
Reset all LID placements
Creating LID placement: LID_BC on 5
  - from_impervious: 12.0% of impervious area
  - LID area: 9000.00 m² (6.00% of total area)
  - Impervious area: 75000.00 m² (50.0% of total)
Added 1 LID controls to temp_controls_BC.inp
Added 1 LID usages to temp_BC_ex1.inp
Reset all LID placements
Creating LID placement: LID_BC on 5
  - from_impervious: 13.0% of impervious area
  - LID area: 9750.00 m² (6.50% of total area)
  - Impervious area: 75000.00 m² (50.0% of total)
Added 1 LID controls to temp_controls_BC.inp
Added 1 LID usages to temp_BC_ex1.inp
Reset all LID placements
Creating LID placement: LID_BC on 5
  - from_impervious: 14.0% of impervious area
  - LID area: 10500.00 m² (7.00% of total area)
  - Impervious area: 75000.00 m² (50.0% of total)
Added 1 LID controls to temp_controls_BC.inp
Added 1 LID usages to temp_BC_ex1.inp
Reset all LID placements
Creating LID placement: LID_BC on 5
  - from_impervious: 15.0% of impervious area
  - LID area: 11250.00 m² (7.50% of total area)
  - Impervious area: 75000.00 m² (50.0% of total)
Added 1 LID controls to temp_controls_BC.inp
Added 1 LID usages to temp_BC_ex1.inp
Reset all LID placements
Creating LID placement: LID_BC on 5
  - from_impervious: 16.0% of impervious area
  - LID area: 12000.00 m² (8.00% of total area)
  - Impervious area: 75000.00 m² (50.0% of total)
Added 1 LID controls to temp_controls_BC.inp
Added 1 LID usages to temp_BC_ex1.inp
Reset all LID placements
Creating LID placement: LID_BC on 5
  - from_impervious: 17.0% of impervious area
  - LID area: 12750.00 m² (8.50% of total area)
  - Impervious area: 75000.00 m² (50.0% of total)
Added 1 LID controls to temp_controls_BC.inp
Added 1 LID usages to temp_BC_ex1.inp
Reset all LID placements
Creating LID placement: LID_BC on 5
  - from_impervious: 18.0% of impervious area
  - LID area: 13500.00 m² (9.00% of total area)
  - Impervious area: 75000.00 m² (50.0% of total)
Added 1 LID controls to temp_controls_BC.inp
Added 1 LID usages to temp_BC_ex1.inp
Reset all LID placements
Creating LID placement: LID_BC on 5
  - from_impervious: 19.0% of impervious area
  - LID area: 14250.00 m² (9.50% of total area)
  - Impervious area: 75000.00 m² (50.0% of total)
Added 1 LID controls to temp_controls_BC.inp
Added 1 LID usages to temp_BC_ex1.inp
  Simulating 20%
Reset all LID placements
Creating LID placement: LID_BC on 5
  - from_impervious: 20.0% of impervious area
  - LID area: 15000.00 m² (10.00% of total area)
  - Impervious area: 75000.00 m² (50.0% of total)
Added 1 LID controls to temp_controls_BC.inp
Added 1 LID usages to temp_BC_ex1.inp
Reset all LID placements
Creating LID placement: LID_BC on 5
  - from_impervious: 21.0% of impervious area
  - LID area: 15750.00 m² (10.50% of total area)
  - Impervious area: 75000.00 m² (50.0% of total)
Added 1 LID controls to temp_controls_BC.inp
Added 1 LID usages to temp_BC_ex1.inp
Reset all LID placements
Creating LID placement: LID_BC on 5
  - from_impervious: 22.0% of impervious area
  - LID area: 16500.00 m² (11.00% of total area)
  - Impervious area: 75000.00 m² (50.0% of total)
Added 1 LID controls to temp_controls_BC.inp
Added 1 LID usages to temp_BC_ex1.inp
Reset all LID placements
Creating LID placement: LID_BC on 5
  - from_impervious: 23.0% of impervious area
  - LID area: 17250.00 m² (11.50% of total area)
  - Impervious area: 75000.00 m² (50.0% of total)
Added 1 LID controls to temp_controls_BC.inp
Added 1 LID usages to temp_BC_ex1.inp
Reset all LID placements
Creating LID placement: LID_BC on 5
  - from_impervious: 24.0% of impervious area
  - LID area: 18000.00 m² (12.00% of total area)
  - Impervious area: 75000.00 m² (50.0% of total)
Added 1 LID controls to temp_controls_BC.inp
Added 1 LID usages to temp_BC_ex1.inp
Reset all LID placements
Creating LID placement: LID_BC on 5
  - from_impervious: 25.0% of impervious area
  - LID area: 18750.00 m² (12.50% of total area)
  - Impervious area: 75000.00 m² (50.0% of total)
Added 1 LID controls to temp_controls_BC.inp
Added 1 LID usages to temp_BC_ex1.inp
Reset all LID placements
Creating LID placement: LID_BC on 5
  - from_impervious: 26.0% of impervious area
  - LID area: 19500.00 m² (13.00% of total area)
  - Impervious area: 75000.00 m² (50.0% of total)
Added 1 LID controls to temp_controls_BC.inp
Added 1 LID usages to temp_BC_ex1.inp
Reset all LID placements
Creating LID placement: LID_BC on 5
  - from_impervious: 27.0% of impervious area
  - LID area: 20250.00 m² (13.50% of total area)
  - Impervious area: 75000.00 m² (50.0% of total)
Added 1 LID controls to temp_controls_BC.inp
Added 1 LID usages to temp_BC_ex1.inp
Reset all LID placements
Creating LID placement: LID_BC on 5
  - from_impervious: 28.0% of impervious area
  - LID area: 21000.00 m² (14.00% of total area)
  - Impervious area: 75000.00 m² (50.0% of total)
Added 1 LID controls to temp_controls_BC.inp
Added 1 LID usages to temp_BC_ex1.inp
Reset all LID placements
Creating LID placement: LID_BC on 5
  - from_impervious: 29.0% of impervious area
  - LID area: 21750.00 m² (14.50% of total area)
  - Impervious area: 75000.00 m² (50.0% of total)
Added 1 LID controls to temp_controls_BC.inp
Added 1 LID usages to temp_BC_ex1.inp
Reset all LID placements
Creating LID placement: LID_BC on 5
  - from_impervious: 30.0% of impervious area
  - LID area: 22500.00 m² (15.00% of total area)
  - Impervious area: 75000.00 m² (50.0% of total)
Added 1 LID controls to temp_controls_BC.inp
Added 1 LID usages to temp_BC_ex1.inp
Reset all LID placements
Creating LID placement: LID_BC on 5
  - from_impervious: 31.0% of impervious area
  - LID area: 23250.00 m² (15.50% of total area)
  - Impervious area: 75000.00 m² (50.0% of total)
Added 1 LID controls to temp_controls_BC.inp
Added 1 LID usages to temp_BC_ex1.inp
Reset all LID placements
Creating LID placement: LID_BC on 5
  - from_impervious: 32.0% of impervious area
  - LID area: 24000.00 m² (16.00% of total area)
  - Impervious area: 75000.00 m² (50.0% of total)
Added 1 LID controls to temp_controls_BC.inp
Added 1 LID usages to temp_BC_ex1.inp
Reset all LID placements
Creating LID placement: LID_BC on 5
  - from_impervious: 33.0% of impervious area
  - LID area: 24750.00 m² (16.50% of total area)
  - Impervious area: 75000.00 m² (50.0% of total)
Added 1 LID controls to temp_controls_BC.inp
Added 1 LID usages to temp_BC_ex1.inp
Reset all LID placements
Creating LID placement: LID_BC on 5
  - from_impervious: 34.0% of impervious area
  - LID area: 25500.00 m² (17.00% of total area)
  - Impervious area: 75000.00 m² (50.0% of total)
Added 1 LID controls to temp_controls_BC.inp
Added 1 LID usages to temp_BC_ex1.inp
Reset all LID placements
Creating LID placement: LID_BC on 5
  - from_impervious: 35.0% of impervious area
  - LID area: 26250.00 m² (17.50% of total area)
  - Impervious area: 75000.00 m² (50.0% of total)
Added 1 LID controls to temp_controls_BC.inp
Added 1 LID usages to temp_BC_ex1.inp
Reset all LID placements
Creating LID placement: LID_BC on 5
  - from_impervious: 36.0% of impervious area
  - LID area: 27000.00 m² (18.00% of total area)
  - Impervious area: 75000.00 m² (50.0% of total)
Added 1 LID controls to temp_controls_BC.inp
Added 1 LID usages to temp_BC_ex1.inp
Reset all LID placements
Creating LID placement: LID_BC on 5
  - from_impervious: 37.0% of impervious area
  - LID area: 27750.00 m² (18.50% of total area)
  - Impervious area: 75000.00 m² (50.0% of total)
Added 1 LID controls to temp_controls_BC.inp
Added 1 LID usages to temp_BC_ex1.inp
Reset all LID placements
Creating LID placement: LID_BC on 5
  - from_impervious: 38.0% of impervious area
  - LID area: 28500.00 m² (19.00% of total area)
  - Impervious area: 75000.00 m² (50.0% of total)
Added 1 LID controls to temp_controls_BC.inp
Added 1 LID usages to temp_BC_ex1.inp
Reset all LID placements
Creating LID placement: LID_BC on 5
  - from_impervious: 39.0% of impervious area
  - LID area: 29250.00 m² (19.50% of total area)
  - Impervious area: 75000.00 m² (50.0% of total)
Added 1 LID controls to temp_controls_BC.inp
Added 1 LID usages to temp_BC_ex1.inp
  Simulating 40%
Reset all LID placements
Creating LID placement: LID_BC on 5
  - from_impervious: 40.0% of impervious area
  - LID area: 30000.00 m² (20.00% of total area)
  - Impervious area: 75000.00 m² (50.0% of total)
Added 1 LID controls to temp_controls_BC.inp
Added 1 LID usages to temp_BC_ex1.inp
Reset all LID placements
Creating LID placement: LID_BC on 5
  - from_impervious: 41.0% of impervious area
  - LID area: 30750.00 m² (20.50% of total area)
  - Impervious area: 75000.00 m² (50.0% of total)
Added 1 LID controls to temp_controls_BC.inp
Added 1 LID usages to temp_BC_ex1.inp
Reset all LID placements
Creating LID placement: LID_BC on 5
  - from_impervious: 42.0% of impervious area
  - LID area: 31500.00 m² (21.00% of total area)
  - Impervious area: 75000.00 m² (50.0% of total)
Added 1 LID controls to temp_controls_BC.inp
Added 1 LID usages to temp_BC_ex1.inp
Reset all LID placements
Creating LID placement: LID_BC on 5
  - from_impervious: 43.0% of impervious area
  - LID area: 32250.00 m² (21.50% of total area)
  - Impervious area: 75000.00 m² (50.0% of total)
Added 1 LID controls to temp_controls_BC.inp
Added 1 LID usages to temp_BC_ex1.inp
Reset all LID placements
Creating LID placement: LID_BC on 5
  - from_impervious: 44.0% of impervious area
  - LID area: 33000.00 m² (22.00% of total area)
  - Impervious area: 75000.00 m² (50.0% of total)
Added 1 LID controls to temp_controls_BC.inp
Added 1 LID usages to temp_BC_ex1.inp
Reset all LID placements
Creating LID placement: LID_BC on 5
  - from_impervious: 45.0% of impervious area
  - LID area: 33750.00 m² (22.50% of total area)
  - Impervious area: 75000.00 m² (50.0% of total)
Added 1 LID controls to temp_controls_BC.inp
Added 1 LID usages to temp_BC_ex1.inp
Reset all LID placements
Creating LID placement: LID_BC on 5
  - from_impervious: 46.0% of impervious area
  - LID area: 34500.00 m² (23.00% of total area)
  - Impervious area: 75000.00 m² (50.0% of total)
Added 1 LID controls to temp_controls_BC.inp
Added 1 LID usages to temp_BC_ex1.inp
Reset all LID placements
Creating LID placement: LID_BC on 5
  - from_impervious: 47.0% of impervious area
  - LID area: 35250.00 m² (23.50% of total area)
  - Impervious area: 75000.00 m² (50.0% of total)
Added 1 LID controls to temp_controls_BC.inp
Added 1 LID usages to temp_BC_ex1.inp
Reset all LID placements
Creating LID placement: LID_BC on 5
  - from_impervious: 48.0% of impervious area
  - LID area: 36000.00 m² (24.00% of total area)
  - Impervious area: 75000.00 m² (50.0% of total)
Added 1 LID controls to temp_controls_BC.inp
Added 1 LID usages to temp_BC_ex1.inp
Reset all LID placements
Creating LID placement: LID_BC on 5
  - from_impervious: 49.0% of impervious area
  - LID area: 36750.00 m² (24.50% of total area)
  - Impervious area: 75000.00 m² (50.0% of total)
Added 1 LID controls to temp_controls_BC.inp
Added 1 LID usages to temp_BC_ex1.inp
Reset all LID placements
Creating LID placement: LID_BC on 5
  - from_impervious: 50.0% of impervious area
  - LID area: 37500.00 m² (25.00% of total area)
  - Impervious area: 75000.00 m² (50.0% of total)
Added 1 LID controls to temp_controls_BC.inp
Added 1 LID usages to temp_BC_ex1.inp
Reset all LID placements
Creating LID placement: LID_BC on 5
  - from_impervious: 51.0% of impervious area
  - LID area: 38250.00 m² (25.50% of total area)
  - Impervious area: 75000.00 m² (50.0% of total)
Added 1 LID controls to temp_controls_BC.inp
Added 1 LID usages to temp_BC_ex1.inp
Reset all LID placements
Creating LID placement: LID_BC on 5
  - from_impervious: 52.0% of impervious area
  - LID area: 39000.00 m² (26.00% of total area)
  - Impervious area: 75000.00 m² (50.0% of total)
Added 1 LID controls to temp_controls_BC.inp
Added 1 LID usages to temp_BC_ex1.inp
Reset all LID placements
Creating LID placement: LID_BC on 5
  - from_impervious: 53.0% of impervious area
  - LID area: 39750.00 m² (26.50% of total area)
  - Impervious area: 75000.00 m² (50.0% of total)
Added 1 LID controls to temp_controls_BC.inp
Added 1 LID usages to temp_BC_ex1.inp
Reset all LID placements
Creating LID placement: LID_BC on 5
  - from_impervious: 54.0% of impervious area
  - LID area: 40500.00 m² (27.00% of total area)
  - Impervious area: 75000.00 m² (50.0% of total)
Added 1 LID controls to temp_controls_BC.inp
Added 1 LID usages to temp_BC_ex1.inp
Reset all LID placements
Creating LID placement: LID_BC on 5
  - from_impervious: 55.0% of impervious area
  - LID area: 41250.00 m² (27.50% of total area)
  - Impervious area: 75000.00 m² (50.0% of total)
Added 1 LID controls to temp_controls_BC.inp
Added 1 LID usages to temp_BC_ex1.inp
Reset all LID placements
Creating LID placement: LID_BC on 5
  - from_impervious: 56.0% of impervious area
  - LID area: 42000.00 m² (28.00% of total area)
  - Impervious area: 75000.00 m² (50.0% of total)
Added 1 LID controls to temp_controls_BC.inp
Added 1 LID usages to temp_BC_ex1.inp
Reset all LID placements
Creating LID placement: LID_BC on 5
  - from_impervious: 57.0% of impervious area
  - LID area: 42750.00 m² (28.50% of total area)
  - Impervious area: 75000.00 m² (50.0% of total)
Added 1 LID controls to temp_controls_BC.inp
Added 1 LID usages to temp_BC_ex1.inp
Reset all LID placements
Creating LID placement: LID_BC on 5
  - from_impervious: 58.0% of impervious area
  - LID area: 43500.00 m² (29.00% of total area)
  - Impervious area: 75000.00 m² (50.0% of total)
Added 1 LID controls to temp_controls_BC.inp
Added 1 LID usages to temp_BC_ex1.inp
Reset all LID placements
Creating LID placement: LID_BC on 5
  - from_impervious: 59.0% of impervious area
  - LID area: 44250.00 m² (29.50% of total area)
  - Impervious area: 75000.00 m² (50.0% of total)
Added 1 LID controls to temp_controls_BC.inp
Added 1 LID usages to temp_BC_ex1.inp
  Simulating 60%
Reset all LID placements
Creating LID placement: LID_BC on 5
  - from_impervious: 60.0% of impervious area
  - LID area: 45000.00 m² (30.00% of total area)
  - Impervious area: 75000.00 m² (50.0% of total)
Added 1 LID controls to temp_controls_BC.inp
Added 1 LID usages to temp_BC_ex1.inp
Reset all LID placements
Creating LID placement: LID_BC on 5
  - from_impervious: 61.0% of impervious area
  - LID area: 45750.00 m² (30.50% of total area)
  - Impervious area: 75000.00 m² (50.0% of total)
Added 1 LID controls to temp_controls_BC.inp
Added 1 LID usages to temp_BC_ex1.inp
Reset all LID placements
Creating LID placement: LID_BC on 5
  - from_impervious: 62.0% of impervious area
  - LID area: 46500.00 m² (31.00% of total area)
  - Impervious area: 75000.00 m² (50.0% of total)
Added 1 LID controls to temp_controls_BC.inp
Added 1 LID usages to temp_BC_ex1.inp
Reset all LID placements
Creating LID placement: LID_BC on 5
  - from_impervious: 63.0% of impervious area
  - LID area: 47250.00 m² (31.50% of total area)
  - Impervious area: 75000.00 m² (50.0% of total)
Added 1 LID controls to temp_controls_BC.inp
Added 1 LID usages to temp_BC_ex1.inp
Reset all LID placements
Creating LID placement: LID_BC on 5
  - from_impervious: 64.0% of impervious area
  - LID area: 48000.00 m² (32.00% of total area)
  - Impervious area: 75000.00 m² (50.0% of total)
Added 1 LID controls to temp_controls_BC.inp
Added 1 LID usages to temp_BC_ex1.inp
Reset all LID placements
Creating LID placement: LID_BC on 5
  - from_impervious: 65.0% of impervious area
  - LID area: 48750.00 m² (32.50% of total area)
  - Impervious area: 75000.00 m² (50.0% of total)
Added 1 LID controls to temp_controls_BC.inp
Added 1 LID usages to temp_BC_ex1.inp
Reset all LID placements
Creating LID placement: LID_BC on 5
  - from_impervious: 66.0% of impervious area
  - LID area: 49500.00 m² (33.00% of total area)
  - Impervious area: 75000.00 m² (50.0% of total)
Added 1 LID controls to temp_controls_BC.inp
Added 1 LID usages to temp_BC_ex1.inp
Reset all LID placements
Creating LID placement: LID_BC on 5
  - from_impervious: 67.0% of impervious area
  - LID area: 50250.00 m² (33.50% of total area)
  - Impervious area: 75000.00 m² (50.0% of total)
Added 1 LID controls to temp_controls_BC.inp
Added 1 LID usages to temp_BC_ex1.inp
Reset all LID placements
Creating LID placement: LID_BC on 5
  - from_impervious: 68.0% of impervious area
  - LID area: 51000.00 m² (34.00% of total area)
  - Impervious area: 75000.00 m² (50.0% of total)
Added 1 LID controls to temp_controls_BC.inp
Added 1 LID usages to temp_BC_ex1.inp
Reset all LID placements
Creating LID placement: LID_BC on 5
  - from_impervious: 69.0% of impervious area
  - LID area: 51750.00 m² (34.50% of total area)
  - Impervious area: 75000.00 m² (50.0% of total)
Added 1 LID controls to temp_controls_BC.inp
Added 1 LID usages to temp_BC_ex1.inp
Reset all LID placements
Creating LID placement: LID_BC on 5
  - from_impervious: 70.0% of impervious area
  - LID area: 52500.00 m² (35.00% of total area)
  - Impervious area: 75000.00 m² (50.0% of total)
Added 1 LID controls to temp_controls_BC.inp
Added 1 LID usages to temp_BC_ex1.inp
Reset all LID placements
Creating LID placement: LID_BC on 5
  - from_impervious: 71.0% of impervious area
  - LID area: 53250.00 m² (35.50% of total area)
  - Impervious area: 75000.00 m² (50.0% of total)
Added 1 LID controls to temp_controls_BC.inp
Added 1 LID usages to temp_BC_ex1.inp
Reset all LID placements
Creating LID placement: LID_BC on 5
  - from_impervious: 72.0% of impervious area
  - LID area: 54000.00 m² (36.00% of total area)
  - Impervious area: 75000.00 m² (50.0% of total)
Added 1 LID controls to temp_controls_BC.inp
Added 1 LID usages to temp_BC_ex1.inp
Reset all LID placements
Creating LID placement: LID_BC on 5
  - from_impervious: 73.0% of impervious area
  - LID area: 54750.00 m² (36.50% of total area)
  - Impervious area: 75000.00 m² (50.0% of total)
Added 1 LID controls to temp_controls_BC.inp
Added 1 LID usages to temp_BC_ex1.inp
Reset all LID placements
Creating LID placement: LID_BC on 5
  - from_impervious: 74.0% of impervious area
  - LID area: 55500.00 m² (37.00% of total area)
  - Impervious area: 75000.00 m² (50.0% of total)
Added 1 LID controls to temp_controls_BC.inp
Added 1 LID usages to temp_BC_ex1.inp
Reset all LID placements
Creating LID placement: LID_BC on 5
  - from_impervious: 75.0% of impervious area
  - LID area: 56250.00 m² (37.50% of total area)
  - Impervious area: 75000.00 m² (50.0% of total)
Added 1 LID controls to temp_controls_BC.inp
Added 1 LID usages to temp_BC_ex1.inp
Reset all LID placements
Creating LID placement: LID_BC on 5
  - from_impervious: 76.0% of impervious area
  - LID area: 57000.00 m² (38.00% of total area)
  - Impervious area: 75000.00 m² (50.0% of total)
Added 1 LID controls to temp_controls_BC.inp
Added 1 LID usages to temp_BC_ex1.inp
Reset all LID placements
Creating LID placement: LID_BC on 5
  - from_impervious: 77.0% of impervious area
  - LID area: 57750.00 m² (38.50% of total area)
  - Impervious area: 75000.00 m² (50.0% of total)
Added 1 LID controls to temp_controls_BC.inp
Added 1 LID usages to temp_BC_ex1.inp
Reset all LID placements
Creating LID placement: LID_BC on 5
  - from_impervious: 78.0% of impervious area
  - LID area: 58500.00 m² (39.00% of total area)
  - Impervious area: 75000.00 m² (50.0% of total)
Added 1 LID controls to temp_controls_BC.inp
Added 1 LID usages to temp_BC_ex1.inp
Reset all LID placements
Creating LID placement: LID_BC on 5
  - from_impervious: 79.0% of impervious area
  - LID area: 59250.00 m² (39.50% of total area)
  - Impervious area: 75000.00 m² (50.0% of total)
Added 1 LID controls to temp_controls_BC.inp
Added 1 LID usages to temp_BC_ex1.inp
  Simulating 80%
Reset all LID placements
Creating LID placement: LID_BC on 5
  - from_impervious: 80.0% of impervious area
  - LID area: 60000.00 m² (40.00% of total area)
  - Impervious area: 75000.00 m² (50.0% of total)
Added 1 LID controls to temp_controls_BC.inp
Added 1 LID usages to temp_BC_ex1.inp
Reset all LID placements
Creating LID placement: LID_BC on 5
  - from_impervious: 81.0% of impervious area
  - LID area: 60750.00 m² (40.50% of total area)
  - Impervious area: 75000.00 m² (50.0% of total)
Added 1 LID controls to temp_controls_BC.inp
Added 1 LID usages to temp_BC_ex1.inp
Reset all LID placements
Creating LID placement: LID_BC on 5
  - from_impervious: 82.0% of impervious area
  - LID area: 61500.00 m² (41.00% of total area)
  - Impervious area: 75000.00 m² (50.0% of total)
Added 1 LID controls to temp_controls_BC.inp
Added 1 LID usages to temp_BC_ex1.inp
Reset all LID placements
Creating LID placement: LID_BC on 5
  - from_impervious: 83.0% of impervious area
  - LID area: 62250.00 m² (41.50% of total area)
  - Impervious area: 75000.00 m² (50.0% of total)
Added 1 LID controls to temp_controls_BC.inp
Added 1 LID usages to temp_BC_ex1.inp
Reset all LID placements
Creating LID placement: LID_BC on 5
  - from_impervious: 84.0% of impervious area
  - LID area: 63000.00 m² (42.00% of total area)
  - Impervious area: 75000.00 m² (50.0% of total)
Added 1 LID controls to temp_controls_BC.inp
Added 1 LID usages to temp_BC_ex1.inp
Reset all LID placements
Creating LID placement: LID_BC on 5
  - from_impervious: 85.0% of impervious area
  - LID area: 63750.00 m² (42.50% of total area)
  - Impervious area: 75000.00 m² (50.0% of total)
Added 1 LID controls to temp_controls_BC.inp
Added 1 LID usages to temp_BC_ex1.inp
Reset all LID placements
Creating LID placement: LID_BC on 5
  - from_impervious: 86.0% of impervious area
  - LID area: 64500.00 m² (43.00% of total area)
  - Impervious area: 75000.00 m² (50.0% of total)
Added 1 LID controls to temp_controls_BC.inp
Added 1 LID usages to temp_BC_ex1.inp
Reset all LID placements
Creating LID placement: LID_BC on 5
  - from_impervious: 87.0% of impervious area
  - LID area: 65250.00 m² (43.50% of total area)
  - Impervious area: 75000.00 m² (50.0% of total)
Added 1 LID controls to temp_controls_BC.inp
Added 1 LID usages to temp_BC_ex1.inp
Reset all LID placements
Creating LID placement: LID_BC on 5
  - from_impervious: 88.0% of impervious area
  - LID area: 66000.00 m² (44.00% of total area)
  - Impervious area: 75000.00 m² (50.0% of total)
Added 1 LID controls to temp_controls_BC.inp
Added 1 LID usages to temp_BC_ex1.inp
Reset all LID placements
Creating LID placement: LID_BC on 5
  - from_impervious: 89.0% of impervious area
  - LID area: 66750.00 m² (44.50% of total area)
  - Impervious area: 75000.00 m² (50.0% of total)
Added 1 LID controls to temp_controls_BC.inp
Added 1 LID usages to temp_BC_ex1.inp
Reset all LID placements
Creating LID placement: LID_BC on 5
  - from_impervious: 90.0% of impervious area
  - LID area: 67500.00 m² (45.00% of total area)
  - Impervious area: 75000.00 m² (50.0% of total)
Added 1 LID controls to temp_controls_BC.inp
Added 1 LID usages to temp_BC_ex1.inp
Reset all LID placements
Creating LID placement: LID_BC on 5
  - from_impervious: 91.0% of impervious area
  - LID area: 68250.00 m² (45.50% of total area)
  - Impervious area: 75000.00 m² (50.0% of total)
Added 1 LID controls to temp_controls_BC.inp
Added 1 LID usages to temp_BC_ex1.inp
Reset all LID placements
Creating LID placement: LID_BC on 5
  - from_impervious: 92.0% of impervious area
  - LID area: 69000.00 m² (46.00% of total area)
  - Impervious area: 75000.00 m² (50.0% of total)
Added 1 LID controls to temp_controls_BC.inp
Added 1 LID usages to temp_BC_ex1.inp
Reset all LID placements
Creating LID placement: LID_BC on 5
  - from_impervious: 93.0% of impervious area
  - LID area: 69750.00 m² (46.50% of total area)
  - Impervious area: 75000.00 m² (50.0% of total)
Added 1 LID controls to temp_controls_BC.inp
Added 1 LID usages to temp_BC_ex1.inp
Reset all LID placements
Creating LID placement: LID_BC on 5
  - from_impervious: 94.0% of impervious area
  - LID area: 70500.00 m² (47.00% of total area)
  - Impervious area: 75000.00 m² (50.0% of total)
Added 1 LID controls to temp_controls_BC.inp
Added 1 LID usages to temp_BC_ex1.inp
Reset all LID placements
Creating LID placement: LID_BC on 5
  - from_impervious: 95.0% of impervious area
  - LID area: 71250.00 m² (47.50% of total area)
  - Impervious area: 75000.00 m² (50.0% of total)
Added 1 LID controls to temp_controls_BC.inp
Added 1 LID usages to temp_BC_ex1.inp
Reset all LID placements
Creating LID placement: LID_BC on 5
  - from_impervious: 96.0% of impervious area
  - LID area: 72000.00 m² (48.00% of total area)
  - Impervious area: 75000.00 m² (50.0% of total)
Added 1 LID controls to temp_controls_BC.inp
Added 1 LID usages to temp_BC_ex1.inp
Reset all LID placements
Creating LID placement: LID_BC on 5
  - from_impervious: 97.0% of impervious area
  - LID area: 72750.00 m² (48.50% of total area)
  - Impervious area: 75000.00 m² (50.0% of total)
Added 1 LID controls to temp_controls_BC.inp
Added 1 LID usages to temp_BC_ex1.inp
Reset all LID placements
Creating LID placement: LID_BC on 5
  - from_impervious: 98.0% of impervious area
  - LID area: 73500.00 m² (49.00% of total area)
  - Impervious area: 75000.00 m² (50.0% of total)
Added 1 LID controls to temp_controls_BC.inp
Added 1 LID usages to temp_BC_ex1.inp
Reset all LID placements
Creating LID placement: LID_BC on 5
  - from_impervious: 99.0% of impervious area
  - LID area: 74250.00 m² (49.50% of total area)
  - Impervious area: 75000.00 m² (50.0% of total)
Added 1 LID controls to temp_controls_BC.inp
Added 1 LID usages to temp_BC_ex1.inp
  Simulating 100%
Reset all LID placements
Creating LID placement: LID_BC on 5
  - from_impervious: 100.0% of impervious area
  - LID area: 75000.00 m² (50.00% of total area)
  - Impervious area: 75000.00 m² (50.0% of total)
Added 1 LID controls to temp_controls_BC.inp
Added 1 LID usages to temp_BC_ex1.inp
  Data saved to BC_data.csv
  Graph saved to BC_result.png

============================================================
Processing LID Type: Rain Barrel (RB)
============================================================
Using Default Parameters
Created LID configuration: LID_RB (LIDType.RAIN_BARREL)
  - Parameters: LIDParameters(surface=None, soil=None, storage=[150, 0.75, 0.5, 0, 'NO'], pavement=None, drain=[0, 0.5, 6, 6, 0, 0], drainmat=None)
  - Life cycle cost per m2: 100000.0
Reset all LID placements
Creating LID placement: LID_RB on 5
  - from_impervious: 1.0% of impervious area
  - LID area: 750.00 m² (0.50% of total area)
  - Impervious area: 75000.00 m² (50.0% of total)
Added 1 LID controls to temp_controls_RB.inp
Added 1 LID usages to temp_RB_ex1.inp
Reset all LID placements
Creating LID placement: LID_RB on 5
  - from_impervious: 2.0% of impervious area
  - LID area: 1500.00 m² (1.00% of total area)
  - Impervious area: 75000.00 m² (50.0% of total)
Added 1 LID controls to temp_controls_RB.inp
Added 1 LID usages to temp_RB_ex1.inp
Reset all LID placements
Creating LID placement: LID_RB on 5
  - from_impervious: 3.0% of impervious area
  - LID area: 2250.00 m² (1.50% of total area)
  - Impervious area: 75000.00 m² (50.0% of total)
Added 1 LID controls to temp_controls_RB.inp
Added 1 LID usages to temp_RB_ex1.inp
Reset all LID placements
Creating LID placement: LID_RB on 5
  - from_impervious: 4.0% of impervious area
  - LID area: 3000.00 m² (2.00% of total area)
  - Impervious area: 75000.00 m² (50.0% of total)
Added 1 LID controls to temp_controls_RB.inp
Added 1 LID usages to temp_RB_ex1.inp
Reset all LID placements
Creating LID placement: LID_RB on 5
  - from_impervious: 5.0% of impervious area
  - LID area: 3750.00 m² (2.50% of total area)
  - Impervious area: 75000.00 m² (50.0% of total)
Added 1 LID controls to temp_controls_RB.inp
Added 1 LID usages to temp_RB_ex1.inp
Reset all LID placements
Creating LID placement: LID_RB on 5
  - from_impervious: 6.0% of impervious area
  - LID area: 4500.00 m² (3.00% of total area)
  - Impervious area: 75000.00 m² (50.0% of total)
Added 1 LID controls to temp_controls_RB.inp
Added 1 LID usages to temp_RB_ex1.inp
Reset all LID placements
Creating LID placement: LID_RB on 5
  - from_impervious: 7.0% of impervious area
  - LID area: 5250.00 m² (3.50% of total area)
  - Impervious area: 75000.00 m² (50.0% of total)
Added 1 LID controls to temp_controls_RB.inp
Added 1 LID usages to temp_RB_ex1.inp
Reset all LID placements
Creating LID placement: LID_RB on 5
  - from_impervious: 8.0% of impervious area
  - LID area: 6000.00 m² (4.00% of total area)
  - Impervious area: 75000.00 m² (50.0% of total)
Added 1 LID controls to temp_controls_RB.inp
Added 1 LID usages to temp_RB_ex1.inp
Reset all LID placements
Creating LID placement: LID_RB on 5
  - from_impervious: 9.0% of impervious area
  - LID area: 6750.00 m² (4.50% of total area)
  - Impervious area: 75000.00 m² (50.0% of total)
Added 1 LID controls to temp_controls_RB.inp
Added 1 LID usages to temp_RB_ex1.inp
Reset all LID placements
Creating LID placement: LID_RB on 5
  - from_impervious: 10.0% of impervious area
  - LID area: 7500.00 m² (5.00% of total area)
  - Impervious area: 75000.00 m² (50.0% of total)
Added 1 LID controls to temp_controls_RB.inp
Added 1 LID usages to temp_RB_ex1.inp
Reset all LID placements
Creating LID placement: LID_RB on 5
  - from_impervious: 11.0% of impervious area
  - LID area: 8250.00 m² (5.50% of total area)
  - Impervious area: 75000.00 m² (50.0% of total)
Added 1 LID controls to temp_controls_RB.inp
Added 1 LID usages to temp_RB_ex1.inp
Reset all LID placements
Creating LID placement: LID_RB on 5
  - from_impervious: 12.0% of impervious area
  - LID area: 9000.00 m² (6.00% of total area)
  - Impervious area: 75000.00 m² (50.0% of total)
Added 1 LID controls to temp_controls_RB.inp
Added 1 LID usages to temp_RB_ex1.inp
Reset all LID placements
Creating LID placement: LID_RB on 5
  - from_impervious: 13.0% of impervious area
  - LID area: 9750.00 m² (6.50% of total area)
  - Impervious area: 75000.00 m² (50.0% of total)
Added 1 LID controls to temp_controls_RB.inp
Added 1 LID usages to temp_RB_ex1.inp
Reset all LID placements
Creating LID placement: LID_RB on 5
  - from_impervious: 14.0% of impervious area
  - LID area: 10500.00 m² (7.00% of total area)
  - Impervious area: 75000.00 m² (50.0% of total)
Added 1 LID controls to temp_controls_RB.inp
Added 1 LID usages to temp_RB_ex1.inp
Reset all LID placements
Creating LID placement: LID_RB on 5
  - from_impervious: 15.0% of impervious area
  - LID area: 11250.00 m² (7.50% of total area)
  - Impervious area: 75000.00 m² (50.0% of total)
Added 1 LID controls to temp_controls_RB.inp
Added 1 LID usages to temp_RB_ex1.inp
Reset all LID placements
Creating LID placement: LID_RB on 5
  - from_impervious: 16.0% of impervious area
  - LID area: 12000.00 m² (8.00% of total area)
  - Impervious area: 75000.00 m² (50.0% of total)
Added 1 LID controls to temp_controls_RB.inp
Added 1 LID usages to temp_RB_ex1.inp
Reset all LID placements
Creating LID placement: LID_RB on 5
  - from_impervious: 17.0% of impervious area
  - LID area: 12750.00 m² (8.50% of total area)
  - Impervious area: 75000.00 m² (50.0% of total)
Added 1 LID controls to temp_controls_RB.inp
Added 1 LID usages to temp_RB_ex1.inp
Reset all LID placements
Creating LID placement: LID_RB on 5
  - from_impervious: 18.0% of impervious area
  - LID area: 13500.00 m² (9.00% of total area)
  - Impervious area: 75000.00 m² (50.0% of total)
Added 1 LID controls to temp_controls_RB.inp
Added 1 LID usages to temp_RB_ex1.inp
Reset all LID placements
Creating LID placement: LID_RB on 5
  - from_impervious: 19.0% of impervious area
  - LID area: 14250.00 m² (9.50% of total area)
  - Impervious area: 75000.00 m² (50.0% of total)
Added 1 LID controls to temp_controls_RB.inp
Added 1 LID usages to temp_RB_ex1.inp
  Simulating 20%
Reset all LID placements
Creating LID placement: LID_RB on 5
  - from_impervious: 20.0% of impervious area
  - LID area: 15000.00 m² (10.00% of total area)
  - Impervious area: 75000.00 m² (50.0% of total)
Added 1 LID controls to temp_controls_RB.inp
Added 1 LID usages to temp_RB_ex1.inp
Reset all LID placements
Creating LID placement: LID_RB on 5
  - from_impervious: 21.0% of impervious area
  - LID area: 15750.00 m² (10.50% of total area)
  - Impervious area: 75000.00 m² (50.0% of total)
Added 1 LID controls to temp_controls_RB.inp
Added 1 LID usages to temp_RB_ex1.inp
Reset all LID placements
Creating LID placement: LID_RB on 5
  - from_impervious: 22.0% of impervious area
  - LID area: 16500.00 m² (11.00% of total area)
  - Impervious area: 75000.00 m² (50.0% of total)
Added 1 LID controls to temp_controls_RB.inp
Added 1 LID usages to temp_RB_ex1.inp
Reset all LID placements
Creating LID placement: LID_RB on 5
  - from_impervious: 23.0% of impervious area
  - LID area: 17250.00 m² (11.50% of total area)
  - Impervious area: 75000.00 m² (50.0% of total)
Added 1 LID controls to temp_controls_RB.inp
Added 1 LID usages to temp_RB_ex1.inp
Reset all LID placements
Creating LID placement: LID_RB on 5
  - from_impervious: 24.0% of impervious area
  - LID area: 18000.00 m² (12.00% of total area)
  - Impervious area: 75000.00 m² (50.0% of total)
Added 1 LID controls to temp_controls_RB.inp
Added 1 LID usages to temp_RB_ex1.inp
Reset all LID placements
Creating LID placement: LID_RB on 5
  - from_impervious: 25.0% of impervious area
  - LID area: 18750.00 m² (12.50% of total area)
  - Impervious area: 75000.00 m² (50.0% of total)
Added 1 LID controls to temp_controls_RB.inp
Added 1 LID usages to temp_RB_ex1.inp
Reset all LID placements
Creating LID placement: LID_RB on 5
  - from_impervious: 26.0% of impervious area
  - LID area: 19500.00 m² (13.00% of total area)
  - Impervious area: 75000.00 m² (50.0% of total)
Added 1 LID controls to temp_controls_RB.inp
Added 1 LID usages to temp_RB_ex1.inp
Reset all LID placements
Creating LID placement: LID_RB on 5
  - from_impervious: 27.0% of impervious area
  - LID area: 20250.00 m² (13.50% of total area)
  - Impervious area: 75000.00 m² (50.0% of total)
Added 1 LID controls to temp_controls_RB.inp
Added 1 LID usages to temp_RB_ex1.inp
Reset all LID placements
Creating LID placement: LID_RB on 5
  - from_impervious: 28.0% of impervious area
  - LID area: 21000.00 m² (14.00% of total area)
  - Impervious area: 75000.00 m² (50.0% of total)
Added 1 LID controls to temp_controls_RB.inp
Added 1 LID usages to temp_RB_ex1.inp
Reset all LID placements
Creating LID placement: LID_RB on 5
  - from_impervious: 29.0% of impervious area
  - LID area: 21750.00 m² (14.50% of total area)
  - Impervious area: 75000.00 m² (50.0% of total)
Added 1 LID controls to temp_controls_RB.inp
Added 1 LID usages to temp_RB_ex1.inp
Reset all LID placements
Creating LID placement: LID_RB on 5
  - from_impervious: 30.0% of impervious area
  - LID area: 22500.00 m² (15.00% of total area)
  - Impervious area: 75000.00 m² (50.0% of total)
Added 1 LID controls to temp_controls_RB.inp
Added 1 LID usages to temp_RB_ex1.inp
Reset all LID placements
Creating LID placement: LID_RB on 5
  - from_impervious: 31.0% of impervious area
  - LID area: 23250.00 m² (15.50% of total area)
  - Impervious area: 75000.00 m² (50.0% of total)
Added 1 LID controls to temp_controls_RB.inp
Added 1 LID usages to temp_RB_ex1.inp
Reset all LID placements
Creating LID placement: LID_RB on 5
  - from_impervious: 32.0% of impervious area
  - LID area: 24000.00 m² (16.00% of total area)
  - Impervious area: 75000.00 m² (50.0% of total)
Added 1 LID controls to temp_controls_RB.inp
Added 1 LID usages to temp_RB_ex1.inp
Reset all LID placements
Creating LID placement: LID_RB on 5
  - from_impervious: 33.0% of impervious area
  - LID area: 24750.00 m² (16.50% of total area)
  - Impervious area: 75000.00 m² (50.0% of total)
Added 1 LID controls to temp_controls_RB.inp
Added 1 LID usages to temp_RB_ex1.inp
Reset all LID placements
Creating LID placement: LID_RB on 5
  - from_impervious: 34.0% of impervious area
  - LID area: 25500.00 m² (17.00% of total area)
  - Impervious area: 75000.00 m² (50.0% of total)
Added 1 LID controls to temp_controls_RB.inp
Added 1 LID usages to temp_RB_ex1.inp
Reset all LID placements
Creating LID placement: LID_RB on 5
  - from_impervious: 35.0% of impervious area
  - LID area: 26250.00 m² (17.50% of total area)
  - Impervious area: 75000.00 m² (50.0% of total)
Added 1 LID controls to temp_controls_RB.inp
Added 1 LID usages to temp_RB_ex1.inp
Reset all LID placements
Creating LID placement: LID_RB on 5
  - from_impervious: 36.0% of impervious area
  - LID area: 27000.00 m² (18.00% of total area)
  - Impervious area: 75000.00 m² (50.0% of total)
Added 1 LID controls to temp_controls_RB.inp
Added 1 LID usages to temp_RB_ex1.inp
Reset all LID placements
Creating LID placement: LID_RB on 5
  - from_impervious: 37.0% of impervious area
  - LID area: 27750.00 m² (18.50% of total area)
  - Impervious area: 75000.00 m² (50.0% of total)
Added 1 LID controls to temp_controls_RB.inp
Added 1 LID usages to temp_RB_ex1.inp
Reset all LID placements
Creating LID placement: LID_RB on 5
  - from_impervious: 38.0% of impervious area
  - LID area: 28500.00 m² (19.00% of total area)
  - Impervious area: 75000.00 m² (50.0% of total)
Added 1 LID controls to temp_controls_RB.inp
Added 1 LID usages to temp_RB_ex1.inp
Reset all LID placements
Creating LID placement: LID_RB on 5
  - from_impervious: 39.0% of impervious area
  - LID area: 29250.00 m² (19.50% of total area)
  - Impervious area: 75000.00 m² (50.0% of total)
Added 1 LID controls to temp_controls_RB.inp
Added 1 LID usages to temp_RB_ex1.inp
  Simulating 40%
Reset all LID placements
Creating LID placement: LID_RB on 5
  - from_impervious: 40.0% of impervious area
  - LID area: 30000.00 m² (20.00% of total area)
  - Impervious area: 75000.00 m² (50.0% of total)
Added 1 LID controls to temp_controls_RB.inp
Added 1 LID usages to temp_RB_ex1.inp
Reset all LID placements
Creating LID placement: LID_RB on 5
  - from_impervious: 41.0% of impervious area
  - LID area: 30750.00 m² (20.50% of total area)
  - Impervious area: 75000.00 m² (50.0% of total)
Added 1 LID controls to temp_controls_RB.inp
Added 1 LID usages to temp_RB_ex1.inp
Reset all LID placements
Creating LID placement: LID_RB on 5
  - from_impervious: 42.0% of impervious area
  - LID area: 31500.00 m² (21.00% of total area)
  - Impervious area: 75000.00 m² (50.0% of total)
Added 1 LID controls to temp_controls_RB.inp
Added 1 LID usages to temp_RB_ex1.inp
Reset all LID placements
Creating LID placement: LID_RB on 5
  - from_impervious: 43.0% of impervious area
  - LID area: 32250.00 m² (21.50% of total area)
  - Impervious area: 75000.00 m² (50.0% of total)
Added 1 LID controls to temp_controls_RB.inp
Added 1 LID usages to temp_RB_ex1.inp
Reset all LID placements
Creating LID placement: LID_RB on 5
  - from_impervious: 44.0% of impervious area
  - LID area: 33000.00 m² (22.00% of total area)
  - Impervious area: 75000.00 m² (50.0% of total)
Added 1 LID controls to temp_controls_RB.inp
Added 1 LID usages to temp_RB_ex1.inp
Reset all LID placements
Creating LID placement: LID_RB on 5
  - from_impervious: 45.0% of impervious area
  - LID area: 33750.00 m² (22.50% of total area)
  - Impervious area: 75000.00 m² (50.0% of total)
Added 1 LID controls to temp_controls_RB.inp
Added 1 LID usages to temp_RB_ex1.inp
Reset all LID placements
Creating LID placement: LID_RB on 5
  - from_impervious: 46.0% of impervious area
  - LID area: 34500.00 m² (23.00% of total area)
  - Impervious area: 75000.00 m² (50.0% of total)
Added 1 LID controls to temp_controls_RB.inp
Added 1 LID usages to temp_RB_ex1.inp
Reset all LID placements
Creating LID placement: LID_RB on 5
  - from_impervious: 47.0% of impervious area
  - LID area: 35250.00 m² (23.50% of total area)
  - Impervious area: 75000.00 m² (50.0% of total)
Added 1 LID controls to temp_controls_RB.inp
Added 1 LID usages to temp_RB_ex1.inp
Reset all LID placements
Creating LID placement: LID_RB on 5
  - from_impervious: 48.0% of impervious area
  - LID area: 36000.00 m² (24.00% of total area)
  - Impervious area: 75000.00 m² (50.0% of total)
Added 1 LID controls to temp_controls_RB.inp
Added 1 LID usages to temp_RB_ex1.inp
Reset all LID placements
Creating LID placement: LID_RB on 5
  - from_impervious: 49.0% of impervious area
  - LID area: 36750.00 m² (24.50% of total area)
  - Impervious area: 75000.00 m² (50.0% of total)
Added 1 LID controls to temp_controls_RB.inp
Added 1 LID usages to temp_RB_ex1.inp
Reset all LID placements
Creating LID placement: LID_RB on 5
  - from_impervious: 50.0% of impervious area
  - LID area: 37500.00 m² (25.00% of total area)
  - Impervious area: 75000.00 m² (50.0% of total)
Added 1 LID controls to temp_controls_RB.inp
Added 1 LID usages to temp_RB_ex1.inp
Reset all LID placements
Creating LID placement: LID_RB on 5
  - from_impervious: 51.0% of impervious area
  - LID area: 38250.00 m² (25.50% of total area)
  - Impervious area: 75000.00 m² (50.0% of total)
Added 1 LID controls to temp_controls_RB.inp
Added 1 LID usages to temp_RB_ex1.inp
Reset all LID placements
Creating LID placement: LID_RB on 5
  - from_impervious: 52.0% of impervious area
  - LID area: 39000.00 m² (26.00% of total area)
  - Impervious area: 75000.00 m² (50.0% of total)
Added 1 LID controls to temp_controls_RB.inp
Added 1 LID usages to temp_RB_ex1.inp
Reset all LID placements
Creating LID placement: LID_RB on 5
  - from_impervious: 53.0% of impervious area
  - LID area: 39750.00 m² (26.50% of total area)
  - Impervious area: 75000.00 m² (50.0% of total)
Added 1 LID controls to temp_controls_RB.inp
Added 1 LID usages to temp_RB_ex1.inp
Reset all LID placements
Creating LID placement: LID_RB on 5
  - from_impervious: 54.0% of impervious area
  - LID area: 40500.00 m² (27.00% of total area)
  - Impervious area: 75000.00 m² (50.0% of total)
Added 1 LID controls to temp_controls_RB.inp
Added 1 LID usages to temp_RB_ex1.inp
Reset all LID placements
Creating LID placement: LID_RB on 5
  - from_impervious: 55.0% of impervious area
  - LID area: 41250.00 m² (27.50% of total area)
  - Impervious area: 75000.00 m² (50.0% of total)
Added 1 LID controls to temp_controls_RB.inp
Added 1 LID usages to temp_RB_ex1.inp
Reset all LID placements
Creating LID placement: LID_RB on 5
  - from_impervious: 56.0% of impervious area
  - LID area: 42000.00 m² (28.00% of total area)
  - Impervious area: 75000.00 m² (50.0% of total)
Added 1 LID controls to temp_controls_RB.inp
Added 1 LID usages to temp_RB_ex1.inp
Reset all LID placements
Creating LID placement: LID_RB on 5
  - from_impervious: 57.0% of impervious area
  - LID area: 42750.00 m² (28.50% of total area)
  - Impervious area: 75000.00 m² (50.0% of total)
Added 1 LID controls to temp_controls_RB.inp
Added 1 LID usages to temp_RB_ex1.inp
Reset all LID placements
Creating LID placement: LID_RB on 5
  - from_impervious: 58.0% of impervious area
  - LID area: 43500.00 m² (29.00% of total area)
  - Impervious area: 75000.00 m² (50.0% of total)
Added 1 LID controls to temp_controls_RB.inp
Added 1 LID usages to temp_RB_ex1.inp
Reset all LID placements
Creating LID placement: LID_RB on 5
  - from_impervious: 59.0% of impervious area
  - LID area: 44250.00 m² (29.50% of total area)
  - Impervious area: 75000.00 m² (50.0% of total)
Added 1 LID controls to temp_controls_RB.inp
Added 1 LID usages to temp_RB_ex1.inp
  Simulating 60%
Reset all LID placements
Creating LID placement: LID_RB on 5
  - from_impervious: 60.0% of impervious area
  - LID area: 45000.00 m² (30.00% of total area)
  - Impervious area: 75000.00 m² (50.0% of total)
Added 1 LID controls to temp_controls_RB.inp
Added 1 LID usages to temp_RB_ex1.inp
Reset all LID placements
Creating LID placement: LID_RB on 5
  - from_impervious: 61.0% of impervious area
  - LID area: 45750.00 m² (30.50% of total area)
  - Impervious area: 75000.00 m² (50.0% of total)
Added 1 LID controls to temp_controls_RB.inp
Added 1 LID usages to temp_RB_ex1.inp
Reset all LID placements
Creating LID placement: LID_RB on 5
  - from_impervious: 62.0% of impervious area
  - LID area: 46500.00 m² (31.00% of total area)
  - Impervious area: 75000.00 m² (50.0% of total)
Added 1 LID controls to temp_controls_RB.inp
Added 1 LID usages to temp_RB_ex1.inp
Reset all LID placements
Creating LID placement: LID_RB on 5
  - from_impervious: 63.0% of impervious area
  - LID area: 47250.00 m² (31.50% of total area)
  - Impervious area: 75000.00 m² (50.0% of total)
Added 1 LID controls to temp_controls_RB.inp
Added 1 LID usages to temp_RB_ex1.inp
Reset all LID placements
Creating LID placement: LID_RB on 5
  - from_impervious: 64.0% of impervious area
  - LID area: 48000.00 m² (32.00% of total area)
  - Impervious area: 75000.00 m² (50.0% of total)
Added 1 LID controls to temp_controls_RB.inp
Added 1 LID usages to temp_RB_ex1.inp
Reset all LID placements
Creating LID placement: LID_RB on 5
  - from_impervious: 65.0% of impervious area
  - LID area: 48750.00 m² (32.50% of total area)
  - Impervious area: 75000.00 m² (50.0% of total)
Added 1 LID controls to temp_controls_RB.inp
Added 1 LID usages to temp_RB_ex1.inp
Reset all LID placements
Creating LID placement: LID_RB on 5
  - from_impervious: 66.0% of impervious area
  - LID area: 49500.00 m² (33.00% of total area)
  - Impervious area: 75000.00 m² (50.0% of total)
Added 1 LID controls to temp_controls_RB.inp
Added 1 LID usages to temp_RB_ex1.inp
Reset all LID placements
Creating LID placement: LID_RB on 5
  - from_impervious: 67.0% of impervious area
  - LID area: 50250.00 m² (33.50% of total area)
  - Impervious area: 75000.00 m² (50.0% of total)
Added 1 LID controls to temp_controls_RB.inp
Added 1 LID usages to temp_RB_ex1.inp
Reset all LID placements
Creating LID placement: LID_RB on 5
  - from_impervious: 68.0% of impervious area
  - LID area: 51000.00 m² (34.00% of total area)
  - Impervious area: 75000.00 m² (50.0% of total)
Added 1 LID controls to temp_controls_RB.inp
Added 1 LID usages to temp_RB_ex1.inp
Reset all LID placements
Creating LID placement: LID_RB on 5
  - from_impervious: 69.0% of impervious area
  - LID area: 51750.00 m² (34.50% of total area)
  - Impervious area: 75000.00 m² (50.0% of total)
Added 1 LID controls to temp_controls_RB.inp
Added 1 LID usages to temp_RB_ex1.inp
Reset all LID placements
Creating LID placement: LID_RB on 5
  - from_impervious: 70.0% of impervious area
  - LID area: 52500.00 m² (35.00% of total area)
  - Impervious area: 75000.00 m² (50.0% of total)
Added 1 LID controls to temp_controls_RB.inp
Added 1 LID usages to temp_RB_ex1.inp
Reset all LID placements
Creating LID placement: LID_RB on 5
  - from_impervious: 71.0% of impervious area
  - LID area: 53250.00 m² (35.50% of total area)
  - Impervious area: 75000.00 m² (50.0% of total)
Added 1 LID controls to temp_controls_RB.inp
Added 1 LID usages to temp_RB_ex1.inp
Reset all LID placements
Creating LID placement: LID_RB on 5
  - from_impervious: 72.0% of impervious area
  - LID area: 54000.00 m² (36.00% of total area)
  - Impervious area: 75000.00 m² (50.0% of total)
Added 1 LID controls to temp_controls_RB.inp
Added 1 LID usages to temp_RB_ex1.inp
Reset all LID placements
Creating LID placement: LID_RB on 5
  - from_impervious: 73.0% of impervious area
  - LID area: 54750.00 m² (36.50% of total area)
  - Impervious area: 75000.00 m² (50.0% of total)
Added 1 LID controls to temp_controls_RB.inp
Added 1 LID usages to temp_RB_ex1.inp
Reset all LID placements
Creating LID placement: LID_RB on 5
  - from_impervious: 74.0% of impervious area
  - LID area: 55500.00 m² (37.00% of total area)
  - Impervious area: 75000.00 m² (50.0% of total)
Added 1 LID controls to temp_controls_RB.inp
Added 1 LID usages to temp_RB_ex1.inp
Reset all LID placements
Creating LID placement: LID_RB on 5
  - from_impervious: 75.0% of impervious area
  - LID area: 56250.00 m² (37.50% of total area)
  - Impervious area: 75000.00 m² (50.0% of total)
Added 1 LID controls to temp_controls_RB.inp
Added 1 LID usages to temp_RB_ex1.inp
Reset all LID placements
Creating LID placement: LID_RB on 5
  - from_impervious: 76.0% of impervious area
  - LID area: 57000.00 m² (38.00% of total area)
  - Impervious area: 75000.00 m² (50.0% of total)
Added 1 LID controls to temp_controls_RB.inp
Added 1 LID usages to temp_RB_ex1.inp
Reset all LID placements
Creating LID placement: LID_RB on 5
  - from_impervious: 77.0% of impervious area
  - LID area: 57750.00 m² (38.50% of total area)
  - Impervious area: 75000.00 m² (50.0% of total)
Added 1 LID controls to temp_controls_RB.inp
Added 1 LID usages to temp_RB_ex1.inp
Reset all LID placements
Creating LID placement: LID_RB on 5
  - from_impervious: 78.0% of impervious area
  - LID area: 58500.00 m² (39.00% of total area)
  - Impervious area: 75000.00 m² (50.0% of total)
Added 1 LID controls to temp_controls_RB.inp
Added 1 LID usages to temp_RB_ex1.inp
Reset all LID placements
Creating LID placement: LID_RB on 5
  - from_impervious: 79.0% of impervious area
  - LID area: 59250.00 m² (39.50% of total area)
  - Impervious area: 75000.00 m² (50.0% of total)
Added 1 LID controls to temp_controls_RB.inp
Added 1 LID usages to temp_RB_ex1.inp
  Simulating 80%
Reset all LID placements
Creating LID placement: LID_RB on 5
  - from_impervious: 80.0% of impervious area
  - LID area: 60000.00 m² (40.00% of total area)
  - Impervious area: 75000.00 m² (50.0% of total)
Added 1 LID controls to temp_controls_RB.inp
Added 1 LID usages to temp_RB_ex1.inp
Reset all LID placements
Creating LID placement: LID_RB on 5
  - from_impervious: 81.0% of impervious area
  - LID area: 60750.00 m² (40.50% of total area)
  - Impervious area: 75000.00 m² (50.0% of total)
Added 1 LID controls to temp_controls_RB.inp
Added 1 LID usages to temp_RB_ex1.inp
Reset all LID placements
Creating LID placement: LID_RB on 5
  - from_impervious: 82.0% of impervious area
  - LID area: 61500.00 m² (41.00% of total area)
  - Impervious area: 75000.00 m² (50.0% of total)
Added 1 LID controls to temp_controls_RB.inp
Added 1 LID usages to temp_RB_ex1.inp
Reset all LID placements
Creating LID placement: LID_RB on 5
  - from_impervious: 83.0% of impervious area
  - LID area: 62250.00 m² (41.50% of total area)
  - Impervious area: 75000.00 m² (50.0% of total)
Added 1 LID controls to temp_controls_RB.inp
Added 1 LID usages to temp_RB_ex1.inp
Reset all LID placements
Creating LID placement: LID_RB on 5
  - from_impervious: 84.0% of impervious area
  - LID area: 63000.00 m² (42.00% of total area)
  - Impervious area: 75000.00 m² (50.0% of total)
Added 1 LID controls to temp_controls_RB.inp
Added 1 LID usages to temp_RB_ex1.inp
Reset all LID placements
Creating LID placement: LID_RB on 5
  - from_impervious: 85.0% of impervious area
  - LID area: 63750.00 m² (42.50% of total area)
  - Impervious area: 75000.00 m² (50.0% of total)
Added 1 LID controls to temp_controls_RB.inp
Added 1 LID usages to temp_RB_ex1.inp
Reset all LID placements
Creating LID placement: LID_RB on 5
  - from_impervious: 86.0% of impervious area
  - LID area: 64500.00 m² (43.00% of total area)
  - Impervious area: 75000.00 m² (50.0% of total)
Added 1 LID controls to temp_controls_RB.inp
Added 1 LID usages to temp_RB_ex1.inp
Reset all LID placements
Creating LID placement: LID_RB on 5
  - from_impervious: 87.0% of impervious area
  - LID area: 65250.00 m² (43.50% of total area)
  - Impervious area: 75000.00 m² (50.0% of total)
Added 1 LID controls to temp_controls_RB.inp
Added 1 LID usages to temp_RB_ex1.inp
Reset all LID placements
Creating LID placement: LID_RB on 5
  - from_impervious: 88.0% of impervious area
  - LID area: 66000.00 m² (44.00% of total area)
  - Impervious area: 75000.00 m² (50.0% of total)
Added 1 LID controls to temp_controls_RB.inp
Added 1 LID usages to temp_RB_ex1.inp
Reset all LID placements
Creating LID placement: LID_RB on 5
  - from_impervious: 89.0% of impervious area
  - LID area: 66750.00 m² (44.50% of total area)
  - Impervious area: 75000.00 m² (50.0% of total)
Added 1 LID controls to temp_controls_RB.inp
Added 1 LID usages to temp_RB_ex1.inp
Reset all LID placements
Creating LID placement: LID_RB on 5
  - from_impervious: 90.0% of impervious area
  - LID area: 67500.00 m² (45.00% of total area)
  - Impervious area: 75000.00 m² (50.0% of total)
Added 1 LID controls to temp_controls_RB.inp
Added 1 LID usages to temp_RB_ex1.inp
Reset all LID placements
Creating LID placement: LID_RB on 5
  - from_impervious: 91.0% of impervious area
  - LID area: 68250.00 m² (45.50% of total area)
  - Impervious area: 75000.00 m² (50.0% of total)
Added 1 LID controls to temp_controls_RB.inp
Added 1 LID usages to temp_RB_ex1.inp
Reset all LID placements
Creating LID placement: LID_RB on 5
  - from_impervious: 92.0% of impervious area
  - LID area: 69000.00 m² (46.00% of total area)
  - Impervious area: 75000.00 m² (50.0% of total)
Added 1 LID controls to temp_controls_RB.inp
Added 1 LID usages to temp_RB_ex1.inp
Reset all LID placements
Creating LID placement: LID_RB on 5
  - from_impervious: 93.0% of impervious area
  - LID area: 69750.00 m² (46.50% of total area)
  - Impervious area: 75000.00 m² (50.0% of total)
Added 1 LID controls to temp_controls_RB.inp
Added 1 LID usages to temp_RB_ex1.inp
Reset all LID placements
Creating LID placement: LID_RB on 5
  - from_impervious: 94.0% of impervious area
  - LID area: 70500.00 m² (47.00% of total area)
  - Impervious area: 75000.00 m² (50.0% of total)
Added 1 LID controls to temp_controls_RB.inp
Added 1 LID usages to temp_RB_ex1.inp
Reset all LID placements
Creating LID placement: LID_RB on 5
  - from_impervious: 95.0% of impervious area
  - LID area: 71250.00 m² (47.50% of total area)
  - Impervious area: 75000.00 m² (50.0% of total)
Added 1 LID controls to temp_controls_RB.inp
Added 1 LID usages to temp_RB_ex1.inp
Reset all LID placements
Creating LID placement: LID_RB on 5
  - from_impervious: 96.0% of impervious area
  - LID area: 72000.00 m² (48.00% of total area)
  - Impervious area: 75000.00 m² (50.0% of total)
Added 1 LID controls to temp_controls_RB.inp
Added 1 LID usages to temp_RB_ex1.inp
Reset all LID placements
Creating LID placement: LID_RB on 5
  - from_impervious: 97.0% of impervious area
  - LID area: 72750.00 m² (48.50% of total area)
  - Impervious area: 75000.00 m² (50.0% of total)
Added 1 LID controls to temp_controls_RB.inp
Added 1 LID usages to temp_RB_ex1.inp
Reset all LID placements
Creating LID placement: LID_RB on 5
  - from_impervious: 98.0% of impervious area
  - LID area: 73500.00 m² (49.00% of total area)
  - Impervious area: 75000.00 m² (50.0% of total)
Added 1 LID controls to temp_controls_RB.inp
Added 1 LID usages to temp_RB_ex1.inp
Reset all LID placements
Creating LID placement: LID_RB on 5
  - from_impervious: 99.0% of impervious area
  - LID area: 74250.00 m² (49.50% of total area)
  - Impervious area: 75000.00 m² (50.0% of total)
Added 1 LID controls to temp_controls_RB.inp
Added 1 LID usages to temp_RB_ex1.inp
  Simulating 100%
Reset all LID placements
Creating LID placement: LID_RB on 5
  - from_impervious: 100.0% of impervious area
  - LID area: 75000.00 m² (50.00% of total area)
  - Impervious area: 75000.00 m² (50.0% of total)
Added 1 LID controls to temp_controls_RB.inp
Added 1 LID usages to temp_RB_ex1.inp
  Data saved to RB_data.csv
  Graph saved to RB_result.png

============================================================
Processing LID Type: Vegetative Swale (VS)
============================================================
Using Default Parameters
Created LID configuration: LID_VS (LIDType.VEGETATIVE_SWALE)
  - Parameters: LIDParameters(surface=[13.0, 0.0, 0.1, 1.0, 5], soil=None, storage=None, pavement=None, drain=None, drainmat=None)
  - Life cycle cost per m2: 100000.0
Reset all LID placements
Creating LID placement: LID_VS on 5
  - from_impervious: 1.0% of impervious area
  - LID area: 750.00 m² (0.50% of total area)
  - Impervious area: 75000.00 m² (50.0% of total)
Added 1 LID controls to temp_controls_VS.inp
Added 1 LID usages to temp_VS_ex1.inp
Reset all LID placements
Creating LID placement: LID_VS on 5
  - from_impervious: 2.0% of impervious area
  - LID area: 1500.00 m² (1.00% of total area)
  - Impervious area: 75000.00 m² (50.0% of total)
Added 1 LID controls to temp_controls_VS.inp
Added 1 LID usages to temp_VS_ex1.inp
Reset all LID placements
Creating LID placement: LID_VS on 5
  - from_impervious: 3.0% of impervious area
  - LID area: 2250.00 m² (1.50% of total area)
  - Impervious area: 75000.00 m² (50.0% of total)
Added 1 LID controls to temp_controls_VS.inp
Added 1 LID usages to temp_VS_ex1.inp
Reset all LID placements
Creating LID placement: LID_VS on 5
  - from_impervious: 4.0% of impervious area
  - LID area: 3000.00 m² (2.00% of total area)
  - Impervious area: 75000.00 m² (50.0% of total)
Added 1 LID controls to temp_controls_VS.inp
Added 1 LID usages to temp_VS_ex1.inp
Reset all LID placements
Creating LID placement: LID_VS on 5
  - from_impervious: 5.0% of impervious area
  - LID area: 3750.00 m² (2.50% of total area)
  - Impervious area: 75000.00 m² (50.0% of total)
Added 1 LID controls to temp_controls_VS.inp
Added 1 LID usages to temp_VS_ex1.inp
Reset all LID placements
Creating LID placement: LID_VS on 5
  - from_impervious: 6.0% of impervious area
  - LID area: 4500.00 m² (3.00% of total area)
  - Impervious area: 75000.00 m² (50.0% of total)
Added 1 LID controls to temp_controls_VS.inp
Added 1 LID usages to temp_VS_ex1.inp
Reset all LID placements
Creating LID placement: LID_VS on 5
  - from_impervious: 7.0% of impervious area
  - LID area: 5250.00 m² (3.50% of total area)
  - Impervious area: 75000.00 m² (50.0% of total)
Added 1 LID controls to temp_controls_VS.inp
Added 1 LID usages to temp_VS_ex1.inp
Reset all LID placements
Creating LID placement: LID_VS on 5
  - from_impervious: 8.0% of impervious area
  - LID area: 6000.00 m² (4.00% of total area)
  - Impervious area: 75000.00 m² (50.0% of total)
Added 1 LID controls to temp_controls_VS.inp
Added 1 LID usages to temp_VS_ex1.inp
Reset all LID placements
Creating LID placement: LID_VS on 5
  - from_impervious: 9.0% of impervious area
  - LID area: 6750.00 m² (4.50% of total area)
  - Impervious area: 75000.00 m² (50.0% of total)
Added 1 LID controls to temp_controls_VS.inp
Added 1 LID usages to temp_VS_ex1.inp
Reset all LID placements
Creating LID placement: LID_VS on 5
  - from_impervious: 10.0% of impervious area
  - LID area: 7500.00 m² (5.00% of total area)
  - Impervious area: 75000.00 m² (50.0% of total)
Added 1 LID controls to temp_controls_VS.inp
Added 1 LID usages to temp_VS_ex1.inp
Reset all LID placements
Creating LID placement: LID_VS on 5
  - from_impervious: 11.0% of impervious area
  - LID area: 8250.00 m² (5.50% of total area)
  - Impervious area: 75000.00 m² (50.0% of total)
Added 1 LID controls to temp_controls_VS.inp
Added 1 LID usages to temp_VS_ex1.inp
Reset all LID placements
Creating LID placement: LID_VS on 5
  - from_impervious: 12.0% of impervious area
  - LID area: 9000.00 m² (6.00% of total area)
  - Impervious area: 75000.00 m² (50.0% of total)
Added 1 LID controls to temp_controls_VS.inp
Added 1 LID usages to temp_VS_ex1.inp
Reset all LID placements
Creating LID placement: LID_VS on 5
  - from_impervious: 13.0% of impervious area
  - LID area: 9750.00 m² (6.50% of total area)
  - Impervious area: 75000.00 m² (50.0% of total)
Added 1 LID controls to temp_controls_VS.inp
Added 1 LID usages to temp_VS_ex1.inp
Reset all LID placements
Creating LID placement: LID_VS on 5
  - from_impervious: 14.0% of impervious area
  - LID area: 10500.00 m² (7.00% of total area)
  - Impervious area: 75000.00 m² (50.0% of total)
Added 1 LID controls to temp_controls_VS.inp
Added 1 LID usages to temp_VS_ex1.inp
Reset all LID placements
Creating LID placement: LID_VS on 5
  - from_impervious: 15.0% of impervious area
  - LID area: 11250.00 m² (7.50% of total area)
  - Impervious area: 75000.00 m² (50.0% of total)
Added 1 LID controls to temp_controls_VS.inp
Added 1 LID usages to temp_VS_ex1.inp
Reset all LID placements
Creating LID placement: LID_VS on 5
  - from_impervious: 16.0% of impervious area
  - LID area: 12000.00 m² (8.00% of total area)
  - Impervious area: 75000.00 m² (50.0% of total)
Added 1 LID controls to temp_controls_VS.inp
Added 1 LID usages to temp_VS_ex1.inp
Reset all LID placements
Creating LID placement: LID_VS on 5
  - from_impervious: 17.0% of impervious area
  - LID area: 12750.00 m² (8.50% of total area)
  - Impervious area: 75000.00 m² (50.0% of total)
Added 1 LID controls to temp_controls_VS.inp
Added 1 LID usages to temp_VS_ex1.inp
Reset all LID placements
Creating LID placement: LID_VS on 5
  - from_impervious: 18.0% of impervious area
  - LID area: 13500.00 m² (9.00% of total area)
  - Impervious area: 75000.00 m² (50.0% of total)
Added 1 LID controls to temp_controls_VS.inp
Added 1 LID usages to temp_VS_ex1.inp
Reset all LID placements
Creating LID placement: LID_VS on 5
  - from_impervious: 19.0% of impervious area
  - LID area: 14250.00 m² (9.50% of total area)
  - Impervious area: 75000.00 m² (50.0% of total)
Added 1 LID controls to temp_controls_VS.inp
Added 1 LID usages to temp_VS_ex1.inp
  Simulating 20%
Reset all LID placements
Creating LID placement: LID_VS on 5
  - from_impervious: 20.0% of impervious area
  - LID area: 15000.00 m² (10.00% of total area)
  - Impervious area: 75000.00 m² (50.0% of total)
Added 1 LID controls to temp_controls_VS.inp
Added 1 LID usages to temp_VS_ex1.inp
Reset all LID placements
Creating LID placement: LID_VS on 5
  - from_impervious: 21.0% of impervious area
  - LID area: 15750.00 m² (10.50% of total area)
  - Impervious area: 75000.00 m² (50.0% of total)
Added 1 LID controls to temp_controls_VS.inp
Added 1 LID usages to temp_VS_ex1.inp
Reset all LID placements
Creating LID placement: LID_VS on 5
  - from_impervious: 22.0% of impervious area
  - LID area: 16500.00 m² (11.00% of total area)
  - Impervious area: 75000.00 m² (50.0% of total)
Added 1 LID controls to temp_controls_VS.inp
Added 1 LID usages to temp_VS_ex1.inp
Reset all LID placements
Creating LID placement: LID_VS on 5
  - from_impervious: 23.0% of impervious area
  - LID area: 17250.00 m² (11.50% of total area)
  - Impervious area: 75000.00 m² (50.0% of total)
Added 1 LID controls to temp_controls_VS.inp
Added 1 LID usages to temp_VS_ex1.inp
Reset all LID placements
Creating LID placement: LID_VS on 5
  - from_impervious: 24.0% of impervious area
  - LID area: 18000.00 m² (12.00% of total area)
  - Impervious area: 75000.00 m² (50.0% of total)
Added 1 LID controls to temp_controls_VS.inp
Added 1 LID usages to temp_VS_ex1.inp
Reset all LID placements
Creating LID placement: LID_VS on 5
  - from_impervious: 25.0% of impervious area
  - LID area: 18750.00 m² (12.50% of total area)
  - Impervious area: 75000.00 m² (50.0% of total)
Added 1 LID controls to temp_controls_VS.inp
Added 1 LID usages to temp_VS_ex1.inp
Reset all LID placements
Creating LID placement: LID_VS on 5
  - from_impervious: 26.0% of impervious area
  - LID area: 19500.00 m² (13.00% of total area)
  - Impervious area: 75000.00 m² (50.0% of total)
Added 1 LID controls to temp_controls_VS.inp
Added 1 LID usages to temp_VS_ex1.inp
Reset all LID placements
Creating LID placement: LID_VS on 5
  - from_impervious: 27.0% of impervious area
  - LID area: 20250.00 m² (13.50% of total area)
  - Impervious area: 75000.00 m² (50.0% of total)
Added 1 LID controls to temp_controls_VS.inp
Added 1 LID usages to temp_VS_ex1.inp
Reset all LID placements
Creating LID placement: LID_VS on 5
  - from_impervious: 28.0% of impervious area
  - LID area: 21000.00 m² (14.00% of total area)
  - Impervious area: 75000.00 m² (50.0% of total)
Added 1 LID controls to temp_controls_VS.inp
Added 1 LID usages to temp_VS_ex1.inp
Reset all LID placements
Creating LID placement: LID_VS on 5
  - from_impervious: 29.0% of impervious area
  - LID area: 21750.00 m² (14.50% of total area)
  - Impervious area: 75000.00 m² (50.0% of total)
Added 1 LID controls to temp_controls_VS.inp
Added 1 LID usages to temp_VS_ex1.inp
Reset all LID placements
Creating LID placement: LID_VS on 5
  - from_impervious: 30.0% of impervious area
  - LID area: 22500.00 m² (15.00% of total area)
  - Impervious area: 75000.00 m² (50.0% of total)
Added 1 LID controls to temp_controls_VS.inp
Added 1 LID usages to temp_VS_ex1.inp
Reset all LID placements
Creating LID placement: LID_VS on 5
  - from_impervious: 31.0% of impervious area
  - LID area: 23250.00 m² (15.50% of total area)
  - Impervious area: 75000.00 m² (50.0% of total)
Added 1 LID controls to temp_controls_VS.inp
Added 1 LID usages to temp_VS_ex1.inp
Reset all LID placements
Creating LID placement: LID_VS on 5
  - from_impervious: 32.0% of impervious area
  - LID area: 24000.00 m² (16.00% of total area)
  - Impervious area: 75000.00 m² (50.0% of total)
Added 1 LID controls to temp_controls_VS.inp
Added 1 LID usages to temp_VS_ex1.inp
Reset all LID placements
Creating LID placement: LID_VS on 5
  - from_impervious: 33.0% of impervious area
  - LID area: 24750.00 m² (16.50% of total area)
  - Impervious area: 75000.00 m² (50.0% of total)
Added 1 LID controls to temp_controls_VS.inp
Added 1 LID usages to temp_VS_ex1.inp
Reset all LID placements
Creating LID placement: LID_VS on 5
  - from_impervious: 34.0% of impervious area
  - LID area: 25500.00 m² (17.00% of total area)
  - Impervious area: 75000.00 m² (50.0% of total)
Added 1 LID controls to temp_controls_VS.inp
Added 1 LID usages to temp_VS_ex1.inp
Reset all LID placements
Creating LID placement: LID_VS on 5
  - from_impervious: 35.0% of impervious area
  - LID area: 26250.00 m² (17.50% of total area)
  - Impervious area: 75000.00 m² (50.0% of total)
Added 1 LID controls to temp_controls_VS.inp
Added 1 LID usages to temp_VS_ex1.inp
Reset all LID placements
Creating LID placement: LID_VS on 5
  - from_impervious: 36.0% of impervious area
  - LID area: 27000.00 m² (18.00% of total area)
  - Impervious area: 75000.00 m² (50.0% of total)
Added 1 LID controls to temp_controls_VS.inp
Added 1 LID usages to temp_VS_ex1.inp
Reset all LID placements
Creating LID placement: LID_VS on 5
  - from_impervious: 37.0% of impervious area
  - LID area: 27750.00 m² (18.50% of total area)
  - Impervious area: 75000.00 m² (50.0% of total)
Added 1 LID controls to temp_controls_VS.inp
Added 1 LID usages to temp_VS_ex1.inp
Reset all LID placements
Creating LID placement: LID_VS on 5
  - from_impervious: 38.0% of impervious area
  - LID area: 28500.00 m² (19.00% of total area)
  - Impervious area: 75000.00 m² (50.0% of total)
Added 1 LID controls to temp_controls_VS.inp
Added 1 LID usages to temp_VS_ex1.inp
Reset all LID placements
Creating LID placement: LID_VS on 5
  - from_impervious: 39.0% of impervious area
  - LID area: 29250.00 m² (19.50% of total area)
  - Impervious area: 75000.00 m² (50.0% of total)
Added 1 LID controls to temp_controls_VS.inp
Added 1 LID usages to temp_VS_ex1.inp
  Simulating 40%
Reset all LID placements
Creating LID placement: LID_VS on 5
  - from_impervious: 40.0% of impervious area
  - LID area: 30000.00 m² (20.00% of total area)
  - Impervious area: 75000.00 m² (50.0% of total)
Added 1 LID controls to temp_controls_VS.inp
Added 1 LID usages to temp_VS_ex1.inp
Reset all LID placements
Creating LID placement: LID_VS on 5
  - from_impervious: 41.0% of impervious area
  - LID area: 30750.00 m² (20.50% of total area)
  - Impervious area: 75000.00 m² (50.0% of total)
Added 1 LID controls to temp_controls_VS.inp
Added 1 LID usages to temp_VS_ex1.inp
Reset all LID placements
Creating LID placement: LID_VS on 5
  - from_impervious: 42.0% of impervious area
  - LID area: 31500.00 m² (21.00% of total area)
  - Impervious area: 75000.00 m² (50.0% of total)
Added 1 LID controls to temp_controls_VS.inp
Added 1 LID usages to temp_VS_ex1.inp
Reset all LID placements
Creating LID placement: LID_VS on 5
  - from_impervious: 43.0% of impervious area
  - LID area: 32250.00 m² (21.50% of total area)
  - Impervious area: 75000.00 m² (50.0% of total)
Added 1 LID controls to temp_controls_VS.inp
Added 1 LID usages to temp_VS_ex1.inp
Reset all LID placements
Creating LID placement: LID_VS on 5
  - from_impervious: 44.0% of impervious area
  - LID area: 33000.00 m² (22.00% of total area)
  - Impervious area: 75000.00 m² (50.0% of total)
Added 1 LID controls to temp_controls_VS.inp
Added 1 LID usages to temp_VS_ex1.inp
Reset all LID placements
Creating LID placement: LID_VS on 5
  - from_impervious: 45.0% of impervious area
  - LID area: 33750.00 m² (22.50% of total area)
  - Impervious area: 75000.00 m² (50.0% of total)
Added 1 LID controls to temp_controls_VS.inp
Added 1 LID usages to temp_VS_ex1.inp
Reset all LID placements
Creating LID placement: LID_VS on 5
  - from_impervious: 46.0% of impervious area
  - LID area: 34500.00 m² (23.00% of total area)
  - Impervious area: 75000.00 m² (50.0% of total)
Added 1 LID controls to temp_controls_VS.inp
Added 1 LID usages to temp_VS_ex1.inp
Reset all LID placements
Creating LID placement: LID_VS on 5
  - from_impervious: 47.0% of impervious area
  - LID area: 35250.00 m² (23.50% of total area)
  - Impervious area: 75000.00 m² (50.0% of total)
Added 1 LID controls to temp_controls_VS.inp
Added 1 LID usages to temp_VS_ex1.inp
Reset all LID placements
Creating LID placement: LID_VS on 5
  - from_impervious: 48.0% of impervious area
  - LID area: 36000.00 m² (24.00% of total area)
  - Impervious area: 75000.00 m² (50.0% of total)
Added 1 LID controls to temp_controls_VS.inp
Added 1 LID usages to temp_VS_ex1.inp
Reset all LID placements
Creating LID placement: LID_VS on 5
  - from_impervious: 49.0% of impervious area
  - LID area: 36750.00 m² (24.50% of total area)
  - Impervious area: 75000.00 m² (50.0% of total)
Added 1 LID controls to temp_controls_VS.inp
Added 1 LID usages to temp_VS_ex1.inp
Reset all LID placements
Creating LID placement: LID_VS on 5
  - from_impervious: 50.0% of impervious area
  - LID area: 37500.00 m² (25.00% of total area)
  - Impervious area: 75000.00 m² (50.0% of total)
Added 1 LID controls to temp_controls_VS.inp
Added 1 LID usages to temp_VS_ex1.inp
Reset all LID placements
Creating LID placement: LID_VS on 5
  - from_impervious: 51.0% of impervious area
  - LID area: 38250.00 m² (25.50% of total area)
  - Impervious area: 75000.00 m² (50.0% of total)
Added 1 LID controls to temp_controls_VS.inp
Added 1 LID usages to temp_VS_ex1.inp
Reset all LID placements
Creating LID placement: LID_VS on 5
  - from_impervious: 52.0% of impervious area
  - LID area: 39000.00 m² (26.00% of total area)
  - Impervious area: 75000.00 m² (50.0% of total)
Added 1 LID controls to temp_controls_VS.inp
Added 1 LID usages to temp_VS_ex1.inp
Reset all LID placements
Creating LID placement: LID_VS on 5
  - from_impervious: 53.0% of impervious area
  - LID area: 39750.00 m² (26.50% of total area)
  - Impervious area: 75000.00 m² (50.0% of total)
Added 1 LID controls to temp_controls_VS.inp
Added 1 LID usages to temp_VS_ex1.inp
Reset all LID placements
Creating LID placement: LID_VS on 5
  - from_impervious: 54.0% of impervious area
  - LID area: 40500.00 m² (27.00% of total area)
  - Impervious area: 75000.00 m² (50.0% of total)
Added 1 LID controls to temp_controls_VS.inp
Added 1 LID usages to temp_VS_ex1.inp
Reset all LID placements
Creating LID placement: LID_VS on 5
  - from_impervious: 55.0% of impervious area
  - LID area: 41250.00 m² (27.50% of total area)
  - Impervious area: 75000.00 m² (50.0% of total)
Added 1 LID controls to temp_controls_VS.inp
Added 1 LID usages to temp_VS_ex1.inp
Reset all LID placements
Creating LID placement: LID_VS on 5
  - from_impervious: 56.0% of impervious area
  - LID area: 42000.00 m² (28.00% of total area)
  - Impervious area: 75000.00 m² (50.0% of total)
Added 1 LID controls to temp_controls_VS.inp
Added 1 LID usages to temp_VS_ex1.inp
Reset all LID placements
Creating LID placement: LID_VS on 5
  - from_impervious: 57.0% of impervious area
  - LID area: 42750.00 m² (28.50% of total area)
  - Impervious area: 75000.00 m² (50.0% of total)
Added 1 LID controls to temp_controls_VS.inp
Added 1 LID usages to temp_VS_ex1.inp
Reset all LID placements
Creating LID placement: LID_VS on 5
  - from_impervious: 58.0% of impervious area
  - LID area: 43500.00 m² (29.00% of total area)
  - Impervious area: 75000.00 m² (50.0% of total)
Added 1 LID controls to temp_controls_VS.inp
Added 1 LID usages to temp_VS_ex1.inp
Reset all LID placements
Creating LID placement: LID_VS on 5
  - from_impervious: 59.0% of impervious area
  - LID area: 44250.00 m² (29.50% of total area)
  - Impervious area: 75000.00 m² (50.0% of total)
Added 1 LID controls to temp_controls_VS.inp
Added 1 LID usages to temp_VS_ex1.inp
  Simulating 60%
Reset all LID placements
Creating LID placement: LID_VS on 5
  - from_impervious: 60.0% of impervious area
  - LID area: 45000.00 m² (30.00% of total area)
  - Impervious area: 75000.00 m² (50.0% of total)
Added 1 LID controls to temp_controls_VS.inp
Added 1 LID usages to temp_VS_ex1.inp
Reset all LID placements
Creating LID placement: LID_VS on 5
  - from_impervious: 61.0% of impervious area
  - LID area: 45750.00 m² (30.50% of total area)
  - Impervious area: 75000.00 m² (50.0% of total)
Added 1 LID controls to temp_controls_VS.inp
Added 1 LID usages to temp_VS_ex1.inp
Reset all LID placements
Creating LID placement: LID_VS on 5
  - from_impervious: 62.0% of impervious area
  - LID area: 46500.00 m² (31.00% of total area)
  - Impervious area: 75000.00 m² (50.0% of total)
Added 1 LID controls to temp_controls_VS.inp
Added 1 LID usages to temp_VS_ex1.inp
Reset all LID placements
Creating LID placement: LID_VS on 5
  - from_impervious: 63.0% of impervious area
  - LID area: 47250.00 m² (31.50% of total area)
  - Impervious area: 75000.00 m² (50.0% of total)
Added 1 LID controls to temp_controls_VS.inp
Added 1 LID usages to temp_VS_ex1.inp
Reset all LID placements
Creating LID placement: LID_VS on 5
  - from_impervious: 64.0% of impervious area
  - LID area: 48000.00 m² (32.00% of total area)
  - Impervious area: 75000.00 m² (50.0% of total)
Added 1 LID controls to temp_controls_VS.inp
Added 1 LID usages to temp_VS_ex1.inp
Reset all LID placements
Creating LID placement: LID_VS on 5
  - from_impervious: 65.0% of impervious area
  - LID area: 48750.00 m² (32.50% of total area)
  - Impervious area: 75000.00 m² (50.0% of total)
Added 1 LID controls to temp_controls_VS.inp
Added 1 LID usages to temp_VS_ex1.inp
Reset all LID placements
Creating LID placement: LID_VS on 5
  - from_impervious: 66.0% of impervious area
  - LID area: 49500.00 m² (33.00% of total area)
  - Impervious area: 75000.00 m² (50.0% of total)
Added 1 LID controls to temp_controls_VS.inp
Added 1 LID usages to temp_VS_ex1.inp
Reset all LID placements
Creating LID placement: LID_VS on 5
  - from_impervious: 67.0% of impervious area
  - LID area: 50250.00 m² (33.50% of total area)
  - Impervious area: 75000.00 m² (50.0% of total)
Added 1 LID controls to temp_controls_VS.inp
Added 1 LID usages to temp_VS_ex1.inp
Reset all LID placements
Creating LID placement: LID_VS on 5
  - from_impervious: 68.0% of impervious area
  - LID area: 51000.00 m² (34.00% of total area)
  - Impervious area: 75000.00 m² (50.0% of total)
Added 1 LID controls to temp_controls_VS.inp
Added 1 LID usages to temp_VS_ex1.inp
Reset all LID placements
Creating LID placement: LID_VS on 5
  - from_impervious: 69.0% of impervious area
  - LID area: 51750.00 m² (34.50% of total area)
  - Impervious area: 75000.00 m² (50.0% of total)
Added 1 LID controls to temp_controls_VS.inp
Added 1 LID usages to temp_VS_ex1.inp
Reset all LID placements
Creating LID placement: LID_VS on 5
  - from_impervious: 70.0% of impervious area
  - LID area: 52500.00 m² (35.00% of total area)
  - Impervious area: 75000.00 m² (50.0% of total)
Added 1 LID controls to temp_controls_VS.inp
Added 1 LID usages to temp_VS_ex1.inp
Reset all LID placements
Creating LID placement: LID_VS on 5
  - from_impervious: 71.0% of impervious area
  - LID area: 53250.00 m² (35.50% of total area)
  - Impervious area: 75000.00 m² (50.0% of total)
Added 1 LID controls to temp_controls_VS.inp
Added 1 LID usages to temp_VS_ex1.inp
Reset all LID placements
Creating LID placement: LID_VS on 5
  - from_impervious: 72.0% of impervious area
  - LID area: 54000.00 m² (36.00% of total area)
  - Impervious area: 75000.00 m² (50.0% of total)
Added 1 LID controls to temp_controls_VS.inp
Added 1 LID usages to temp_VS_ex1.inp
Reset all LID placements
Creating LID placement: LID_VS on 5
  - from_impervious: 73.0% of impervious area
  - LID area: 54750.00 m² (36.50% of total area)
  - Impervious area: 75000.00 m² (50.0% of total)
Added 1 LID controls to temp_controls_VS.inp
Added 1 LID usages to temp_VS_ex1.inp
Reset all LID placements
Creating LID placement: LID_VS on 5
  - from_impervious: 74.0% of impervious area
  - LID area: 55500.00 m² (37.00% of total area)
  - Impervious area: 75000.00 m² (50.0% of total)
Added 1 LID controls to temp_controls_VS.inp
Added 1 LID usages to temp_VS_ex1.inp
Reset all LID placements
Creating LID placement: LID_VS on 5
  - from_impervious: 75.0% of impervious area
  - LID area: 56250.00 m² (37.50% of total area)
  - Impervious area: 75000.00 m² (50.0% of total)
Added 1 LID controls to temp_controls_VS.inp
Added 1 LID usages to temp_VS_ex1.inp
Reset all LID placements
Creating LID placement: LID_VS on 5
  - from_impervious: 76.0% of impervious area
  - LID area: 57000.00 m² (38.00% of total area)
  - Impervious area: 75000.00 m² (50.0% of total)
Added 1 LID controls to temp_controls_VS.inp
Added 1 LID usages to temp_VS_ex1.inp
Reset all LID placements
Creating LID placement: LID_VS on 5
  - from_impervious: 77.0% of impervious area
  - LID area: 57750.00 m² (38.50% of total area)
  - Impervious area: 75000.00 m² (50.0% of total)
Added 1 LID controls to temp_controls_VS.inp
Added 1 LID usages to temp_VS_ex1.inp
Reset all LID placements
Creating LID placement: LID_VS on 5
  - from_impervious: 78.0% of impervious area
  - LID area: 58500.00 m² (39.00% of total area)
  - Impervious area: 75000.00 m² (50.0% of total)
Added 1 LID controls to temp_controls_VS.inp
Added 1 LID usages to temp_VS_ex1.inp
Reset all LID placements
Creating LID placement: LID_VS on 5
  - from_impervious: 79.0% of impervious area
  - LID area: 59250.00 m² (39.50% of total area)
  - Impervious area: 75000.00 m² (50.0% of total)
Added 1 LID controls to temp_controls_VS.inp
Added 1 LID usages to temp_VS_ex1.inp
  Simulating 80%
Reset all LID placements
Creating LID placement: LID_VS on 5
  - from_impervious: 80.0% of impervious area
  - LID area: 60000.00 m² (40.00% of total area)
  - Impervious area: 75000.00 m² (50.0% of total)
Added 1 LID controls to temp_controls_VS.inp
Added 1 LID usages to temp_VS_ex1.inp
Reset all LID placements
Creating LID placement: LID_VS on 5
  - from_impervious: 81.0% of impervious area
  - LID area: 60750.00 m² (40.50% of total area)
  - Impervious area: 75000.00 m² (50.0% of total)
Added 1 LID controls to temp_controls_VS.inp
Added 1 LID usages to temp_VS_ex1.inp
Reset all LID placements
Creating LID placement: LID_VS on 5
  - from_impervious: 82.0% of impervious area
  - LID area: 61500.00 m² (41.00% of total area)
  - Impervious area: 75000.00 m² (50.0% of total)
Added 1 LID controls to temp_controls_VS.inp
Added 1 LID usages to temp_VS_ex1.inp
Reset all LID placements
Creating LID placement: LID_VS on 5
  - from_impervious: 83.0% of impervious area
  - LID area: 62250.00 m² (41.50% of total area)
  - Impervious area: 75000.00 m² (50.0% of total)
Added 1 LID controls to temp_controls_VS.inp
Added 1 LID usages to temp_VS_ex1.inp
Reset all LID placements
Creating LID placement: LID_VS on 5
  - from_impervious: 84.0% of impervious area
  - LID area: 63000.00 m² (42.00% of total area)
  - Impervious area: 75000.00 m² (50.0% of total)
Added 1 LID controls to temp_controls_VS.inp
Added 1 LID usages to temp_VS_ex1.inp
Reset all LID placements
Creating LID placement: LID_VS on 5
  - from_impervious: 85.0% of impervious area
  - LID area: 63750.00 m² (42.50% of total area)
  - Impervious area: 75000.00 m² (50.0% of total)
Added 1 LID controls to temp_controls_VS.inp
Added 1 LID usages to temp_VS_ex1.inp
Reset all LID placements
Creating LID placement: LID_VS on 5
  - from_impervious: 86.0% of impervious area
  - LID area: 64500.00 m² (43.00% of total area)
  - Impervious area: 75000.00 m² (50.0% of total)
Added 1 LID controls to temp_controls_VS.inp
Added 1 LID usages to temp_VS_ex1.inp
Reset all LID placements
Creating LID placement: LID_VS on 5
  - from_impervious: 87.0% of impervious area
  - LID area: 65250.00 m² (43.50% of total area)
  - Impervious area: 75000.00 m² (50.0% of total)
Added 1 LID controls to temp_controls_VS.inp
Added 1 LID usages to temp_VS_ex1.inp
Reset all LID placements
Creating LID placement: LID_VS on 5
  - from_impervious: 88.0% of impervious area
  - LID area: 66000.00 m² (44.00% of total area)
  - Impervious area: 75000.00 m² (50.0% of total)
Added 1 LID controls to temp_controls_VS.inp
Added 1 LID usages to temp_VS_ex1.inp
Reset all LID placements
Creating LID placement: LID_VS on 5
  - from_impervious: 89.0% of impervious area
  - LID area: 66750.00 m² (44.50% of total area)
  - Impervious area: 75000.00 m² (50.0% of total)
Added 1 LID controls to temp_controls_VS.inp
Added 1 LID usages to temp_VS_ex1.inp
Reset all LID placements
Creating LID placement: LID_VS on 5
  - from_impervious: 90.0% of impervious area
  - LID area: 67500.00 m² (45.00% of total area)
  - Impervious area: 75000.00 m² (50.0% of total)
Added 1 LID controls to temp_controls_VS.inp
Added 1 LID usages to temp_VS_ex1.inp
Reset all LID placements
Creating LID placement: LID_VS on 5
  - from_impervious: 91.0% of impervious area
  - LID area: 68250.00 m² (45.50% of total area)
  - Impervious area: 75000.00 m² (50.0% of total)
Added 1 LID controls to temp_controls_VS.inp
Added 1 LID usages to temp_VS_ex1.inp
Reset all LID placements
Creating LID placement: LID_VS on 5
  - from_impervious: 92.0% of impervious area
  - LID area: 69000.00 m² (46.00% of total area)
  - Impervious area: 75000.00 m² (50.0% of total)
Added 1 LID controls to temp_controls_VS.inp
Added 1 LID usages to temp_VS_ex1.inp
Reset all LID placements
Creating LID placement: LID_VS on 5
  - from_impervious: 93.0% of impervious area
  - LID area: 69750.00 m² (46.50% of total area)
  - Impervious area: 75000.00 m² (50.0% of total)
Added 1 LID controls to temp_controls_VS.inp
Added 1 LID usages to temp_VS_ex1.inp
Reset all LID placements
Creating LID placement: LID_VS on 5
  - from_impervious: 94.0% of impervious area
  - LID area: 70500.00 m² (47.00% of total area)
  - Impervious area: 75000.00 m² (50.0% of total)
Added 1 LID controls to temp_controls_VS.inp
Added 1 LID usages to temp_VS_ex1.inp
Reset all LID placements
Creating LID placement: LID_VS on 5
  - from_impervious: 95.0% of impervious area
  - LID area: 71250.00 m² (47.50% of total area)
  - Impervious area: 75000.00 m² (50.0% of total)
Added 1 LID controls to temp_controls_VS.inp
Added 1 LID usages to temp_VS_ex1.inp
Reset all LID placements
Creating LID placement: LID_VS on 5
  - from_impervious: 96.0% of impervious area
  - LID area: 72000.00 m² (48.00% of total area)
  - Impervious area: 75000.00 m² (50.0% of total)
Added 1 LID controls to temp_controls_VS.inp
Added 1 LID usages to temp_VS_ex1.inp
Reset all LID placements
Creating LID placement: LID_VS on 5
  - from_impervious: 97.0% of impervious area
  - LID area: 72750.00 m² (48.50% of total area)
  - Impervious area: 75000.00 m² (50.0% of total)
Added 1 LID controls to temp_controls_VS.inp
Added 1 LID usages to temp_VS_ex1.inp
Reset all LID placements
Creating LID placement: LID_VS on 5
  - from_impervious: 98.0% of impervious area
  - LID area: 73500.00 m² (49.00% of total area)
  - Impervious area: 75000.00 m² (50.0% of total)
Added 1 LID controls to temp_controls_VS.inp
Added 1 LID usages to temp_VS_ex1.inp
Reset all LID placements
Creating LID placement: LID_VS on 5
  - from_impervious: 99.0% of impervious area
  - LID area: 74250.00 m² (49.50% of total area)
  - Impervious area: 75000.00 m² (50.0% of total)
Added 1 LID controls to temp_controls_VS.inp
Added 1 LID usages to temp_VS_ex1.inp
  Simulating 100%
Reset all LID placements
Creating LID placement: LID_VS on 5
  - from_impervious: 100.0% of impervious area
  - LID area: 75000.00 m² (50.00% of total area)
  - Impervious area: 75000.00 m² (50.0% of total)
Added 1 LID controls to temp_controls_VS.inp
Added 1 LID usages to temp_VS_ex1.inp
  Data saved to VS_data.csv
  Graph saved to VS_result.png

============================================================
Processing LID Type: Rooftop Disconnection (RD)
============================================================
Using Default Parameters
Created LID configuration: LID_RD (LIDType.ROOFTOP_DISCONNECTION)
  - Parameters: LIDParameters(surface=[100, 0, 0.015, 1, 0], soil=None, storage=None, pavement=None, drain=[0, 0.5, 6, 6, 0, 0], drainmat=None)
  - Life cycle cost per m2: 100000.0
Reset all LID placements
Creating LID placement: LID_RD on 5
  - from_impervious: 1.0% of impervious area
  - LID area: 750.00 m² (0.50% of total area)
  - Impervious area: 75000.00 m² (50.0% of total)
Added 1 LID controls to temp_controls_RD.inp
Added 1 LID usages to temp_RD_ex1.inp
Reset all LID placements
Creating LID placement: LID_RD on 5
  - from_impervious: 2.0% of impervious area
  - LID area: 1500.00 m² (1.00% of total area)
  - Impervious area: 75000.00 m² (50.0% of total)
Added 1 LID controls to temp_controls_RD.inp
Added 1 LID usages to temp_RD_ex1.inp
Reset all LID placements
Creating LID placement: LID_RD on 5
  - from_impervious: 3.0% of impervious area
  - LID area: 2250.00 m² (1.50% of total area)
  - Impervious area: 75000.00 m² (50.0% of total)
Added 1 LID controls to temp_controls_RD.inp
Added 1 LID usages to temp_RD_ex1.inp
Reset all LID placements
Creating LID placement: LID_RD on 5
  - from_impervious: 4.0% of impervious area
  - LID area: 3000.00 m² (2.00% of total area)
  - Impervious area: 75000.00 m² (50.0% of total)
Added 1 LID controls to temp_controls_RD.inp
Added 1 LID usages to temp_RD_ex1.inp
Reset all LID placements
Creating LID placement: LID_RD on 5
  - from_impervious: 5.0% of impervious area
  - LID area: 3750.00 m² (2.50% of total area)
  - Impervious area: 75000.00 m² (50.0% of total)
Added 1 LID controls to temp_controls_RD.inp
Added 1 LID usages to temp_RD_ex1.inp
Reset all LID placements
Creating LID placement: LID_RD on 5
  - from_impervious: 6.0% of impervious area
  - LID area: 4500.00 m² (3.00% of total area)
  - Impervious area: 75000.00 m² (50.0% of total)
Added 1 LID controls to temp_controls_RD.inp
Added 1 LID usages to temp_RD_ex1.inp
Reset all LID placements
Creating LID placement: LID_RD on 5
  - from_impervious: 7.0% of impervious area
  - LID area: 5250.00 m² (3.50% of total area)
  - Impervious area: 75000.00 m² (50.0% of total)
Added 1 LID controls to temp_controls_RD.inp
Added 1 LID usages to temp_RD_ex1.inp
Reset all LID placements
Creating LID placement: LID_RD on 5
  - from_impervious: 8.0% of impervious area
  - LID area: 6000.00 m² (4.00% of total area)
  - Impervious area: 75000.00 m² (50.0% of total)
Added 1 LID controls to temp_controls_RD.inp
Added 1 LID usages to temp_RD_ex1.inp
Reset all LID placements
Creating LID placement: LID_RD on 5
  - from_impervious: 9.0% of impervious area
  - LID area: 6750.00 m² (4.50% of total area)
  - Impervious area: 75000.00 m² (50.0% of total)
Added 1 LID controls to temp_controls_RD.inp
Added 1 LID usages to temp_RD_ex1.inp
Reset all LID placements
Creating LID placement: LID_RD on 5
  - from_impervious: 10.0% of impervious area
  - LID area: 7500.00 m² (5.00% of total area)
  - Impervious area: 75000.00 m² (50.0% of total)
Added 1 LID controls to temp_controls_RD.inp
Added 1 LID usages to temp_RD_ex1.inp
Reset all LID placements
Creating LID placement: LID_RD on 5
  - from_impervious: 11.0% of impervious area
  - LID area: 8250.00 m² (5.50% of total area)
  - Impervious area: 75000.00 m² (50.0% of total)
Added 1 LID controls to temp_controls_RD.inp
Added 1 LID usages to temp_RD_ex1.inp
Reset all LID placements
Creating LID placement: LID_RD on 5
  - from_impervious: 12.0% of impervious area
  - LID area: 9000.00 m² (6.00% of total area)
  - Impervious area: 75000.00 m² (50.0% of total)
Added 1 LID controls to temp_controls_RD.inp
Added 1 LID usages to temp_RD_ex1.inp
Reset all LID placements
Creating LID placement: LID_RD on 5
  - from_impervious: 13.0% of impervious area
  - LID area: 9750.00 m² (6.50% of total area)
  - Impervious area: 75000.00 m² (50.0% of total)
Added 1 LID controls to temp_controls_RD.inp
Added 1 LID usages to temp_RD_ex1.inp
Reset all LID placements
Creating LID placement: LID_RD on 5
  - from_impervious: 14.0% of impervious area
  - LID area: 10500.00 m² (7.00% of total area)
  - Impervious area: 75000.00 m² (50.0% of total)
Added 1 LID controls to temp_controls_RD.inp
Added 1 LID usages to temp_RD_ex1.inp
Reset all LID placements
Creating LID placement: LID_RD on 5
  - from_impervious: 15.0% of impervious area
  - LID area: 11250.00 m² (7.50% of total area)
  - Impervious area: 75000.00 m² (50.0% of total)
Added 1 LID controls to temp_controls_RD.inp
Added 1 LID usages to temp_RD_ex1.inp
Reset all LID placements
Creating LID placement: LID_RD on 5
  - from_impervious: 16.0% of impervious area
  - LID area: 12000.00 m² (8.00% of total area)
  - Impervious area: 75000.00 m² (50.0% of total)
Added 1 LID controls to temp_controls_RD.inp
Added 1 LID usages to temp_RD_ex1.inp
Reset all LID placements
Creating LID placement: LID_RD on 5
  - from_impervious: 17.0% of impervious area
  - LID area: 12750.00 m² (8.50% of total area)
  - Impervious area: 75000.00 m² (50.0% of total)
Added 1 LID controls to temp_controls_RD.inp
Added 1 LID usages to temp_RD_ex1.inp
Reset all LID placements
Creating LID placement: LID_RD on 5
  - from_impervious: 18.0% of impervious area
  - LID area: 13500.00 m² (9.00% of total area)
  - Impervious area: 75000.00 m² (50.0% of total)
Added 1 LID controls to temp_controls_RD.inp
Added 1 LID usages to temp_RD_ex1.inp
Reset all LID placements
Creating LID placement: LID_RD on 5
  - from_impervious: 19.0% of impervious area
  - LID area: 14250.00 m² (9.50% of total area)
  - Impervious area: 75000.00 m² (50.0% of total)
Added 1 LID controls to temp_controls_RD.inp
Added 1 LID usages to temp_RD_ex1.inp
  Simulating 20%
Reset all LID placements
Creating LID placement: LID_RD on 5
  - from_impervious: 20.0% of impervious area
  - LID area: 15000.00 m² (10.00% of total area)
  - Impervious area: 75000.00 m² (50.0% of total)
Added 1 LID controls to temp_controls_RD.inp
Added 1 LID usages to temp_RD_ex1.inp
Reset all LID placements
Creating LID placement: LID_RD on 5
  - from_impervious: 21.0% of impervious area
  - LID area: 15750.00 m² (10.50% of total area)
  - Impervious area: 75000.00 m² (50.0% of total)
Added 1 LID controls to temp_controls_RD.inp
Added 1 LID usages to temp_RD_ex1.inp
Reset all LID placements
Creating LID placement: LID_RD on 5
  - from_impervious: 22.0% of impervious area
  - LID area: 16500.00 m² (11.00% of total area)
  - Impervious area: 75000.00 m² (50.0% of total)
Added 1 LID controls to temp_controls_RD.inp
Added 1 LID usages to temp_RD_ex1.inp
Reset all LID placements
Creating LID placement: LID_RD on 5
  - from_impervious: 23.0% of impervious area
  - LID area: 17250.00 m² (11.50% of total area)
  - Impervious area: 75000.00 m² (50.0% of total)
Added 1 LID controls to temp_controls_RD.inp
Added 1 LID usages to temp_RD_ex1.inp
Reset all LID placements
Creating LID placement: LID_RD on 5
  - from_impervious: 24.0% of impervious area
  - LID area: 18000.00 m² (12.00% of total area)
  - Impervious area: 75000.00 m² (50.0% of total)
Added 1 LID controls to temp_controls_RD.inp
Added 1 LID usages to temp_RD_ex1.inp
Reset all LID placements
Creating LID placement: LID_RD on 5
  - from_impervious: 25.0% of impervious area
  - LID area: 18750.00 m² (12.50% of total area)
  - Impervious area: 75000.00 m² (50.0% of total)
Added 1 LID controls to temp_controls_RD.inp
Added 1 LID usages to temp_RD_ex1.inp
Reset all LID placements
Creating LID placement: LID_RD on 5
  - from_impervious: 26.0% of impervious area
  - LID area: 19500.00 m² (13.00% of total area)
  - Impervious area: 75000.00 m² (50.0% of total)
Added 1 LID controls to temp_controls_RD.inp
Added 1 LID usages to temp_RD_ex1.inp
Reset all LID placements
Creating LID placement: LID_RD on 5
  - from_impervious: 27.0% of impervious area
  - LID area: 20250.00 m² (13.50% of total area)
  - Impervious area: 75000.00 m² (50.0% of total)
Added 1 LID controls to temp_controls_RD.inp
Added 1 LID usages to temp_RD_ex1.inp
Reset all LID placements
Creating LID placement: LID_RD on 5
  - from_impervious: 28.0% of impervious area
  - LID area: 21000.00 m² (14.00% of total area)
  - Impervious area: 75000.00 m² (50.0% of total)
Added 1 LID controls to temp_controls_RD.inp
Added 1 LID usages to temp_RD_ex1.inp
Reset all LID placements
Creating LID placement: LID_RD on 5
  - from_impervious: 29.0% of impervious area
  - LID area: 21750.00 m² (14.50% of total area)
  - Impervious area: 75000.00 m² (50.0% of total)
Added 1 LID controls to temp_controls_RD.inp
Added 1 LID usages to temp_RD_ex1.inp
Reset all LID placements
Creating LID placement: LID_RD on 5
  - from_impervious: 30.0% of impervious area
  - LID area: 22500.00 m² (15.00% of total area)
  - Impervious area: 75000.00 m² (50.0% of total)
Added 1 LID controls to temp_controls_RD.inp
Added 1 LID usages to temp_RD_ex1.inp
Reset all LID placements
Creating LID placement: LID_RD on 5
  - from_impervious: 31.0% of impervious area
  - LID area: 23250.00 m² (15.50% of total area)
  - Impervious area: 75000.00 m² (50.0% of total)
Added 1 LID controls to temp_controls_RD.inp
Added 1 LID usages to temp_RD_ex1.inp
Reset all LID placements
Creating LID placement: LID_RD on 5
  - from_impervious: 32.0% of impervious area
  - LID area: 24000.00 m² (16.00% of total area)
  - Impervious area: 75000.00 m² (50.0% of total)
Added 1 LID controls to temp_controls_RD.inp
Added 1 LID usages to temp_RD_ex1.inp
Reset all LID placements
Creating LID placement: LID_RD on 5
  - from_impervious: 33.0% of impervious area
  - LID area: 24750.00 m² (16.50% of total area)
  - Impervious area: 75000.00 m² (50.0% of total)
Added 1 LID controls to temp_controls_RD.inp
Added 1 LID usages to temp_RD_ex1.inp
Reset all LID placements
Creating LID placement: LID_RD on 5
  - from_impervious: 34.0% of impervious area
  - LID area: 25500.00 m² (17.00% of total area)
  - Impervious area: 75000.00 m² (50.0% of total)
Added 1 LID controls to temp_controls_RD.inp
Added 1 LID usages to temp_RD_ex1.inp
Reset all LID placements
Creating LID placement: LID_RD on 5
  - from_impervious: 35.0% of impervious area
  - LID area: 26250.00 m² (17.50% of total area)
  - Impervious area: 75000.00 m² (50.0% of total)
Added 1 LID controls to temp_controls_RD.inp
Added 1 LID usages to temp_RD_ex1.inp
Reset all LID placements
Creating LID placement: LID_RD on 5
  - from_impervious: 36.0% of impervious area
  - LID area: 27000.00 m² (18.00% of total area)
  - Impervious area: 75000.00 m² (50.0% of total)
Added 1 LID controls to temp_controls_RD.inp
Added 1 LID usages to temp_RD_ex1.inp
Reset all LID placements
Creating LID placement: LID_RD on 5
  - from_impervious: 37.0% of impervious area
  - LID area: 27750.00 m² (18.50% of total area)
  - Impervious area: 75000.00 m² (50.0% of total)
Added 1 LID controls to temp_controls_RD.inp
Added 1 LID usages to temp_RD_ex1.inp
Reset all LID placements
Creating LID placement: LID_RD on 5
  - from_impervious: 38.0% of impervious area
  - LID area: 28500.00 m² (19.00% of total area)
  - Impervious area: 75000.00 m² (50.0% of total)
Added 1 LID controls to temp_controls_RD.inp
Added 1 LID usages to temp_RD_ex1.inp
Reset all LID placements
Creating LID placement: LID_RD on 5
  - from_impervious: 39.0% of impervious area
  - LID area: 29250.00 m² (19.50% of total area)
  - Impervious area: 75000.00 m² (50.0% of total)
Added 1 LID controls to temp_controls_RD.inp
Added 1 LID usages to temp_RD_ex1.inp
  Simulating 40%
Reset all LID placements
Creating LID placement: LID_RD on 5
  - from_impervious: 40.0% of impervious area
  - LID area: 30000.00 m² (20.00% of total area)
  - Impervious area: 75000.00 m² (50.0% of total)
Added 1 LID controls to temp_controls_RD.inp
Added 1 LID usages to temp_RD_ex1.inp
Reset all LID placements
Creating LID placement: LID_RD on 5
  - from_impervious: 41.0% of impervious area
  - LID area: 30750.00 m² (20.50% of total area)
  - Impervious area: 75000.00 m² (50.0% of total)
Added 1 LID controls to temp_controls_RD.inp
Added 1 LID usages to temp_RD_ex1.inp
Reset all LID placements
Creating LID placement: LID_RD on 5
  - from_impervious: 42.0% of impervious area
  - LID area: 31500.00 m² (21.00% of total area)
  - Impervious area: 75000.00 m² (50.0% of total)
Added 1 LID controls to temp_controls_RD.inp
Added 1 LID usages to temp_RD_ex1.inp
Reset all LID placements
Creating LID placement: LID_RD on 5
  - from_impervious: 43.0% of impervious area
  - LID area: 32250.00 m² (21.50% of total area)
  - Impervious area: 75000.00 m² (50.0% of total)
Added 1 LID controls to temp_controls_RD.inp
Added 1 LID usages to temp_RD_ex1.inp
Reset all LID placements
Creating LID placement: LID_RD on 5
  - from_impervious: 44.0% of impervious area
  - LID area: 33000.00 m² (22.00% of total area)
  - Impervious area: 75000.00 m² (50.0% of total)
Added 1 LID controls to temp_controls_RD.inp
Added 1 LID usages to temp_RD_ex1.inp
Reset all LID placements
Creating LID placement: LID_RD on 5
  - from_impervious: 45.0% of impervious area
  - LID area: 33750.00 m² (22.50% of total area)
  - Impervious area: 75000.00 m² (50.0% of total)
Added 1 LID controls to temp_controls_RD.inp
Added 1 LID usages to temp_RD_ex1.inp
Reset all LID placements
Creating LID placement: LID_RD on 5
  - from_impervious: 46.0% of impervious area
  - LID area: 34500.00 m² (23.00% of total area)
  - Impervious area: 75000.00 m² (50.0% of total)
Added 1 LID controls to temp_controls_RD.inp
Added 1 LID usages to temp_RD_ex1.inp
Reset all LID placements
Creating LID placement: LID_RD on 5
  - from_impervious: 47.0% of impervious area
  - LID area: 35250.00 m² (23.50% of total area)
  - Impervious area: 75000.00 m² (50.0% of total)
Added 1 LID controls to temp_controls_RD.inp
Added 1 LID usages to temp_RD_ex1.inp
Reset all LID placements
Creating LID placement: LID_RD on 5
  - from_impervious: 48.0% of impervious area
  - LID area: 36000.00 m² (24.00% of total area)
  - Impervious area: 75000.00 m² (50.0% of total)
Added 1 LID controls to temp_controls_RD.inp
Added 1 LID usages to temp_RD_ex1.inp
Reset all LID placements
Creating LID placement: LID_RD on 5
  - from_impervious: 49.0% of impervious area
  - LID area: 36750.00 m² (24.50% of total area)
  - Impervious area: 75000.00 m² (50.0% of total)
Added 1 LID controls to temp_controls_RD.inp
Added 1 LID usages to temp_RD_ex1.inp
Reset all LID placements
Creating LID placement: LID_RD on 5
  - from_impervious: 50.0% of impervious area
  - LID area: 37500.00 m² (25.00% of total area)
  - Impervious area: 75000.00 m² (50.0% of total)
Added 1 LID controls to temp_controls_RD.inp
Added 1 LID usages to temp_RD_ex1.inp
Reset all LID placements
Creating LID placement: LID_RD on 5
  - from_impervious: 51.0% of impervious area
  - LID area: 38250.00 m² (25.50% of total area)
  - Impervious area: 75000.00 m² (50.0% of total)
Added 1 LID controls to temp_controls_RD.inp
Added 1 LID usages to temp_RD_ex1.inp
Reset all LID placements
Creating LID placement: LID_RD on 5
  - from_impervious: 52.0% of impervious area
  - LID area: 39000.00 m² (26.00% of total area)
  - Impervious area: 75000.00 m² (50.0% of total)
Added 1 LID controls to temp_controls_RD.inp
Added 1 LID usages to temp_RD_ex1.inp
Reset all LID placements
Creating LID placement: LID_RD on 5
  - from_impervious: 53.0% of impervious area
  - LID area: 39750.00 m² (26.50% of total area)
  - Impervious area: 75000.00 m² (50.0% of total)
Added 1 LID controls to temp_controls_RD.inp
Added 1 LID usages to temp_RD_ex1.inp
Reset all LID placements
Creating LID placement: LID_RD on 5
  - from_impervious: 54.0% of impervious area
  - LID area: 40500.00 m² (27.00% of total area)
  - Impervious area: 75000.00 m² (50.0% of total)
Added 1 LID controls to temp_controls_RD.inp
Added 1 LID usages to temp_RD_ex1.inp
Reset all LID placements
Creating LID placement: LID_RD on 5
  - from_impervious: 55.0% of impervious area
  - LID area: 41250.00 m² (27.50% of total area)
  - Impervious area: 75000.00 m² (50.0% of total)
Added 1 LID controls to temp_controls_RD.inp
Added 1 LID usages to temp_RD_ex1.inp
Reset all LID placements
Creating LID placement: LID_RD on 5
  - from_impervious: 56.0% of impervious area
  - LID area: 42000.00 m² (28.00% of total area)
  - Impervious area: 75000.00 m² (50.0% of total)
Added 1 LID controls to temp_controls_RD.inp
Added 1 LID usages to temp_RD_ex1.inp
Reset all LID placements
Creating LID placement: LID_RD on 5
  - from_impervious: 57.0% of impervious area
  - LID area: 42750.00 m² (28.50% of total area)
  - Impervious area: 75000.00 m² (50.0% of total)
Added 1 LID controls to temp_controls_RD.inp
Added 1 LID usages to temp_RD_ex1.inp
Reset all LID placements
Creating LID placement: LID_RD on 5
  - from_impervious: 58.0% of impervious area
  - LID area: 43500.00 m² (29.00% of total area)
  - Impervious area: 75000.00 m² (50.0% of total)
Added 1 LID controls to temp_controls_RD.inp
Added 1 LID usages to temp_RD_ex1.inp
Reset all LID placements
Creating LID placement: LID_RD on 5
  - from_impervious: 59.0% of impervious area
  - LID area: 44250.00 m² (29.50% of total area)
  - Impervious area: 75000.00 m² (50.0% of total)
Added 1 LID controls to temp_controls_RD.inp
Added 1 LID usages to temp_RD_ex1.inp
  Simulating 60%
Reset all LID placements
Creating LID placement: LID_RD on 5
  - from_impervious: 60.0% of impervious area
  - LID area: 45000.00 m² (30.00% of total area)
  - Impervious area: 75000.00 m² (50.0% of total)
Added 1 LID controls to temp_controls_RD.inp
Added 1 LID usages to temp_RD_ex1.inp
Reset all LID placements
Creating LID placement: LID_RD on 5
  - from_impervious: 61.0% of impervious area
  - LID area: 45750.00 m² (30.50% of total area)
  - Impervious area: 75000.00 m² (50.0% of total)
Added 1 LID controls to temp_controls_RD.inp
Added 1 LID usages to temp_RD_ex1.inp
Reset all LID placements
Creating LID placement: LID_RD on 5
  - from_impervious: 62.0% of impervious area
  - LID area: 46500.00 m² (31.00% of total area)
  - Impervious area: 75000.00 m² (50.0% of total)
Added 1 LID controls to temp_controls_RD.inp
Added 1 LID usages to temp_RD_ex1.inp
Reset all LID placements
Creating LID placement: LID_RD on 5
  - from_impervious: 63.0% of impervious area
  - LID area: 47250.00 m² (31.50% of total area)
  - Impervious area: 75000.00 m² (50.0% of total)
Added 1 LID controls to temp_controls_RD.inp
Added 1 LID usages to temp_RD_ex1.inp
Reset all LID placements
Creating LID placement: LID_RD on 5
  - from_impervious: 64.0% of impervious area
  - LID area: 48000.00 m² (32.00% of total area)
  - Impervious area: 75000.00 m² (50.0% of total)
Added 1 LID controls to temp_controls_RD.inp
Added 1 LID usages to temp_RD_ex1.inp
Reset all LID placements
Creating LID placement: LID_RD on 5
  - from_impervious: 65.0% of impervious area
  - LID area: 48750.00 m² (32.50% of total area)
  - Impervious area: 75000.00 m² (50.0% of total)
Added 1 LID controls to temp_controls_RD.inp
Added 1 LID usages to temp_RD_ex1.inp
Reset all LID placements
Creating LID placement: LID_RD on 5
  - from_impervious: 66.0% of impervious area
  - LID area: 49500.00 m² (33.00% of total area)
  - Impervious area: 75000.00 m² (50.0% of total)
Added 1 LID controls to temp_controls_RD.inp
Added 1 LID usages to temp_RD_ex1.inp
Reset all LID placements
Creating LID placement: LID_RD on 5
  - from_impervious: 67.0% of impervious area
  - LID area: 50250.00 m² (33.50% of total area)
  - Impervious area: 75000.00 m² (50.0% of total)
Added 1 LID controls to temp_controls_RD.inp
Added 1 LID usages to temp_RD_ex1.inp
Reset all LID placements
Creating LID placement: LID_RD on 5
  - from_impervious: 68.0% of impervious area
  - LID area: 51000.00 m² (34.00% of total area)
  - Impervious area: 75000.00 m² (50.0% of total)
Added 1 LID controls to temp_controls_RD.inp
Added 1 LID usages to temp_RD_ex1.inp
Reset all LID placements
Creating LID placement: LID_RD on 5
  - from_impervious: 69.0% of impervious area
  - LID area: 51750.00 m² (34.50% of total area)
  - Impervious area: 75000.00 m² (50.0% of total)
Added 1 LID controls to temp_controls_RD.inp
Added 1 LID usages to temp_RD_ex1.inp
Reset all LID placements
Creating LID placement: LID_RD on 5
  - from_impervious: 70.0% of impervious area
  - LID area: 52500.00 m² (35.00% of total area)
  - Impervious area: 75000.00 m² (50.0% of total)
Added 1 LID controls to temp_controls_RD.inp
Added 1 LID usages to temp_RD_ex1.inp
Reset all LID placements
Creating LID placement: LID_RD on 5
  - from_impervious: 71.0% of impervious area
  - LID area: 53250.00 m² (35.50% of total area)
  - Impervious area: 75000.00 m² (50.0% of total)
Added 1 LID controls to temp_controls_RD.inp
Added 1 LID usages to temp_RD_ex1.inp
Reset all LID placements
Creating LID placement: LID_RD on 5
  - from_impervious: 72.0% of impervious area
  - LID area: 54000.00 m² (36.00% of total area)
  - Impervious area: 75000.00 m² (50.0% of total)
Added 1 LID controls to temp_controls_RD.inp
Added 1 LID usages to temp_RD_ex1.inp
Reset all LID placements
Creating LID placement: LID_RD on 5
  - from_impervious: 73.0% of impervious area
  - LID area: 54750.00 m² (36.50% of total area)
  - Impervious area: 75000.00 m² (50.0% of total)
Added 1 LID controls to temp_controls_RD.inp
Added 1 LID usages to temp_RD_ex1.inp
Reset all LID placements
Creating LID placement: LID_RD on 5
  - from_impervious: 74.0% of impervious area
  - LID area: 55500.00 m² (37.00% of total area)
  - Impervious area: 75000.00 m² (50.0% of total)
Added 1 LID controls to temp_controls_RD.inp
Added 1 LID usages to temp_RD_ex1.inp
Reset all LID placements
Creating LID placement: LID_RD on 5
  - from_impervious: 75.0% of impervious area
  - LID area: 56250.00 m² (37.50% of total area)
  - Impervious area: 75000.00 m² (50.0% of total)
Added 1 LID controls to temp_controls_RD.inp
Added 1 LID usages to temp_RD_ex1.inp
Reset all LID placements
Creating LID placement: LID_RD on 5
  - from_impervious: 76.0% of impervious area
  - LID area: 57000.00 m² (38.00% of total area)
  - Impervious area: 75000.00 m² (50.0% of total)
Added 1 LID controls to temp_controls_RD.inp
Added 1 LID usages to temp_RD_ex1.inp
Reset all LID placements
Creating LID placement: LID_RD on 5
  - from_impervious: 77.0% of impervious area
  - LID area: 57750.00 m² (38.50% of total area)
  - Impervious area: 75000.00 m² (50.0% of total)
Added 1 LID controls to temp_controls_RD.inp
Added 1 LID usages to temp_RD_ex1.inp
Reset all LID placements
Creating LID placement: LID_RD on 5
  - from_impervious: 78.0% of impervious area
  - LID area: 58500.00 m² (39.00% of total area)
  - Impervious area: 75000.00 m² (50.0% of total)
Added 1 LID controls to temp_controls_RD.inp
Added 1 LID usages to temp_RD_ex1.inp
Reset all LID placements
Creating LID placement: LID_RD on 5
  - from_impervious: 79.0% of impervious area
  - LID area: 59250.00 m² (39.50% of total area)
  - Impervious area: 75000.00 m² (50.0% of total)
Added 1 LID controls to temp_controls_RD.inp
Added 1 LID usages to temp_RD_ex1.inp
  Simulating 80%
Reset all LID placements
Creating LID placement: LID_RD on 5
  - from_impervious: 80.0% of impervious area
  - LID area: 60000.00 m² (40.00% of total area)
  - Impervious area: 75000.00 m² (50.0% of total)
Added 1 LID controls to temp_controls_RD.inp
Added 1 LID usages to temp_RD_ex1.inp
Reset all LID placements
Creating LID placement: LID_RD on 5
  - from_impervious: 81.0% of impervious area
  - LID area: 60750.00 m² (40.50% of total area)
  - Impervious area: 75000.00 m² (50.0% of total)
Added 1 LID controls to temp_controls_RD.inp
Added 1 LID usages to temp_RD_ex1.inp
Reset all LID placements
Creating LID placement: LID_RD on 5
  - from_impervious: 82.0% of impervious area
  - LID area: 61500.00 m² (41.00% of total area)
  - Impervious area: 75000.00 m² (50.0% of total)
Added 1 LID controls to temp_controls_RD.inp
Added 1 LID usages to temp_RD_ex1.inp
Reset all LID placements
Creating LID placement: LID_RD on 5
  - from_impervious: 83.0% of impervious area
  - LID area: 62250.00 m² (41.50% of total area)
  - Impervious area: 75000.00 m² (50.0% of total)
Added 1 LID controls to temp_controls_RD.inp
Added 1 LID usages to temp_RD_ex1.inp
Reset all LID placements
Creating LID placement: LID_RD on 5
  - from_impervious: 84.0% of impervious area
  - LID area: 63000.00 m² (42.00% of total area)
  - Impervious area: 75000.00 m² (50.0% of total)
Added 1 LID controls to temp_controls_RD.inp
Added 1 LID usages to temp_RD_ex1.inp
Reset all LID placements
Creating LID placement: LID_RD on 5
  - from_impervious: 85.0% of impervious area
  - LID area: 63750.00 m² (42.50% of total area)
  - Impervious area: 75000.00 m² (50.0% of total)
Added 1 LID controls to temp_controls_RD.inp
Added 1 LID usages to temp_RD_ex1.inp
Reset all LID placements
Creating LID placement: LID_RD on 5
  - from_impervious: 86.0% of impervious area
  - LID area: 64500.00 m² (43.00% of total area)
  - Impervious area: 75000.00 m² (50.0% of total)
Added 1 LID controls to temp_controls_RD.inp
Added 1 LID usages to temp_RD_ex1.inp
Reset all LID placements
Creating LID placement: LID_RD on 5
  - from_impervious: 87.0% of impervious area
  - LID area: 65250.00 m² (43.50% of total area)
  - Impervious area: 75000.00 m² (50.0% of total)
Added 1 LID controls to temp_controls_RD.inp
Added 1 LID usages to temp_RD_ex1.inp
Reset all LID placements
Creating LID placement: LID_RD on 5
  - from_impervious: 88.0% of impervious area
  - LID area: 66000.00 m² (44.00% of total area)
  - Impervious area: 75000.00 m² (50.0% of total)
Added 1 LID controls to temp_controls_RD.inp
Added 1 LID usages to temp_RD_ex1.inp
Reset all LID placements
Creating LID placement: LID_RD on 5
  - from_impervious: 89.0% of impervious area
  - LID area: 66750.00 m² (44.50% of total area)
  - Impervious area: 75000.00 m² (50.0% of total)
Added 1 LID controls to temp_controls_RD.inp
Added 1 LID usages to temp_RD_ex1.inp
Reset all LID placements
Creating LID placement: LID_RD on 5
  - from_impervious: 90.0% of impervious area
  - LID area: 67500.00 m² (45.00% of total area)
  - Impervious area: 75000.00 m² (50.0% of total)
Added 1 LID controls to temp_controls_RD.inp
Added 1 LID usages to temp_RD_ex1.inp
Reset all LID placements
Creating LID placement: LID_RD on 5
  - from_impervious: 91.0% of impervious area
  - LID area: 68250.00 m² (45.50% of total area)
  - Impervious area: 75000.00 m² (50.0% of total)
Added 1 LID controls to temp_controls_RD.inp
Added 1 LID usages to temp_RD_ex1.inp
Reset all LID placements
Creating LID placement: LID_RD on 5
  - from_impervious: 92.0% of impervious area
  - LID area: 69000.00 m² (46.00% of total area)
  - Impervious area: 75000.00 m² (50.0% of total)
Added 1 LID controls to temp_controls_RD.inp
Added 1 LID usages to temp_RD_ex1.inp
Reset all LID placements
Creating LID placement: LID_RD on 5
  - from_impervious: 93.0% of impervious area
  - LID area: 69750.00 m² (46.50% of total area)
  - Impervious area: 75000.00 m² (50.0% of total)
Added 1 LID controls to temp_controls_RD.inp
Added 1 LID usages to temp_RD_ex1.inp
Reset all LID placements
Creating LID placement: LID_RD on 5
  - from_impervious: 94.0% of impervious area
  - LID area: 70500.00 m² (47.00% of total area)
  - Impervious area: 75000.00 m² (50.0% of total)
Added 1 LID controls to temp_controls_RD.inp
Added 1 LID usages to temp_RD_ex1.inp
Reset all LID placements
Creating LID placement: LID_RD on 5
  - from_impervious: 95.0% of impervious area
  - LID area: 71250.00 m² (47.50% of total area)
  - Impervious area: 75000.00 m² (50.0% of total)
Added 1 LID controls to temp_controls_RD.inp
Added 1 LID usages to temp_RD_ex1.inp
Reset all LID placements
Creating LID placement: LID_RD on 5
  - from_impervious: 96.0% of impervious area
  - LID area: 72000.00 m² (48.00% of total area)
  - Impervious area: 75000.00 m² (50.0% of total)
Added 1 LID controls to temp_controls_RD.inp
Added 1 LID usages to temp_RD_ex1.inp
Reset all LID placements
Creating LID placement: LID_RD on 5
  - from_impervious: 97.0% of impervious area
  - LID area: 72750.00 m² (48.50% of total area)
  - Impervious area: 75000.00 m² (50.0% of total)
Added 1 LID controls to temp_controls_RD.inp
Added 1 LID usages to temp_RD_ex1.inp
Reset all LID placements
Creating LID placement: LID_RD on 5
  - from_impervious: 98.0% of impervious area
  - LID area: 73500.00 m² (49.00% of total area)
  - Impervious area: 75000.00 m² (50.0% of total)
Added 1 LID controls to temp_controls_RD.inp
Added 1 LID usages to temp_RD_ex1.inp
Reset all LID placements
Creating LID placement: LID_RD on 5
  - from_impervious: 99.0% of impervious area
  - LID area: 74250.00 m² (49.50% of total area)
  - Impervious area: 75000.00 m² (50.0% of total)
Added 1 LID controls to temp_controls_RD.inp
Added 1 LID usages to temp_RD_ex1.inp
  Simulating 100%
Reset all LID placements
Creating LID placement: LID_RD on 5
  - from_impervious: 100.0% of impervious area
  - LID area: 75000.00 m² (50.00% of total area)
  - Impervious area: 75000.00 m² (50.0% of total)
Added 1 LID controls to temp_controls_RD.inp
Added 1 LID usages to temp_RD_ex1.inp
  Data saved to RD_data.csv
  Graph saved to RD_result.png
