Starting Comprehensive LID Analysis (ex1.py)...

Running Baseline Simulation...
SWMMSimulator initialized for: inp_file\seocho2.inp
Starting SWMM simulation
Flow Units: CMS
System Units: SI
Simulation Period: 2022-08-08 00:00:00 to 2022-08-10 03:00:00
Found 1 subcatchments, 80 nodes, 98 links
Simulation completed successfully in 9.40s
Total runoff: 40031.86 m³
Target Subcatchment: S4 (Area: 92784.4 m2)
Baseline: Total=40031.8595, Peak=2.3020

============================================================
Processing LID Type: Rain Garden (RG)
============================================================
Using Default Parameters
Created LID configuration: LID_RG (LIDType.RAIN_GARDEN)
  - Parameters: LIDParameters(surface=[150, 0.1, 0.1, 1, 0], soil=[500, 0.5, 0.2, 0.1, 50, 10, 50], storage=[0, 0.75, 0.5, 0, 'NO'], pavement=None, drain=None, drainmat=None)
  - Life cycle cost per m2: 100000.0
Reset all LID placements
Creating LID placement: LID_RG on S4
  - from_impervious: 1.0% of impervious area
  - LID area: 737.17 m² (0.79% of total area)
  - Impervious area: 73717.21 m² (79.5% of total)
Added 1 LID controls to temp_controls_RG.inp
Added 1 LID usages to temp_RG_ex1.inp
Reset all LID placements
Creating LID placement: LID_RG on S4
  - from_impervious: 2.0% of impervious area
  - LID area: 1474.34 m² (1.59% of total area)
  - Impervious area: 73717.21 m² (79.5% of total)
Added 1 LID controls to temp_controls_RG.inp
Added 1 LID usages to temp_RG_ex1.inp
Reset all LID placements
Creating LID placement: LID_RG on S4
  - from_impervious: 3.0% of impervious area
  - LID area: 2211.52 m² (2.38% of total area)
  - Impervious area: 73717.21 m² (79.5% of total)
Added 1 LID controls to temp_controls_RG.inp
Added 1 LID usages to temp_RG_ex1.inp
Reset all LID placements
Creating LID placement: LID_RG on S4
  - from_impervious: 4.0% of impervious area
  - LID area: 2948.69 m² (3.18% of total area)
  - Impervious area: 73717.21 m² (79.5% of total)
Added 1 LID controls to temp_controls_RG.inp
Added 1 LID usages to temp_RG_ex1.inp
Reset all LID placements
Creating LID placement: LID_RG on S4
  - from_impervious: 5.0% of impervious area
  - LID area: 3685.86 m² (3.97% of total area)
  - Impervious area: 73717.21 m² (79.5% of total)
Added 1 LID controls to temp_controls_RG.inp
Added 1 LID usages to temp_RG_ex1.inp
Reset all LID placements
Creating LID placement: LID_RG on S4
  - from_impervious: 6.0% of impervious area
  - LID area: 4423.03 m² (4.77% of total area)
  - Impervious area: 73717.21 m² (79.5% of total)
Added 1 LID controls to temp_controls_RG.inp
Added 1 LID usages to temp_RG_ex1.inp
Reset all LID placements
Creating LID placement: LID_RG on S4
  - from_impervious: 7.0% of impervious area
  - LID area: 5160.20 m² (5.56% of total area)
  - Impervious area: 73717.21 m² (79.5% of total)
Added 1 LID controls to temp_controls_RG.inp
Added 1 LID usages to temp_RG_ex1.inp
Reset all LID placements
Creating LID placement: LID_RG on S4
  - from_impervious: 8.0% of impervious area
  - LID area: 5897.38 m² (6.36% of total area)
  - Impervious area: 73717.21 m² (79.5% of total)
Added 1 LID controls to temp_controls_RG.inp
Added 1 LID usages to temp_RG_ex1.inp
Reset all LID placements
Creating LID placement: LID_RG on S4
  - from_impervious: 9.0% of impervious area
  - LID area: 6634.55 m² (7.15% of total area)
  - Impervious area: 73717.21 m² (79.5% of total)
Added 1 LID controls to temp_controls_RG.inp
Added 1 LID usages to temp_RG_ex1.inp
Reset all LID placements
Creating LID placement: LID_RG on S4
  - from_impervious: 10.0% of impervious area
  - LID area: 7371.72 m² (7.94% of total area)
  - Impervious area: 73717.21 m² (79.5% of total)
Added 1 LID controls to temp_controls_RG.inp
Added 1 LID usages to temp_RG_ex1.inp
Reset all LID placements
Creating LID placement: LID_RG on S4
  - from_impervious: 11.0% of impervious area
  - LID area: 8108.89 m² (8.74% of total area)
  - Impervious area: 73717.21 m² (79.5% of total)
Added 1 LID controls to temp_controls_RG.inp
Added 1 LID usages to temp_RG_ex1.inp
Reset all LID placements
Creating LID placement: LID_RG on S4
  - from_impervious: 12.0% of impervious area
  - LID area: 8846.06 m² (9.53% of total area)
  - Impervious area: 73717.21 m² (79.5% of total)
Added 1 LID controls to temp_controls_RG.inp
Added 1 LID usages to temp_RG_ex1.inp
Reset all LID placements
Creating LID placement: LID_RG on S4
  - from_impervious: 13.0% of impervious area
  - LID area: 9583.24 m² (10.33% of total area)
  - Impervious area: 73717.21 m² (79.5% of total)
Added 1 LID controls to temp_controls_RG.inp
Added 1 LID usages to temp_RG_ex1.inp
Reset all LID placements
Creating LID placement: LID_RG on S4
  - from_impervious: 14.0% of impervious area
  - LID area: 10320.41 m² (11.12% of total area)
  - Impervious area: 73717.21 m² (79.5% of total)
Added 1 LID controls to temp_controls_RG.inp
Added 1 LID usages to temp_RG_ex1.inp
Reset all LID placements
Creating LID placement: LID_RG on S4
  - from_impervious: 15.0% of impervious area
  - LID area: 11057.58 m² (11.92% of total area)
  - Impervious area: 73717.21 m² (79.5% of total)
Added 1 LID controls to temp_controls_RG.inp
Added 1 LID usages to temp_RG_ex1.inp
Reset all LID placements
Creating LID placement: LID_RG on S4
  - from_impervious: 16.0% of impervious area
  - LID area: 11794.75 m² (12.71% of total area)
  - Impervious area: 73717.21 m² (79.5% of total)
Added 1 LID controls to temp_controls_RG.inp
Added 1 LID usages to temp_RG_ex1.inp
Reset all LID placements
Creating LID placement: LID_RG on S4
  - from_impervious: 17.0% of impervious area
  - LID area: 12531.92 m² (13.51% of total area)
  - Impervious area: 73717.21 m² (79.5% of total)
Added 1 LID controls to temp_controls_RG.inp
Added 1 LID usages to temp_RG_ex1.inp
Reset all LID placements
Creating LID placement: LID_RG on S4
  - from_impervious: 18.0% of impervious area
  - LID area: 13269.10 m² (14.30% of total area)
  - Impervious area: 73717.21 m² (79.5% of total)
Added 1 LID controls to temp_controls_RG.inp
Added 1 LID usages to temp_RG_ex1.inp
Reset all LID placements
Creating LID placement: LID_RG on S4
  - from_impervious: 19.0% of impervious area
  - LID area: 14006.27 m² (15.10% of total area)
  - Impervious area: 73717.21 m² (79.5% of total)
Added 1 LID controls to temp_controls_RG.inp
Added 1 LID usages to temp_RG_ex1.inp
  Simulating 20%
Reset all LID placements
Creating LID placement: LID_RG on S4
  - from_impervious: 20.0% of impervious area
  - LID area: 14743.44 m² (15.89% of total area)
  - Impervious area: 73717.21 m² (79.5% of total)
Added 1 LID controls to temp_controls_RG.inp
Added 1 LID usages to temp_RG_ex1.inp
Reset all LID placements
Creating LID placement: LID_RG on S4
  - from_impervious: 21.0% of impervious area
  - LID area: 15480.61 m² (16.68% of total area)
  - Impervious area: 73717.21 m² (79.5% of total)
Added 1 LID controls to temp_controls_RG.inp
Added 1 LID usages to temp_RG_ex1.inp
Reset all LID placements
Creating LID placement: LID_RG on S4
  - from_impervious: 22.0% of impervious area
  - LID area: 16217.79 m² (17.48% of total area)
  - Impervious area: 73717.21 m² (79.5% of total)
Added 1 LID controls to temp_controls_RG.inp
Added 1 LID usages to temp_RG_ex1.inp
Reset all LID placements
Creating LID placement: LID_RG on S4
  - from_impervious: 23.0% of impervious area
  - LID area: 16954.96 m² (18.27% of total area)
  - Impervious area: 73717.21 m² (79.5% of total)
Added 1 LID controls to temp_controls_RG.inp
Added 1 LID usages to temp_RG_ex1.inp
Reset all LID placements
Creating LID placement: LID_RG on S4
  - from_impervious: 24.0% of impervious area
  - LID area: 17692.13 m² (19.07% of total area)
  - Impervious area: 73717.21 m² (79.5% of total)
Added 1 LID controls to temp_controls_RG.inp
Added 1 LID usages to temp_RG_ex1.inp
Reset all LID placements
Creating LID placement: LID_RG on S4
  - from_impervious: 25.0% of impervious area
  - LID area: 18429.30 m² (19.86% of total area)
  - Impervious area: 73717.21 m² (79.5% of total)
Added 1 LID controls to temp_controls_RG.inp
Added 1 LID usages to temp_RG_ex1.inp
Reset all LID placements
Creating LID placement: LID_RG on S4
  - from_impervious: 26.0% of impervious area
  - LID area: 19166.47 m² (20.66% of total area)
  - Impervious area: 73717.21 m² (79.5% of total)
Added 1 LID controls to temp_controls_RG.inp
Added 1 LID usages to temp_RG_ex1.inp
Reset all LID placements
Creating LID placement: LID_RG on S4
  - from_impervious: 27.0% of impervious area
  - LID area: 19903.65 m² (21.45% of total area)
  - Impervious area: 73717.21 m² (79.5% of total)
Added 1 LID controls to temp_controls_RG.inp
Added 1 LID usages to temp_RG_ex1.inp
Reset all LID placements
Creating LID placement: LID_RG on S4
  - from_impervious: 28.0% of impervious area
  - LID area: 20640.82 m² (22.25% of total area)
  - Impervious area: 73717.21 m² (79.5% of total)
Added 1 LID controls to temp_controls_RG.inp
Added 1 LID usages to temp_RG_ex1.inp
Reset all LID placements
Creating LID placement: LID_RG on S4
  - from_impervious: 29.0% of impervious area
  - LID area: 21377.99 m² (23.04% of total area)
  - Impervious area: 73717.21 m² (79.5% of total)
Added 1 LID controls to temp_controls_RG.inp
Added 1 LID usages to temp_RG_ex1.inp
Reset all LID placements
Creating LID placement: LID_RG on S4
  - from_impervious: 30.0% of impervious area
  - LID area: 22115.16 m² (23.83% of total area)
  - Impervious area: 73717.21 m² (79.5% of total)
Added 1 LID controls to temp_controls_RG.inp
Added 1 LID usages to temp_RG_ex1.inp
Reset all LID placements
Creating LID placement: LID_RG on S4
  - from_impervious: 31.0% of impervious area
  - LID area: 22852.33 m² (24.63% of total area)
  - Impervious area: 73717.21 m² (79.5% of total)
Added 1 LID controls to temp_controls_RG.inp
Added 1 LID usages to temp_RG_ex1.inp
Reset all LID placements
Creating LID placement: LID_RG on S4
  - from_impervious: 32.0% of impervious area
  - LID area: 23589.51 m² (25.42% of total area)
  - Impervious area: 73717.21 m² (79.5% of total)
Added 1 LID controls to temp_controls_RG.inp
Added 1 LID usages to temp_RG_ex1.inp
Reset all LID placements
Creating LID placement: LID_RG on S4
  - from_impervious: 33.0% of impervious area
  - LID area: 24326.68 m² (26.22% of total area)
  - Impervious area: 73717.21 m² (79.5% of total)
Added 1 LID controls to temp_controls_RG.inp
Added 1 LID usages to temp_RG_ex1.inp
Reset all LID placements
Creating LID placement: LID_RG on S4
  - from_impervious: 34.0% of impervious area
  - LID area: 25063.85 m² (27.01% of total area)
  - Impervious area: 73717.21 m² (79.5% of total)
Added 1 LID controls to temp_controls_RG.inp
Added 1 LID usages to temp_RG_ex1.inp
Reset all LID placements
Creating LID placement: LID_RG on S4
  - from_impervious: 35.0% of impervious area
  - LID area: 25801.02 m² (27.81% of total area)
  - Impervious area: 73717.21 m² (79.5% of total)
Added 1 LID controls to temp_controls_RG.inp
Added 1 LID usages to temp_RG_ex1.inp
Reset all LID placements
Creating LID placement: LID_RG on S4
  - from_impervious: 36.0% of impervious area
  - LID area: 26538.19 m² (28.60% of total area)
  - Impervious area: 73717.21 m² (79.5% of total)
Added 1 LID controls to temp_controls_RG.inp
Added 1 LID usages to temp_RG_ex1.inp
Reset all LID placements
Creating LID placement: LID_RG on S4
  - from_impervious: 37.0% of impervious area
  - LID area: 27275.37 m² (29.40% of total area)
  - Impervious area: 73717.21 m² (79.5% of total)
Added 1 LID controls to temp_controls_RG.inp
Added 1 LID usages to temp_RG_ex1.inp
Reset all LID placements
Creating LID placement: LID_RG on S4
  - from_impervious: 38.0% of impervious area
  - LID area: 28012.54 m² (30.19% of total area)
  - Impervious area: 73717.21 m² (79.5% of total)
Added 1 LID controls to temp_controls_RG.inp
Added 1 LID usages to temp_RG_ex1.inp
Reset all LID placements
Creating LID placement: LID_RG on S4
  - from_impervious: 39.0% of impervious area
  - LID area: 28749.71 m² (30.99% of total area)
  - Impervious area: 73717.21 m² (79.5% of total)
Added 1 LID controls to temp_controls_RG.inp
Added 1 LID usages to temp_RG_ex1.inp
  Simulating 40%
Reset all LID placements
Creating LID placement: LID_RG on S4
  - from_impervious: 40.0% of impervious area
  - LID area: 29486.88 m² (31.78% of total area)
  - Impervious area: 73717.21 m² (79.5% of total)
Added 1 LID controls to temp_controls_RG.inp
Added 1 LID usages to temp_RG_ex1.inp
Reset all LID placements
Creating LID placement: LID_RG on S4
  - from_impervious: 41.0% of impervious area
  - LID area: 30224.05 m² (32.57% of total area)
  - Impervious area: 73717.21 m² (79.5% of total)
Added 1 LID controls to temp_controls_RG.inp
Added 1 LID usages to temp_RG_ex1.inp
Reset all LID placements
Creating LID placement: LID_RG on S4
  - from_impervious: 42.0% of impervious area
  - LID area: 30961.23 m² (33.37% of total area)
  - Impervious area: 73717.21 m² (79.5% of total)
Added 1 LID controls to temp_controls_RG.inp
Added 1 LID usages to temp_RG_ex1.inp
Reset all LID placements
Creating LID placement: LID_RG on S4
  - from_impervious: 43.0% of impervious area
  - LID area: 31698.40 m² (34.16% of total area)
  - Impervious area: 73717.21 m² (79.5% of total)
Added 1 LID controls to temp_controls_RG.inp
Added 1 LID usages to temp_RG_ex1.inp
Reset all LID placements
Creating LID placement: LID_RG on S4
  - from_impervious: 44.0% of impervious area
  - LID area: 32435.57 m² (34.96% of total area)
  - Impervious area: 73717.21 m² (79.5% of total)
Added 1 LID controls to temp_controls_RG.inp
Added 1 LID usages to temp_RG_ex1.inp
Reset all LID placements
Creating LID placement: LID_RG on S4
  - from_impervious: 45.0% of impervious area
  - LID area: 33172.74 m² (35.75% of total area)
  - Impervious area: 73717.21 m² (79.5% of total)
Added 1 LID controls to temp_controls_RG.inp
Added 1 LID usages to temp_RG_ex1.inp
Reset all LID placements
Creating LID placement: LID_RG on S4
  - from_impervious: 46.0% of impervious area
  - LID area: 33909.91 m² (36.55% of total area)
  - Impervious area: 73717.21 m² (79.5% of total)
Added 1 LID controls to temp_controls_RG.inp
Added 1 LID usages to temp_RG_ex1.inp
Reset all LID placements
Creating LID placement: LID_RG on S4
  - from_impervious: 47.0% of impervious area
  - LID area: 34647.09 m² (37.34% of total area)
  - Impervious area: 73717.21 m² (79.5% of total)
Added 1 LID controls to temp_controls_RG.inp
Added 1 LID usages to temp_RG_ex1.inp
Reset all LID placements
Creating LID placement: LID_RG on S4
  - from_impervious: 48.0% of impervious area
  - LID area: 35384.26 m² (38.14% of total area)
  - Impervious area: 73717.21 m² (79.5% of total)
Added 1 LID controls to temp_controls_RG.inp
Added 1 LID usages to temp_RG_ex1.inp
Reset all LID placements
Creating LID placement: LID_RG on S4
  - from_impervious: 49.0% of impervious area
  - LID area: 36121.43 m² (38.93% of total area)
  - Impervious area: 73717.21 m² (79.5% of total)
Added 1 LID controls to temp_controls_RG.inp
Added 1 LID usages to temp_RG_ex1.inp
Reset all LID placements
Creating LID placement: LID_RG on S4
  - from_impervious: 50.0% of impervious area
  - LID area: 36858.60 m² (39.73% of total area)
  - Impervious area: 73717.21 m² (79.5% of total)
Added 1 LID controls to temp_controls_RG.inp
Added 1 LID usages to temp_RG_ex1.inp
Reset all LID placements
Creating LID placement: LID_RG on S4
  - from_impervious: 51.0% of impervious area
  - LID area: 37595.77 m² (40.52% of total area)
  - Impervious area: 73717.21 m² (79.5% of total)
Added 1 LID controls to temp_controls_RG.inp
Added 1 LID usages to temp_RG_ex1.inp
Reset all LID placements
Creating LID placement: LID_RG on S4
  - from_impervious: 52.0% of impervious area
  - LID area: 38332.95 m² (41.31% of total area)
  - Impervious area: 73717.21 m² (79.5% of total)
Added 1 LID controls to temp_controls_RG.inp
Added 1 LID usages to temp_RG_ex1.inp
Reset all LID placements
Creating LID placement: LID_RG on S4
  - from_impervious: 53.0% of impervious area
  - LID area: 39070.12 m² (42.11% of total area)
  - Impervious area: 73717.21 m² (79.5% of total)
Added 1 LID controls to temp_controls_RG.inp
Added 1 LID usages to temp_RG_ex1.inp
Reset all LID placements
Creating LID placement: LID_RG on S4
  - from_impervious: 54.0% of impervious area
  - LID area: 39807.29 m² (42.90% of total area)
  - Impervious area: 73717.21 m² (79.5% of total)
Added 1 LID controls to temp_controls_RG.inp
Added 1 LID usages to temp_RG_ex1.inp
Reset all LID placements
Creating LID placement: LID_RG on S4
  - from_impervious: 55.0% of impervious area
  - LID area: 40544.46 m² (43.70% of total area)
  - Impervious area: 73717.21 m² (79.5% of total)
Added 1 LID controls to temp_controls_RG.inp
Added 1 LID usages to temp_RG_ex1.inp
Reset all LID placements
Creating LID placement: LID_RG on S4
  - from_impervious: 56.0% of impervious area
  - LID area: 41281.64 m² (44.49% of total area)
  - Impervious area: 73717.21 m² (79.5% of total)
Added 1 LID controls to temp_controls_RG.inp
Added 1 LID usages to temp_RG_ex1.inp
Reset all LID placements
Creating LID placement: LID_RG on S4
  - from_impervious: 57.0% of impervious area
  - LID area: 42018.81 m² (45.29% of total area)
  - Impervious area: 73717.21 m² (79.5% of total)
Added 1 LID controls to temp_controls_RG.inp
Added 1 LID usages to temp_RG_ex1.inp
Reset all LID placements
Creating LID placement: LID_RG on S4
  - from_impervious: 58.0% of impervious area
  - LID area: 42755.98 m² (46.08% of total area)
  - Impervious area: 73717.21 m² (79.5% of total)
Added 1 LID controls to temp_controls_RG.inp
Added 1 LID usages to temp_RG_ex1.inp
Reset all LID placements
Creating LID placement: LID_RG on S4
  - from_impervious: 59.0% of impervious area
  - LID area: 43493.15 m² (46.88% of total area)
  - Impervious area: 73717.21 m² (79.5% of total)
Added 1 LID controls to temp_controls_RG.inp
Added 1 LID usages to temp_RG_ex1.inp
  Simulating 60%
Reset all LID placements
Creating LID placement: LID_RG on S4
  - from_impervious: 60.0% of impervious area
  - LID area: 44230.32 m² (47.67% of total area)
  - Impervious area: 73717.21 m² (79.5% of total)
Added 1 LID controls to temp_controls_RG.inp
Added 1 LID usages to temp_RG_ex1.inp
Reset all LID placements
Creating LID placement: LID_RG on S4
  - from_impervious: 61.0% of impervious area
  - LID area: 44967.50 m² (48.46% of total area)
  - Impervious area: 73717.21 m² (79.5% of total)
Added 1 LID controls to temp_controls_RG.inp
Added 1 LID usages to temp_RG_ex1.inp
Reset all LID placements
Creating LID placement: LID_RG on S4
  - from_impervious: 62.0% of impervious area
  - LID area: 45704.67 m² (49.26% of total area)
  - Impervious area: 73717.21 m² (79.5% of total)
Added 1 LID controls to temp_controls_RG.inp
Added 1 LID usages to temp_RG_ex1.inp
Reset all LID placements
Creating LID placement: LID_RG on S4
  - from_impervious: 63.0% of impervious area
  - LID area: 46441.84 m² (50.05% of total area)
  - Impervious area: 73717.21 m² (79.5% of total)
Added 1 LID controls to temp_controls_RG.inp
Added 1 LID usages to temp_RG_ex1.inp
Reset all LID placements
Creating LID placement: LID_RG on S4
  - from_impervious: 64.0% of impervious area
  - LID area: 47179.01 m² (50.85% of total area)
  - Impervious area: 73717.21 m² (79.5% of total)
Added 1 LID controls to temp_controls_RG.inp
Added 1 LID usages to temp_RG_ex1.inp
Reset all LID placements
Creating LID placement: LID_RG on S4
  - from_impervious: 65.0% of impervious area
  - LID area: 47916.18 m² (51.64% of total area)
  - Impervious area: 73717.21 m² (79.5% of total)
Added 1 LID controls to temp_controls_RG.inp
Added 1 LID usages to temp_RG_ex1.inp
Reset all LID placements
Creating LID placement: LID_RG on S4
  - from_impervious: 66.0% of impervious area
  - LID area: 48653.36 m² (52.44% of total area)
  - Impervious area: 73717.21 m² (79.5% of total)
Added 1 LID controls to temp_controls_RG.inp
Added 1 LID usages to temp_RG_ex1.inp
Reset all LID placements
Creating LID placement: LID_RG on S4
  - from_impervious: 67.0% of impervious area
  - LID area: 49390.53 m² (53.23% of total area)
  - Impervious area: 73717.21 m² (79.5% of total)
Added 1 LID controls to temp_controls_RG.inp
Added 1 LID usages to temp_RG_ex1.inp
Reset all LID placements
Creating LID placement: LID_RG on S4
  - from_impervious: 68.0% of impervious area
  - LID area: 50127.70 m² (54.03% of total area)
  - Impervious area: 73717.21 m² (79.5% of total)
Added 1 LID controls to temp_controls_RG.inp
Added 1 LID usages to temp_RG_ex1.inp
Reset all LID placements
Creating LID placement: LID_RG on S4
  - from_impervious: 69.0% of impervious area
  - LID area: 50864.87 m² (54.82% of total area)
  - Impervious area: 73717.21 m² (79.5% of total)
Added 1 LID controls to temp_controls_RG.inp
Added 1 LID usages to temp_RG_ex1.inp
Reset all LID placements
Creating LID placement: LID_RG on S4
  - from_impervious: 70.0% of impervious area
  - LID area: 51602.04 m² (55.61% of total area)
  - Impervious area: 73717.21 m² (79.5% of total)
Added 1 LID controls to temp_controls_RG.inp
Added 1 LID usages to temp_RG_ex1.inp
Reset all LID placements
Creating LID placement: LID_RG on S4
  - from_impervious: 71.0% of impervious area
  - LID area: 52339.22 m² (56.41% of total area)
  - Impervious area: 73717.21 m² (79.5% of total)
Added 1 LID controls to temp_controls_RG.inp
Added 1 LID usages to temp_RG_ex1.inp
Reset all LID placements
Creating LID placement: LID_RG on S4
  - from_impervious: 72.0% of impervious area
  - LID area: 53076.39 m² (57.20% of total area)
  - Impervious area: 73717.21 m² (79.5% of total)
Added 1 LID controls to temp_controls_RG.inp
Added 1 LID usages to temp_RG_ex1.inp
Reset all LID placements
Creating LID placement: LID_RG on S4
  - from_impervious: 73.0% of impervious area
  - LID area: 53813.56 m² (58.00% of total area)
  - Impervious area: 73717.21 m² (79.5% of total)
Added 1 LID controls to temp_controls_RG.inp
Added 1 LID usages to temp_RG_ex1.inp
Reset all LID placements
Creating LID placement: LID_RG on S4
  - from_impervious: 74.0% of impervious area
  - LID area: 54550.73 m² (58.79% of total area)
  - Impervious area: 73717.21 m² (79.5% of total)
Added 1 LID controls to temp_controls_RG.inp
Added 1 LID usages to temp_RG_ex1.inp
Reset all LID placements
Creating LID placement: LID_RG on S4
  - from_impervious: 75.0% of impervious area
  - LID area: 55287.90 m² (59.59% of total area)
  - Impervious area: 73717.21 m² (79.5% of total)
Added 1 LID controls to temp_controls_RG.inp
Added 1 LID usages to temp_RG_ex1.inp
Reset all LID placements
Creating LID placement: LID_RG on S4
  - from_impervious: 76.0% of impervious area
  - LID area: 56025.08 m² (60.38% of total area)
  - Impervious area: 73717.21 m² (79.5% of total)
Added 1 LID controls to temp_controls_RG.inp
Added 1 LID usages to temp_RG_ex1.inp
Reset all LID placements
Creating LID placement: LID_RG on S4
  - from_impervious: 77.0% of impervious area
  - LID area: 56762.25 m² (61.18% of total area)
  - Impervious area: 73717.21 m² (79.5% of total)
Added 1 LID controls to temp_controls_RG.inp
Added 1 LID usages to temp_RG_ex1.inp
Reset all LID placements
Creating LID placement: LID_RG on S4
  - from_impervious: 78.0% of impervious area
  - LID area: 57499.42 m² (61.97% of total area)
  - Impervious area: 73717.21 m² (79.5% of total)
Added 1 LID controls to temp_controls_RG.inp
Added 1 LID usages to temp_RG_ex1.inp
Reset all LID placements
Creating LID placement: LID_RG on S4
  - from_impervious: 79.0% of impervious area
  - LID area: 58236.59 m² (62.77% of total area)
  - Impervious area: 73717.21 m² (79.5% of total)
Added 1 LID controls to temp_controls_RG.inp
Added 1 LID usages to temp_RG_ex1.inp
  Simulating 80%
Reset all LID placements
Creating LID placement: LID_RG on S4
  - from_impervious: 80.0% of impervious area
  - LID area: 58973.76 m² (63.56% of total area)
  - Impervious area: 73717.21 m² (79.5% of total)
Added 1 LID controls to temp_controls_RG.inp
Added 1 LID usages to temp_RG_ex1.inp
Reset all LID placements
Creating LID placement: LID_RG on S4
  - from_impervious: 81.0% of impervious area
  - LID area: 59710.94 m² (64.35% of total area)
  - Impervious area: 73717.21 m² (79.5% of total)
Added 1 LID controls to temp_controls_RG.inp
Added 1 LID usages to temp_RG_ex1.inp
Reset all LID placements
Creating LID placement: LID_RG on S4
  - from_impervious: 82.0% of impervious area
  - LID area: 60448.11 m² (65.15% of total area)
  - Impervious area: 73717.21 m² (79.5% of total)
Added 1 LID controls to temp_controls_RG.inp
Added 1 LID usages to temp_RG_ex1.inp
Reset all LID placements
Creating LID placement: LID_RG on S4
  - from_impervious: 83.0% of impervious area
  - LID area: 61185.28 m² (65.94% of total area)
  - Impervious area: 73717.21 m² (79.5% of total)
Added 1 LID controls to temp_controls_RG.inp
Added 1 LID usages to temp_RG_ex1.inp
Reset all LID placements
Creating LID placement: LID_RG on S4
  - from_impervious: 84.0% of impervious area
  - LID area: 61922.45 m² (66.74% of total area)
  - Impervious area: 73717.21 m² (79.5% of total)
Added 1 LID controls to temp_controls_RG.inp
Added 1 LID usages to temp_RG_ex1.inp
Reset all LID placements
Creating LID placement: LID_RG on S4
  - from_impervious: 85.0% of impervious area
  - LID area: 62659.62 m² (67.53% of total area)
  - Impervious area: 73717.21 m² (79.5% of total)
Added 1 LID controls to temp_controls_RG.inp
Added 1 LID usages to temp_RG_ex1.inp
Reset all LID placements
Creating LID placement: LID_RG on S4
  - from_impervious: 86.0% of impervious area
  - LID area: 63396.80 m² (68.33% of total area)
  - Impervious area: 73717.21 m² (79.5% of total)
Added 1 LID controls to temp_controls_RG.inp
Added 1 LID usages to temp_RG_ex1.inp
Reset all LID placements
Creating LID placement: LID_RG on S4
  - from_impervious: 87.0% of impervious area
  - LID area: 64133.97 m² (69.12% of total area)
  - Impervious area: 73717.21 m² (79.5% of total)
Added 1 LID controls to temp_controls_RG.inp
Added 1 LID usages to temp_RG_ex1.inp
Reset all LID placements
Creating LID placement: LID_RG on S4
  - from_impervious: 88.0% of impervious area
  - LID area: 64871.14 m² (69.92% of total area)
  - Impervious area: 73717.21 m² (79.5% of total)
Added 1 LID controls to temp_controls_RG.inp
Added 1 LID usages to temp_RG_ex1.inp
Reset all LID placements
Creating LID placement: LID_RG on S4
  - from_impervious: 89.0% of impervious area
  - LID area: 65608.31 m² (70.71% of total area)
  - Impervious area: 73717.21 m² (79.5% of total)
Added 1 LID controls to temp_controls_RG.inp
Added 1 LID usages to temp_RG_ex1.inp
Reset all LID placements
Creating LID placement: LID_RG on S4
  - from_impervious: 90.0% of impervious area
  - LID area: 66345.49 m² (71.51% of total area)
  - Impervious area: 73717.21 m² (79.5% of total)
Added 1 LID controls to temp_controls_RG.inp
Added 1 LID usages to temp_RG_ex1.inp
Reset all LID placements
Creating LID placement: LID_RG on S4
  - from_impervious: 91.0% of impervious area
  - LID area: 67082.66 m² (72.30% of total area)
  - Impervious area: 73717.21 m² (79.5% of total)
Added 1 LID controls to temp_controls_RG.inp
Added 1 LID usages to temp_RG_ex1.inp
Reset all LID placements
Creating LID placement: LID_RG on S4
  - from_impervious: 92.0% of impervious area
  - LID area: 67819.83 m² (73.09% of total area)
  - Impervious area: 73717.21 m² (79.5% of total)
Added 1 LID controls to temp_controls_RG.inp
Added 1 LID usages to temp_RG_ex1.inp
Reset all LID placements
Creating LID placement: LID_RG on S4
  - from_impervious: 93.0% of impervious area
  - LID area: 68557.00 m² (73.89% of total area)
  - Impervious area: 73717.21 m² (79.5% of total)
Added 1 LID controls to temp_controls_RG.inp
Added 1 LID usages to temp_RG_ex1.inp
Reset all LID placements
Creating LID placement: LID_RG on S4
  - from_impervious: 94.0% of impervious area
  - LID area: 69294.17 m² (74.68% of total area)
  - Impervious area: 73717.21 m² (79.5% of total)
Added 1 LID controls to temp_controls_RG.inp
Added 1 LID usages to temp_RG_ex1.inp
Reset all LID placements
Creating LID placement: LID_RG on S4
  - from_impervious: 95.0% of impervious area
  - LID area: 70031.35 m² (75.48% of total area)
  - Impervious area: 73717.21 m² (79.5% of total)
Added 1 LID controls to temp_controls_RG.inp
Added 1 LID usages to temp_RG_ex1.inp
Reset all LID placements
Creating LID placement: LID_RG on S4
  - from_impervious: 96.0% of impervious area
  - LID area: 70768.52 m² (76.27% of total area)
  - Impervious area: 73717.21 m² (79.5% of total)
Added 1 LID controls to temp_controls_RG.inp
Added 1 LID usages to temp_RG_ex1.inp
Reset all LID placements
Creating LID placement: LID_RG on S4
  - from_impervious: 97.0% of impervious area
  - LID area: 71505.69 m² (77.07% of total area)
  - Impervious area: 73717.21 m² (79.5% of total)
Added 1 LID controls to temp_controls_RG.inp
Added 1 LID usages to temp_RG_ex1.inp
Reset all LID placements
Creating LID placement: LID_RG on S4
  - from_impervious: 98.0% of impervious area
  - LID area: 72242.86 m² (77.86% of total area)
  - Impervious area: 73717.21 m² (79.5% of total)
Added 1 LID controls to temp_controls_RG.inp
Added 1 LID usages to temp_RG_ex1.inp
Reset all LID placements
Creating LID placement: LID_RG on S4
  - from_impervious: 99.0% of impervious area
  - LID area: 72980.03 m² (78.66% of total area)
  - Impervious area: 73717.21 m² (79.5% of total)
Added 1 LID controls to temp_controls_RG.inp
Added 1 LID usages to temp_RG_ex1.inp
  Simulating 100%
Reset all LID placements
Creating LID placement: LID_RG on S4
  - from_impervious: 100.0% of impervious area
  - LID area: 73717.21 m² (79.45% of total area)
  - Impervious area: 73717.21 m² (79.5% of total)
Added 1 LID controls to temp_controls_RG.inp
Added 1 LID usages to temp_RG_ex1.inp
  Data saved to RG_data.csv
  Graph saved to RG_result.png

============================================================
Processing LID Type: Green Roof (GR)
============================================================
Using Default Parameters
Created LID configuration: LID_GR (LIDType.GREEN_ROOF)
  - Parameters: LIDParameters(surface=[150, 0.1, 0.1, 1, 0], soil=[500, 0.5, 0.2, 0.1, 50, 10, 50], storage=None, pavement=None, drain=None, drainmat=[3, 0.5, 0.1])
  - Life cycle cost per m2: 100000.0
Reset all LID placements
Creating LID placement: LID_GR on S4
  - from_impervious: 1.0% of impervious area
  - LID area: 737.17 m² (0.79% of total area)
  - Impervious area: 73717.21 m² (79.5% of total)
Added 1 LID controls to temp_controls_GR.inp
Added 1 LID usages to temp_GR_ex1.inp
Reset all LID placements
Creating LID placement: LID_GR on S4
  - from_impervious: 2.0% of impervious area
  - LID area: 1474.34 m² (1.59% of total area)
  - Impervious area: 73717.21 m² (79.5% of total)
Added 1 LID controls to temp_controls_GR.inp
Added 1 LID usages to temp_GR_ex1.inp
Reset all LID placements
Creating LID placement: LID_GR on S4
  - from_impervious: 3.0% of impervious area
  - LID area: 2211.52 m² (2.38% of total area)
  - Impervious area: 73717.21 m² (79.5% of total)
Added 1 LID controls to temp_controls_GR.inp
Added 1 LID usages to temp_GR_ex1.inp
Reset all LID placements
Creating LID placement: LID_GR on S4
  - from_impervious: 4.0% of impervious area
  - LID area: 2948.69 m² (3.18% of total area)
  - Impervious area: 73717.21 m² (79.5% of total)
Added 1 LID controls to temp_controls_GR.inp
Added 1 LID usages to temp_GR_ex1.inp
Reset all LID placements
Creating LID placement: LID_GR on S4
  - from_impervious: 5.0% of impervious area
  - LID area: 3685.86 m² (3.97% of total area)
  - Impervious area: 73717.21 m² (79.5% of total)
Added 1 LID controls to temp_controls_GR.inp
Added 1 LID usages to temp_GR_ex1.inp
Reset all LID placements
Creating LID placement: LID_GR on S4
  - from_impervious: 6.0% of impervious area
  - LID area: 4423.03 m² (4.77% of total area)
  - Impervious area: 73717.21 m² (79.5% of total)
Added 1 LID controls to temp_controls_GR.inp
Added 1 LID usages to temp_GR_ex1.inp
Reset all LID placements
Creating LID placement: LID_GR on S4
  - from_impervious: 7.0% of impervious area
  - LID area: 5160.20 m² (5.56% of total area)
  - Impervious area: 73717.21 m² (79.5% of total)
Added 1 LID controls to temp_controls_GR.inp
Added 1 LID usages to temp_GR_ex1.inp
Reset all LID placements
Creating LID placement: LID_GR on S4
  - from_impervious: 8.0% of impervious area
  - LID area: 5897.38 m² (6.36% of total area)
  - Impervious area: 73717.21 m² (79.5% of total)
Added 1 LID controls to temp_controls_GR.inp
Added 1 LID usages to temp_GR_ex1.inp
Reset all LID placements
Creating LID placement: LID_GR on S4
  - from_impervious: 9.0% of impervious area
  - LID area: 6634.55 m² (7.15% of total area)
  - Impervious area: 73717.21 m² (79.5% of total)
Added 1 LID controls to temp_controls_GR.inp
Added 1 LID usages to temp_GR_ex1.inp
Reset all LID placements
Creating LID placement: LID_GR on S4
  - from_impervious: 10.0% of impervious area
  - LID area: 7371.72 m² (7.94% of total area)
  - Impervious area: 73717.21 m² (79.5% of total)
Added 1 LID controls to temp_controls_GR.inp
Added 1 LID usages to temp_GR_ex1.inp
Reset all LID placements
Creating LID placement: LID_GR on S4
  - from_impervious: 11.0% of impervious area
  - LID area: 8108.89 m² (8.74% of total area)
  - Impervious area: 73717.21 m² (79.5% of total)
Added 1 LID controls to temp_controls_GR.inp
Added 1 LID usages to temp_GR_ex1.inp
Reset all LID placements
Creating LID placement: LID_GR on S4
  - from_impervious: 12.0% of impervious area
  - LID area: 8846.06 m² (9.53% of total area)
  - Impervious area: 73717.21 m² (79.5% of total)
Added 1 LID controls to temp_controls_GR.inp
Added 1 LID usages to temp_GR_ex1.inp
Reset all LID placements
Creating LID placement: LID_GR on S4
  - from_impervious: 13.0% of impervious area
  - LID area: 9583.24 m² (10.33% of total area)
  - Impervious area: 73717.21 m² (79.5% of total)
Added 1 LID controls to temp_controls_GR.inp
Added 1 LID usages to temp_GR_ex1.inp
Reset all LID placements
Creating LID placement: LID_GR on S4
  - from_impervious: 14.0% of impervious area
  - LID area: 10320.41 m² (11.12% of total area)
  - Impervious area: 73717.21 m² (79.5% of total)
Added 1 LID controls to temp_controls_GR.inp
Added 1 LID usages to temp_GR_ex1.inp
Reset all LID placements
Creating LID placement: LID_GR on S4
  - from_impervious: 15.0% of impervious area
  - LID area: 11057.58 m² (11.92% of total area)
  - Impervious area: 73717.21 m² (79.5% of total)
Added 1 LID controls to temp_controls_GR.inp
Added 1 LID usages to temp_GR_ex1.inp
Reset all LID placements
Creating LID placement: LID_GR on S4
  - from_impervious: 16.0% of impervious area
  - LID area: 11794.75 m² (12.71% of total area)
  - Impervious area: 73717.21 m² (79.5% of total)
Added 1 LID controls to temp_controls_GR.inp
Added 1 LID usages to temp_GR_ex1.inp
Reset all LID placements
Creating LID placement: LID_GR on S4
  - from_impervious: 17.0% of impervious area
  - LID area: 12531.92 m² (13.51% of total area)
  - Impervious area: 73717.21 m² (79.5% of total)
Added 1 LID controls to temp_controls_GR.inp
Added 1 LID usages to temp_GR_ex1.inp
Reset all LID placements
Creating LID placement: LID_GR on S4
  - from_impervious: 18.0% of impervious area
  - LID area: 13269.10 m² (14.30% of total area)
  - Impervious area: 73717.21 m² (79.5% of total)
Added 1 LID controls to temp_controls_GR.inp
Added 1 LID usages to temp_GR_ex1.inp
Reset all LID placements
Creating LID placement: LID_GR on S4
  - from_impervious: 19.0% of impervious area
  - LID area: 14006.27 m² (15.10% of total area)
  - Impervious area: 73717.21 m² (79.5% of total)
Added 1 LID controls to temp_controls_GR.inp
Added 1 LID usages to temp_GR_ex1.inp
  Simulating 20%
Reset all LID placements
Creating LID placement: LID_GR on S4
  - from_impervious: 20.0% of impervious area
  - LID area: 14743.44 m² (15.89% of total area)
  - Impervious area: 73717.21 m² (79.5% of total)
Added 1 LID controls to temp_controls_GR.inp
Added 1 LID usages to temp_GR_ex1.inp
Reset all LID placements
Creating LID placement: LID_GR on S4
  - from_impervious: 21.0% of impervious area
  - LID area: 15480.61 m² (16.68% of total area)
  - Impervious area: 73717.21 m² (79.5% of total)
Added 1 LID controls to temp_controls_GR.inp
Added 1 LID usages to temp_GR_ex1.inp
Reset all LID placements
Creating LID placement: LID_GR on S4
  - from_impervious: 22.0% of impervious area
  - LID area: 16217.79 m² (17.48% of total area)
  - Impervious area: 73717.21 m² (79.5% of total)
Added 1 LID controls to temp_controls_GR.inp
Added 1 LID usages to temp_GR_ex1.inp
Reset all LID placements
Creating LID placement: LID_GR on S4
  - from_impervious: 23.0% of impervious area
  - LID area: 16954.96 m² (18.27% of total area)
  - Impervious area: 73717.21 m² (79.5% of total)
Added 1 LID controls to temp_controls_GR.inp
Added 1 LID usages to temp_GR_ex1.inp
Reset all LID placements
Creating LID placement: LID_GR on S4
  - from_impervious: 24.0% of impervious area
  - LID area: 17692.13 m² (19.07% of total area)
  - Impervious area: 73717.21 m² (79.5% of total)
Added 1 LID controls to temp_controls_GR.inp
Added 1 LID usages to temp_GR_ex1.inp
Reset all LID placements
Creating LID placement: LID_GR on S4
  - from_impervious: 25.0% of impervious area
  - LID area: 18429.30 m² (19.86% of total area)
  - Impervious area: 73717.21 m² (79.5% of total)
Added 1 LID controls to temp_controls_GR.inp
Added 1 LID usages to temp_GR_ex1.inp
Reset all LID placements
Creating LID placement: LID_GR on S4
  - from_impervious: 26.0% of impervious area
  - LID area: 19166.47 m² (20.66% of total area)
  - Impervious area: 73717.21 m² (79.5% of total)
Added 1 LID controls to temp_controls_GR.inp
Added 1 LID usages to temp_GR_ex1.inp
Reset all LID placements
Creating LID placement: LID_GR on S4
  - from_impervious: 27.0% of impervious area
  - LID area: 19903.65 m² (21.45% of total area)
  - Impervious area: 73717.21 m² (79.5% of total)
Added 1 LID controls to temp_controls_GR.inp
Added 1 LID usages to temp_GR_ex1.inp
Reset all LID placements
Creating LID placement: LID_GR on S4
  - from_impervious: 28.0% of impervious area
  - LID area: 20640.82 m² (22.25% of total area)
  - Impervious area: 73717.21 m² (79.5% of total)
Added 1 LID controls to temp_controls_GR.inp
Added 1 LID usages to temp_GR_ex1.inp
Reset all LID placements
Creating LID placement: LID_GR on S4
  - from_impervious: 29.0% of impervious area
  - LID area: 21377.99 m² (23.04% of total area)
  - Impervious area: 73717.21 m² (79.5% of total)
Added 1 LID controls to temp_controls_GR.inp
Added 1 LID usages to temp_GR_ex1.inp
Reset all LID placements
Creating LID placement: LID_GR on S4
  - from_impervious: 30.0% of impervious area
  - LID area: 22115.16 m² (23.83% of total area)
  - Impervious area: 73717.21 m² (79.5% of total)
Added 1 LID controls to temp_controls_GR.inp
Added 1 LID usages to temp_GR_ex1.inp
Reset all LID placements
Creating LID placement: LID_GR on S4
  - from_impervious: 31.0% of impervious area
  - LID area: 22852.33 m² (24.63% of total area)
  - Impervious area: 73717.21 m² (79.5% of total)
Added 1 LID controls to temp_controls_GR.inp
Added 1 LID usages to temp_GR_ex1.inp
Reset all LID placements
Creating LID placement: LID_GR on S4
  - from_impervious: 32.0% of impervious area
  - LID area: 23589.51 m² (25.42% of total area)
  - Impervious area: 73717.21 m² (79.5% of total)
Added 1 LID controls to temp_controls_GR.inp
Added 1 LID usages to temp_GR_ex1.inp
Reset all LID placements
Creating LID placement: LID_GR on S4
  - from_impervious: 33.0% of impervious area
  - LID area: 24326.68 m² (26.22% of total area)
  - Impervious area: 73717.21 m² (79.5% of total)
Added 1 LID controls to temp_controls_GR.inp
Added 1 LID usages to temp_GR_ex1.inp
Reset all LID placements
Creating LID placement: LID_GR on S4
  - from_impervious: 34.0% of impervious area
  - LID area: 25063.85 m² (27.01% of total area)
  - Impervious area: 73717.21 m² (79.5% of total)
Added 1 LID controls to temp_controls_GR.inp
Added 1 LID usages to temp_GR_ex1.inp
Reset all LID placements
Creating LID placement: LID_GR on S4
  - from_impervious: 35.0% of impervious area
  - LID area: 25801.02 m² (27.81% of total area)
  - Impervious area: 73717.21 m² (79.5% of total)
Added 1 LID controls to temp_controls_GR.inp
Added 1 LID usages to temp_GR_ex1.inp
Reset all LID placements
Creating LID placement: LID_GR on S4
  - from_impervious: 36.0% of impervious area
  - LID area: 26538.19 m² (28.60% of total area)
  - Impervious area: 73717.21 m² (79.5% of total)
Added 1 LID controls to temp_controls_GR.inp
Added 1 LID usages to temp_GR_ex1.inp
Reset all LID placements
Creating LID placement: LID_GR on S4
  - from_impervious: 37.0% of impervious area
  - LID area: 27275.37 m² (29.40% of total area)
  - Impervious area: 73717.21 m² (79.5% of total)
Added 1 LID controls to temp_controls_GR.inp
Added 1 LID usages to temp_GR_ex1.inp
Reset all LID placements
Creating LID placement: LID_GR on S4
  - from_impervious: 38.0% of impervious area
  - LID area: 28012.54 m² (30.19% of total area)
  - Impervious area: 73717.21 m² (79.5% of total)
Added 1 LID controls to temp_controls_GR.inp
Added 1 LID usages to temp_GR_ex1.inp
Reset all LID placements
Creating LID placement: LID_GR on S4
  - from_impervious: 39.0% of impervious area
  - LID area: 28749.71 m² (30.99% of total area)
  - Impervious area: 73717.21 m² (79.5% of total)
Added 1 LID controls to temp_controls_GR.inp
Added 1 LID usages to temp_GR_ex1.inp
  Simulating 40%
Reset all LID placements
Creating LID placement: LID_GR on S4
  - from_impervious: 40.0% of impervious area
  - LID area: 29486.88 m² (31.78% of total area)
  - Impervious area: 73717.21 m² (79.5% of total)
Added 1 LID controls to temp_controls_GR.inp
Added 1 LID usages to temp_GR_ex1.inp
Reset all LID placements
Creating LID placement: LID_GR on S4
  - from_impervious: 41.0% of impervious area
  - LID area: 30224.05 m² (32.57% of total area)
  - Impervious area: 73717.21 m² (79.5% of total)
Added 1 LID controls to temp_controls_GR.inp
Added 1 LID usages to temp_GR_ex1.inp
Reset all LID placements
Creating LID placement: LID_GR on S4
  - from_impervious: 42.0% of impervious area
  - LID area: 30961.23 m² (33.37% of total area)
  - Impervious area: 73717.21 m² (79.5% of total)
Added 1 LID controls to temp_controls_GR.inp
Added 1 LID usages to temp_GR_ex1.inp
Reset all LID placements
Creating LID placement: LID_GR on S4
  - from_impervious: 43.0% of impervious area
  - LID area: 31698.40 m² (34.16% of total area)
  - Impervious area: 73717.21 m² (79.5% of total)
Added 1 LID controls to temp_controls_GR.inp
Added 1 LID usages to temp_GR_ex1.inp
Reset all LID placements
Creating LID placement: LID_GR on S4
  - from_impervious: 44.0% of impervious area
  - LID area: 32435.57 m² (34.96% of total area)
  - Impervious area: 73717.21 m² (79.5% of total)
Added 1 LID controls to temp_controls_GR.inp
Added 1 LID usages to temp_GR_ex1.inp
Reset all LID placements
Creating LID placement: LID_GR on S4
  - from_impervious: 45.0% of impervious area
  - LID area: 33172.74 m² (35.75% of total area)
  - Impervious area: 73717.21 m² (79.5% of total)
Added 1 LID controls to temp_controls_GR.inp
Added 1 LID usages to temp_GR_ex1.inp
Reset all LID placements
Creating LID placement: LID_GR on S4
  - from_impervious: 46.0% of impervious area
  - LID area: 33909.91 m² (36.55% of total area)
  - Impervious area: 73717.21 m² (79.5% of total)
Added 1 LID controls to temp_controls_GR.inp
Added 1 LID usages to temp_GR_ex1.inp
Reset all LID placements
Creating LID placement: LID_GR on S4
  - from_impervious: 47.0% of impervious area
  - LID area: 34647.09 m² (37.34% of total area)
  - Impervious area: 73717.21 m² (79.5% of total)
Added 1 LID controls to temp_controls_GR.inp
Added 1 LID usages to temp_GR_ex1.inp
Reset all LID placements
Creating LID placement: LID_GR on S4
  - from_impervious: 48.0% of impervious area
  - LID area: 35384.26 m² (38.14% of total area)
  - Impervious area: 73717.21 m² (79.5% of total)
Added 1 LID controls to temp_controls_GR.inp
Added 1 LID usages to temp_GR_ex1.inp
Reset all LID placements
Creating LID placement: LID_GR on S4
  - from_impervious: 49.0% of impervious area
  - LID area: 36121.43 m² (38.93% of total area)
  - Impervious area: 73717.21 m² (79.5% of total)
Added 1 LID controls to temp_controls_GR.inp
Added 1 LID usages to temp_GR_ex1.inp
Reset all LID placements
Creating LID placement: LID_GR on S4
  - from_impervious: 50.0% of impervious area
  - LID area: 36858.60 m² (39.73% of total area)
  - Impervious area: 73717.21 m² (79.5% of total)
Added 1 LID controls to temp_controls_GR.inp
Added 1 LID usages to temp_GR_ex1.inp
Reset all LID placements
Creating LID placement: LID_GR on S4
  - from_impervious: 51.0% of impervious area
  - LID area: 37595.77 m² (40.52% of total area)
  - Impervious area: 73717.21 m² (79.5% of total)
Added 1 LID controls to temp_controls_GR.inp
Added 1 LID usages to temp_GR_ex1.inp
Reset all LID placements
Creating LID placement: LID_GR on S4
  - from_impervious: 52.0% of impervious area
  - LID area: 38332.95 m² (41.31% of total area)
  - Impervious area: 73717.21 m² (79.5% of total)
Added 1 LID controls to temp_controls_GR.inp
Added 1 LID usages to temp_GR_ex1.inp
Reset all LID placements
Creating LID placement: LID_GR on S4
  - from_impervious: 53.0% of impervious area
  - LID area: 39070.12 m² (42.11% of total area)
  - Impervious area: 73717.21 m² (79.5% of total)
Added 1 LID controls to temp_controls_GR.inp
Added 1 LID usages to temp_GR_ex1.inp
Reset all LID placements
Creating LID placement: LID_GR on S4
  - from_impervious: 54.0% of impervious area
  - LID area: 39807.29 m² (42.90% of total area)
  - Impervious area: 73717.21 m² (79.5% of total)
Added 1 LID controls to temp_controls_GR.inp
Added 1 LID usages to temp_GR_ex1.inp
Reset all LID placements
Creating LID placement: LID_GR on S4
  - from_impervious: 55.0% of impervious area
  - LID area: 40544.46 m² (43.70% of total area)
  - Impervious area: 73717.21 m² (79.5% of total)
Added 1 LID controls to temp_controls_GR.inp
Added 1 LID usages to temp_GR_ex1.inp
Reset all LID placements
Creating LID placement: LID_GR on S4
  - from_impervious: 56.0% of impervious area
  - LID area: 41281.64 m² (44.49% of total area)
  - Impervious area: 73717.21 m² (79.5% of total)
Added 1 LID controls to temp_controls_GR.inp
Added 1 LID usages to temp_GR_ex1.inp
Reset all LID placements
Creating LID placement: LID_GR on S4
  - from_impervious: 57.0% of impervious area
  - LID area: 42018.81 m² (45.29% of total area)
  - Impervious area: 73717.21 m² (79.5% of total)
Added 1 LID controls to temp_controls_GR.inp
Added 1 LID usages to temp_GR_ex1.inp
Reset all LID placements
Creating LID placement: LID_GR on S4
  - from_impervious: 58.0% of impervious area
  - LID area: 42755.98 m² (46.08% of total area)
  - Impervious area: 73717.21 m² (79.5% of total)
Added 1 LID controls to temp_controls_GR.inp
Added 1 LID usages to temp_GR_ex1.inp
Reset all LID placements
Creating LID placement: LID_GR on S4
  - from_impervious: 59.0% of impervious area
  - LID area: 43493.15 m² (46.88% of total area)
  - Impervious area: 73717.21 m² (79.5% of total)
Added 1 LID controls to temp_controls_GR.inp
Added 1 LID usages to temp_GR_ex1.inp
  Simulating 60%
Reset all LID placements
Creating LID placement: LID_GR on S4
  - from_impervious: 60.0% of impervious area
  - LID area: 44230.32 m² (47.67% of total area)
  - Impervious area: 73717.21 m² (79.5% of total)
Added 1 LID controls to temp_controls_GR.inp
Added 1 LID usages to temp_GR_ex1.inp
Reset all LID placements
Creating LID placement: LID_GR on S4
  - from_impervious: 61.0% of impervious area
  - LID area: 44967.50 m² (48.46% of total area)
  - Impervious area: 73717.21 m² (79.5% of total)
Added 1 LID controls to temp_controls_GR.inp
Added 1 LID usages to temp_GR_ex1.inp
Reset all LID placements
Creating LID placement: LID_GR on S4
  - from_impervious: 62.0% of impervious area
  - LID area: 45704.67 m² (49.26% of total area)
  - Impervious area: 73717.21 m² (79.5% of total)
Added 1 LID controls to temp_controls_GR.inp
Added 1 LID usages to temp_GR_ex1.inp
Reset all LID placements
Creating LID placement: LID_GR on S4
  - from_impervious: 63.0% of impervious area
  - LID area: 46441.84 m² (50.05% of total area)
  - Impervious area: 73717.21 m² (79.5% of total)
Added 1 LID controls to temp_controls_GR.inp
Added 1 LID usages to temp_GR_ex1.inp
Reset all LID placements
Creating LID placement: LID_GR on S4
  - from_impervious: 64.0% of impervious area
  - LID area: 47179.01 m² (50.85% of total area)
  - Impervious area: 73717.21 m² (79.5% of total)
Added 1 LID controls to temp_controls_GR.inp
Added 1 LID usages to temp_GR_ex1.inp
Reset all LID placements
Creating LID placement: LID_GR on S4
  - from_impervious: 65.0% of impervious area
  - LID area: 47916.18 m² (51.64% of total area)
  - Impervious area: 73717.21 m² (79.5% of total)
Added 1 LID controls to temp_controls_GR.inp
Added 1 LID usages to temp_GR_ex1.inp
Reset all LID placements
Creating LID placement: LID_GR on S4
  - from_impervious: 66.0% of impervious area
  - LID area: 48653.36 m² (52.44% of total area)
  - Impervious area: 73717.21 m² (79.5% of total)
Added 1 LID controls to temp_controls_GR.inp
Added 1 LID usages to temp_GR_ex1.inp
Reset all LID placements
Creating LID placement: LID_GR on S4
  - from_impervious: 67.0% of impervious area
  - LID area: 49390.53 m² (53.23% of total area)
  - Impervious area: 73717.21 m² (79.5% of total)
Added 1 LID controls to temp_controls_GR.inp
Added 1 LID usages to temp_GR_ex1.inp
Reset all LID placements
Creating LID placement: LID_GR on S4
  - from_impervious: 68.0% of impervious area
  - LID area: 50127.70 m² (54.03% of total area)
  - Impervious area: 73717.21 m² (79.5% of total)
Added 1 LID controls to temp_controls_GR.inp
Added 1 LID usages to temp_GR_ex1.inp
Reset all LID placements
Creating LID placement: LID_GR on S4
  - from_impervious: 69.0% of impervious area
  - LID area: 50864.87 m² (54.82% of total area)
  - Impervious area: 73717.21 m² (79.5% of total)
Added 1 LID controls to temp_controls_GR.inp
Added 1 LID usages to temp_GR_ex1.inp
Reset all LID placements
Creating LID placement: LID_GR on S4
  - from_impervious: 70.0% of impervious area
  - LID area: 51602.04 m² (55.61% of total area)
  - Impervious area: 73717.21 m² (79.5% of total)
Added 1 LID controls to temp_controls_GR.inp
Added 1 LID usages to temp_GR_ex1.inp
Reset all LID placements
Creating LID placement: LID_GR on S4
  - from_impervious: 71.0% of impervious area
  - LID area: 52339.22 m² (56.41% of total area)
  - Impervious area: 73717.21 m² (79.5% of total)
Added 1 LID controls to temp_controls_GR.inp
Added 1 LID usages to temp_GR_ex1.inp
Reset all LID placements
Creating LID placement: LID_GR on S4
  - from_impervious: 72.0% of impervious area
  - LID area: 53076.39 m² (57.20% of total area)
  - Impervious area: 73717.21 m² (79.5% of total)
Added 1 LID controls to temp_controls_GR.inp
Added 1 LID usages to temp_GR_ex1.inp
Reset all LID placements
Creating LID placement: LID_GR on S4
  - from_impervious: 73.0% of impervious area
  - LID area: 53813.56 m² (58.00% of total area)
  - Impervious area: 73717.21 m² (79.5% of total)
Added 1 LID controls to temp_controls_GR.inp
Added 1 LID usages to temp_GR_ex1.inp
Reset all LID placements
Creating LID placement: LID_GR on S4
  - from_impervious: 74.0% of impervious area
  - LID area: 54550.73 m² (58.79% of total area)
  - Impervious area: 73717.21 m² (79.5% of total)
Added 1 LID controls to temp_controls_GR.inp
Added 1 LID usages to temp_GR_ex1.inp
Reset all LID placements
Creating LID placement: LID_GR on S4
  - from_impervious: 75.0% of impervious area
  - LID area: 55287.90 m² (59.59% of total area)
  - Impervious area: 73717.21 m² (79.5% of total)
Added 1 LID controls to temp_controls_GR.inp
Added 1 LID usages to temp_GR_ex1.inp
Reset all LID placements
Creating LID placement: LID_GR on S4
  - from_impervious: 76.0% of impervious area
  - LID area: 56025.08 m² (60.38% of total area)
  - Impervious area: 73717.21 m² (79.5% of total)
Added 1 LID controls to temp_controls_GR.inp
Added 1 LID usages to temp_GR_ex1.inp
Reset all LID placements
Creating LID placement: LID_GR on S4
  - from_impervious: 77.0% of impervious area
  - LID area: 56762.25 m² (61.18% of total area)
  - Impervious area: 73717.21 m² (79.5% of total)
Added 1 LID controls to temp_controls_GR.inp
Added 1 LID usages to temp_GR_ex1.inp
Reset all LID placements
Creating LID placement: LID_GR on S4
  - from_impervious: 78.0% of impervious area
  - LID area: 57499.42 m² (61.97% of total area)
  - Impervious area: 73717.21 m² (79.5% of total)
Added 1 LID controls to temp_controls_GR.inp
Added 1 LID usages to temp_GR_ex1.inp
Reset all LID placements
Creating LID placement: LID_GR on S4
  - from_impervious: 79.0% of impervious area
  - LID area: 58236.59 m² (62.77% of total area)
  - Impervious area: 73717.21 m² (79.5% of total)
Added 1 LID controls to temp_controls_GR.inp
Added 1 LID usages to temp_GR_ex1.inp
  Simulating 80%
Reset all LID placements
Creating LID placement: LID_GR on S4
  - from_impervious: 80.0% of impervious area
  - LID area: 58973.76 m² (63.56% of total area)
  - Impervious area: 73717.21 m² (79.5% of total)
Added 1 LID controls to temp_controls_GR.inp
Added 1 LID usages to temp_GR_ex1.inp
Reset all LID placements
Creating LID placement: LID_GR on S4
  - from_impervious: 81.0% of impervious area
  - LID area: 59710.94 m² (64.35% of total area)
  - Impervious area: 73717.21 m² (79.5% of total)
Added 1 LID controls to temp_controls_GR.inp
Added 1 LID usages to temp_GR_ex1.inp
Reset all LID placements
Creating LID placement: LID_GR on S4
  - from_impervious: 82.0% of impervious area
  - LID area: 60448.11 m² (65.15% of total area)
  - Impervious area: 73717.21 m² (79.5% of total)
Added 1 LID controls to temp_controls_GR.inp
Added 1 LID usages to temp_GR_ex1.inp
Reset all LID placements
Creating LID placement: LID_GR on S4
  - from_impervious: 83.0% of impervious area
  - LID area: 61185.28 m² (65.94% of total area)
  - Impervious area: 73717.21 m² (79.5% of total)
Added 1 LID controls to temp_controls_GR.inp
Added 1 LID usages to temp_GR_ex1.inp
Reset all LID placements
Creating LID placement: LID_GR on S4
  - from_impervious: 84.0% of impervious area
  - LID area: 61922.45 m² (66.74% of total area)
  - Impervious area: 73717.21 m² (79.5% of total)
Added 1 LID controls to temp_controls_GR.inp
Added 1 LID usages to temp_GR_ex1.inp
Reset all LID placements
Creating LID placement: LID_GR on S4
  - from_impervious: 85.0% of impervious area
  - LID area: 62659.62 m² (67.53% of total area)
  - Impervious area: 73717.21 m² (79.5% of total)
Added 1 LID controls to temp_controls_GR.inp
Added 1 LID usages to temp_GR_ex1.inp
Reset all LID placements
Creating LID placement: LID_GR on S4
  - from_impervious: 86.0% of impervious area
  - LID area: 63396.80 m² (68.33% of total area)
  - Impervious area: 73717.21 m² (79.5% of total)
Added 1 LID controls to temp_controls_GR.inp
Added 1 LID usages to temp_GR_ex1.inp
Reset all LID placements
Creating LID placement: LID_GR on S4
  - from_impervious: 87.0% of impervious area
  - LID area: 64133.97 m² (69.12% of total area)
  - Impervious area: 73717.21 m² (79.5% of total)
Added 1 LID controls to temp_controls_GR.inp
Added 1 LID usages to temp_GR_ex1.inp
Reset all LID placements
Creating LID placement: LID_GR on S4
  - from_impervious: 88.0% of impervious area
  - LID area: 64871.14 m² (69.92% of total area)
  - Impervious area: 73717.21 m² (79.5% of total)
Added 1 LID controls to temp_controls_GR.inp
Added 1 LID usages to temp_GR_ex1.inp
Reset all LID placements
Creating LID placement: LID_GR on S4
  - from_impervious: 89.0% of impervious area
  - LID area: 65608.31 m² (70.71% of total area)
  - Impervious area: 73717.21 m² (79.5% of total)
Added 1 LID controls to temp_controls_GR.inp
Added 1 LID usages to temp_GR_ex1.inp
Reset all LID placements
Creating LID placement: LID_GR on S4
  - from_impervious: 90.0% of impervious area
  - LID area: 66345.49 m² (71.51% of total area)
  - Impervious area: 73717.21 m² (79.5% of total)
Added 1 LID controls to temp_controls_GR.inp
Added 1 LID usages to temp_GR_ex1.inp
Reset all LID placements
Creating LID placement: LID_GR on S4
  - from_impervious: 91.0% of impervious area
  - LID area: 67082.66 m² (72.30% of total area)
  - Impervious area: 73717.21 m² (79.5% of total)
Added 1 LID controls to temp_controls_GR.inp
Added 1 LID usages to temp_GR_ex1.inp
Reset all LID placements
Creating LID placement: LID_GR on S4
  - from_impervious: 92.0% of impervious area
  - LID area: 67819.83 m² (73.09% of total area)
  - Impervious area: 73717.21 m² (79.5% of total)
Added 1 LID controls to temp_controls_GR.inp
Added 1 LID usages to temp_GR_ex1.inp
Reset all LID placements
Creating LID placement: LID_GR on S4
  - from_impervious: 93.0% of impervious area
  - LID area: 68557.00 m² (73.89% of total area)
  - Impervious area: 73717.21 m² (79.5% of total)
Added 1 LID controls to temp_controls_GR.inp
Added 1 LID usages to temp_GR_ex1.inp
Reset all LID placements
Creating LID placement: LID_GR on S4
  - from_impervious: 94.0% of impervious area
  - LID area: 69294.17 m² (74.68% of total area)
  - Impervious area: 73717.21 m² (79.5% of total)
Added 1 LID controls to temp_controls_GR.inp
Added 1 LID usages to temp_GR_ex1.inp
Reset all LID placements
Creating LID placement: LID_GR on S4
  - from_impervious: 95.0% of impervious area
  - LID area: 70031.35 m² (75.48% of total area)
  - Impervious area: 73717.21 m² (79.5% of total)
Added 1 LID controls to temp_controls_GR.inp
Added 1 LID usages to temp_GR_ex1.inp
Reset all LID placements
Creating LID placement: LID_GR on S4
  - from_impervious: 96.0% of impervious area
  - LID area: 70768.52 m² (76.27% of total area)
  - Impervious area: 73717.21 m² (79.5% of total)
Added 1 LID controls to temp_controls_GR.inp
Added 1 LID usages to temp_GR_ex1.inp
Reset all LID placements
Creating LID placement: LID_GR on S4
  - from_impervious: 97.0% of impervious area
  - LID area: 71505.69 m² (77.07% of total area)
  - Impervious area: 73717.21 m² (79.5% of total)
Added 1 LID controls to temp_controls_GR.inp
Added 1 LID usages to temp_GR_ex1.inp
Reset all LID placements
Creating LID placement: LID_GR on S4
  - from_impervious: 98.0% of impervious area
  - LID area: 72242.86 m² (77.86% of total area)
  - Impervious area: 73717.21 m² (79.5% of total)
Added 1 LID controls to temp_controls_GR.inp
Added 1 LID usages to temp_GR_ex1.inp
Reset all LID placements
Creating LID placement: LID_GR on S4
  - from_impervious: 99.0% of impervious area
  - LID area: 72980.03 m² (78.66% of total area)
  - Impervious area: 73717.21 m² (79.5% of total)
Added 1 LID controls to temp_controls_GR.inp
Added 1 LID usages to temp_GR_ex1.inp
  Simulating 100%
Reset all LID placements
Creating LID placement: LID_GR on S4
  - from_impervious: 100.0% of impervious area
  - LID area: 73717.21 m² (79.45% of total area)
  - Impervious area: 73717.21 m² (79.5% of total)
Added 1 LID controls to temp_controls_GR.inp
Added 1 LID usages to temp_GR_ex1.inp
  Data saved to GR_data.csv
  Graph saved to GR_result.png

============================================================
Processing LID Type: Permeable Pavement (PP)
============================================================
Using Custom Parameters for PP
Created LID configuration: LID_PP (LIDType.PERMEABLE_PAVEMENT)
  - Parameters: LIDParameters(surface=[0.1, 0.0, 0.1, 1.0, 5], soil=None, storage=[300, 0.3, 0.5, 0], pavement=[150, 0.15, 0, 100, 0], drain=[0, 0.5, 0, 6, 0, 0], drainmat=None)
  - Life cycle cost per m2: 100000.0
Reset all LID placements
Creating LID placement: LID_PP on S4
  - from_impervious: 1.0% of impervious area
  - LID area: 737.17 m² (0.79% of total area)
  - Impervious area: 73717.21 m² (79.5% of total)
Added 1 LID controls to temp_controls_PP.inp
Added 1 LID usages to temp_PP_ex1.inp
Reset all LID placements
Creating LID placement: LID_PP on S4
  - from_impervious: 2.0% of impervious area
  - LID area: 1474.34 m² (1.59% of total area)
  - Impervious area: 73717.21 m² (79.5% of total)
Added 1 LID controls to temp_controls_PP.inp
Added 1 LID usages to temp_PP_ex1.inp
Reset all LID placements
Creating LID placement: LID_PP on S4
  - from_impervious: 3.0% of impervious area
  - LID area: 2211.52 m² (2.38% of total area)
  - Impervious area: 73717.21 m² (79.5% of total)
Added 1 LID controls to temp_controls_PP.inp
Added 1 LID usages to temp_PP_ex1.inp
Reset all LID placements
Creating LID placement: LID_PP on S4
  - from_impervious: 4.0% of impervious area
  - LID area: 2948.69 m² (3.18% of total area)
  - Impervious area: 73717.21 m² (79.5% of total)
Added 1 LID controls to temp_controls_PP.inp
Added 1 LID usages to temp_PP_ex1.inp
Reset all LID placements
Creating LID placement: LID_PP on S4
  - from_impervious: 5.0% of impervious area
  - LID area: 3685.86 m² (3.97% of total area)
  - Impervious area: 73717.21 m² (79.5% of total)
Added 1 LID controls to temp_controls_PP.inp
Added 1 LID usages to temp_PP_ex1.inp
Reset all LID placements
Creating LID placement: LID_PP on S4
  - from_impervious: 6.0% of impervious area
  - LID area: 4423.03 m² (4.77% of total area)
  - Impervious area: 73717.21 m² (79.5% of total)
Added 1 LID controls to temp_controls_PP.inp
Added 1 LID usages to temp_PP_ex1.inp
Reset all LID placements
Creating LID placement: LID_PP on S4
  - from_impervious: 7.0% of impervious area
  - LID area: 5160.20 m² (5.56% of total area)
  - Impervious area: 73717.21 m² (79.5% of total)
Added 1 LID controls to temp_controls_PP.inp
Added 1 LID usages to temp_PP_ex1.inp
Reset all LID placements
Creating LID placement: LID_PP on S4
  - from_impervious: 8.0% of impervious area
  - LID area: 5897.38 m² (6.36% of total area)
  - Impervious area: 73717.21 m² (79.5% of total)
Added 1 LID controls to temp_controls_PP.inp
Added 1 LID usages to temp_PP_ex1.inp
Reset all LID placements
Creating LID placement: LID_PP on S4
  - from_impervious: 9.0% of impervious area
  - LID area: 6634.55 m² (7.15% of total area)
  - Impervious area: 73717.21 m² (79.5% of total)
Added 1 LID controls to temp_controls_PP.inp
Added 1 LID usages to temp_PP_ex1.inp
Reset all LID placements
Creating LID placement: LID_PP on S4
  - from_impervious: 10.0% of impervious area
  - LID area: 7371.72 m² (7.94% of total area)
  - Impervious area: 73717.21 m² (79.5% of total)
Added 1 LID controls to temp_controls_PP.inp
Added 1 LID usages to temp_PP_ex1.inp
Reset all LID placements
Creating LID placement: LID_PP on S4
  - from_impervious: 11.0% of impervious area
  - LID area: 8108.89 m² (8.74% of total area)
  - Impervious area: 73717.21 m² (79.5% of total)
Added 1 LID controls to temp_controls_PP.inp
Added 1 LID usages to temp_PP_ex1.inp
Reset all LID placements
Creating LID placement: LID_PP on S4
  - from_impervious: 12.0% of impervious area
  - LID area: 8846.06 m² (9.53% of total area)
  - Impervious area: 73717.21 m² (79.5% of total)
Added 1 LID controls to temp_controls_PP.inp
Added 1 LID usages to temp_PP_ex1.inp
Reset all LID placements
Creating LID placement: LID_PP on S4
  - from_impervious: 13.0% of impervious area
  - LID area: 9583.24 m² (10.33% of total area)
  - Impervious area: 73717.21 m² (79.5% of total)
Added 1 LID controls to temp_controls_PP.inp
Added 1 LID usages to temp_PP_ex1.inp
Reset all LID placements
Creating LID placement: LID_PP on S4
  - from_impervious: 14.0% of impervious area
  - LID area: 10320.41 m² (11.12% of total area)
  - Impervious area: 73717.21 m² (79.5% of total)
Added 1 LID controls to temp_controls_PP.inp
Added 1 LID usages to temp_PP_ex1.inp
Reset all LID placements
Creating LID placement: LID_PP on S4
  - from_impervious: 15.0% of impervious area
  - LID area: 11057.58 m² (11.92% of total area)
  - Impervious area: 73717.21 m² (79.5% of total)
Added 1 LID controls to temp_controls_PP.inp
Added 1 LID usages to temp_PP_ex1.inp
Reset all LID placements
Creating LID placement: LID_PP on S4
  - from_impervious: 16.0% of impervious area
  - LID area: 11794.75 m² (12.71% of total area)
  - Impervious area: 73717.21 m² (79.5% of total)
Added 1 LID controls to temp_controls_PP.inp
Added 1 LID usages to temp_PP_ex1.inp
Reset all LID placements
Creating LID placement: LID_PP on S4
  - from_impervious: 17.0% of impervious area
  - LID area: 12531.92 m² (13.51% of total area)
  - Impervious area: 73717.21 m² (79.5% of total)
Added 1 LID controls to temp_controls_PP.inp
Added 1 LID usages to temp_PP_ex1.inp
Reset all LID placements
Creating LID placement: LID_PP on S4
  - from_impervious: 18.0% of impervious area
  - LID area: 13269.10 m² (14.30% of total area)
  - Impervious area: 73717.21 m² (79.5% of total)
Added 1 LID controls to temp_controls_PP.inp
Added 1 LID usages to temp_PP_ex1.inp
Reset all LID placements
Creating LID placement: LID_PP on S4
  - from_impervious: 19.0% of impervious area
  - LID area: 14006.27 m² (15.10% of total area)
  - Impervious area: 73717.21 m² (79.5% of total)
Added 1 LID controls to temp_controls_PP.inp
Added 1 LID usages to temp_PP_ex1.inp
  Simulating 20%
Reset all LID placements
Creating LID placement: LID_PP on S4
  - from_impervious: 20.0% of impervious area
  - LID area: 14743.44 m² (15.89% of total area)
  - Impervious area: 73717.21 m² (79.5% of total)
Added 1 LID controls to temp_controls_PP.inp
Added 1 LID usages to temp_PP_ex1.inp
Reset all LID placements
Creating LID placement: LID_PP on S4
  - from_impervious: 21.0% of impervious area
  - LID area: 15480.61 m² (16.68% of total area)
  - Impervious area: 73717.21 m² (79.5% of total)
Added 1 LID controls to temp_controls_PP.inp
Added 1 LID usages to temp_PP_ex1.inp
Reset all LID placements
Creating LID placement: LID_PP on S4
  - from_impervious: 22.0% of impervious area
  - LID area: 16217.79 m² (17.48% of total area)
  - Impervious area: 73717.21 m² (79.5% of total)
Added 1 LID controls to temp_controls_PP.inp
Added 1 LID usages to temp_PP_ex1.inp
Reset all LID placements
Creating LID placement: LID_PP on S4
  - from_impervious: 23.0% of impervious area
  - LID area: 16954.96 m² (18.27% of total area)
  - Impervious area: 73717.21 m² (79.5% of total)
Added 1 LID controls to temp_controls_PP.inp
Added 1 LID usages to temp_PP_ex1.inp
Reset all LID placements
Creating LID placement: LID_PP on S4
  - from_impervious: 24.0% of impervious area
  - LID area: 17692.13 m² (19.07% of total area)
  - Impervious area: 73717.21 m² (79.5% of total)
Added 1 LID controls to temp_controls_PP.inp
Added 1 LID usages to temp_PP_ex1.inp
Reset all LID placements
Creating LID placement: LID_PP on S4
  - from_impervious: 25.0% of impervious area
  - LID area: 18429.30 m² (19.86% of total area)
  - Impervious area: 73717.21 m² (79.5% of total)
Added 1 LID controls to temp_controls_PP.inp
Added 1 LID usages to temp_PP_ex1.inp
Reset all LID placements
Creating LID placement: LID_PP on S4
  - from_impervious: 26.0% of impervious area
  - LID area: 19166.47 m² (20.66% of total area)
  - Impervious area: 73717.21 m² (79.5% of total)
Added 1 LID controls to temp_controls_PP.inp
Added 1 LID usages to temp_PP_ex1.inp
Reset all LID placements
Creating LID placement: LID_PP on S4
  - from_impervious: 27.0% of impervious area
  - LID area: 19903.65 m² (21.45% of total area)
  - Impervious area: 73717.21 m² (79.5% of total)
Added 1 LID controls to temp_controls_PP.inp
Added 1 LID usages to temp_PP_ex1.inp
Reset all LID placements
Creating LID placement: LID_PP on S4
  - from_impervious: 28.0% of impervious area
  - LID area: 20640.82 m² (22.25% of total area)
  - Impervious area: 73717.21 m² (79.5% of total)
Added 1 LID controls to temp_controls_PP.inp
Added 1 LID usages to temp_PP_ex1.inp
Reset all LID placements
Creating LID placement: LID_PP on S4
  - from_impervious: 29.0% of impervious area
  - LID area: 21377.99 m² (23.04% of total area)
  - Impervious area: 73717.21 m² (79.5% of total)
Added 1 LID controls to temp_controls_PP.inp
Added 1 LID usages to temp_PP_ex1.inp
Reset all LID placements
Creating LID placement: LID_PP on S4
  - from_impervious: 30.0% of impervious area
  - LID area: 22115.16 m² (23.83% of total area)
  - Impervious area: 73717.21 m² (79.5% of total)
Added 1 LID controls to temp_controls_PP.inp
Added 1 LID usages to temp_PP_ex1.inp
Reset all LID placements
Creating LID placement: LID_PP on S4
  - from_impervious: 31.0% of impervious area
  - LID area: 22852.33 m² (24.63% of total area)
  - Impervious area: 73717.21 m² (79.5% of total)
Added 1 LID controls to temp_controls_PP.inp
Added 1 LID usages to temp_PP_ex1.inp
Reset all LID placements
Creating LID placement: LID_PP on S4
  - from_impervious: 32.0% of impervious area
  - LID area: 23589.51 m² (25.42% of total area)
  - Impervious area: 73717.21 m² (79.5% of total)
Added 1 LID controls to temp_controls_PP.inp
Added 1 LID usages to temp_PP_ex1.inp
Reset all LID placements
Creating LID placement: LID_PP on S4
  - from_impervious: 33.0% of impervious area
  - LID area: 24326.68 m² (26.22% of total area)
  - Impervious area: 73717.21 m² (79.5% of total)
Added 1 LID controls to temp_controls_PP.inp
Added 1 LID usages to temp_PP_ex1.inp
Reset all LID placements
Creating LID placement: LID_PP on S4
  - from_impervious: 34.0% of impervious area
  - LID area: 25063.85 m² (27.01% of total area)
  - Impervious area: 73717.21 m² (79.5% of total)
Added 1 LID controls to temp_controls_PP.inp
Added 1 LID usages to temp_PP_ex1.inp
Reset all LID placements
Creating LID placement: LID_PP on S4
  - from_impervious: 35.0% of impervious area
  - LID area: 25801.02 m² (27.81% of total area)
  - Impervious area: 73717.21 m² (79.5% of total)
Added 1 LID controls to temp_controls_PP.inp
Added 1 LID usages to temp_PP_ex1.inp
Reset all LID placements
Creating LID placement: LID_PP on S4
  - from_impervious: 36.0% of impervious area
  - LID area: 26538.19 m² (28.60% of total area)
  - Impervious area: 73717.21 m² (79.5% of total)
Added 1 LID controls to temp_controls_PP.inp
Added 1 LID usages to temp_PP_ex1.inp
Reset all LID placements
Creating LID placement: LID_PP on S4
  - from_impervious: 37.0% of impervious area
  - LID area: 27275.37 m² (29.40% of total area)
  - Impervious area: 73717.21 m² (79.5% of total)
Added 1 LID controls to temp_controls_PP.inp
Added 1 LID usages to temp_PP_ex1.inp
Reset all LID placements
Creating LID placement: LID_PP on S4
  - from_impervious: 38.0% of impervious area
  - LID area: 28012.54 m² (30.19% of total area)
  - Impervious area: 73717.21 m² (79.5% of total)
Added 1 LID controls to temp_controls_PP.inp
Added 1 LID usages to temp_PP_ex1.inp
Reset all LID placements
Creating LID placement: LID_PP on S4
  - from_impervious: 39.0% of impervious area
  - LID area: 28749.71 m² (30.99% of total area)
  - Impervious area: 73717.21 m² (79.5% of total)
Added 1 LID controls to temp_controls_PP.inp
Added 1 LID usages to temp_PP_ex1.inp
  Simulating 40%
Reset all LID placements
Creating LID placement: LID_PP on S4
  - from_impervious: 40.0% of impervious area
  - LID area: 29486.88 m² (31.78% of total area)
  - Impervious area: 73717.21 m² (79.5% of total)
Added 1 LID controls to temp_controls_PP.inp
Added 1 LID usages to temp_PP_ex1.inp
Reset all LID placements
Creating LID placement: LID_PP on S4
  - from_impervious: 41.0% of impervious area
  - LID area: 30224.05 m² (32.57% of total area)
  - Impervious area: 73717.21 m² (79.5% of total)
Added 1 LID controls to temp_controls_PP.inp
Added 1 LID usages to temp_PP_ex1.inp
Reset all LID placements
Creating LID placement: LID_PP on S4
  - from_impervious: 42.0% of impervious area
  - LID area: 30961.23 m² (33.37% of total area)
  - Impervious area: 73717.21 m² (79.5% of total)
Added 1 LID controls to temp_controls_PP.inp
Added 1 LID usages to temp_PP_ex1.inp
Reset all LID placements
Creating LID placement: LID_PP on S4
  - from_impervious: 43.0% of impervious area
  - LID area: 31698.40 m² (34.16% of total area)
  - Impervious area: 73717.21 m² (79.5% of total)
Added 1 LID controls to temp_controls_PP.inp
Added 1 LID usages to temp_PP_ex1.inp
Reset all LID placements
Creating LID placement: LID_PP on S4
  - from_impervious: 44.0% of impervious area
  - LID area: 32435.57 m² (34.96% of total area)
  - Impervious area: 73717.21 m² (79.5% of total)
Added 1 LID controls to temp_controls_PP.inp
Added 1 LID usages to temp_PP_ex1.inp
Reset all LID placements
Creating LID placement: LID_PP on S4
  - from_impervious: 45.0% of impervious area
  - LID area: 33172.74 m² (35.75% of total area)
  - Impervious area: 73717.21 m² (79.5% of total)
Added 1 LID controls to temp_controls_PP.inp
Added 1 LID usages to temp_PP_ex1.inp
Reset all LID placements
Creating LID placement: LID_PP on S4
  - from_impervious: 46.0% of impervious area
  - LID area: 33909.91 m² (36.55% of total area)
  - Impervious area: 73717.21 m² (79.5% of total)
Added 1 LID controls to temp_controls_PP.inp
Added 1 LID usages to temp_PP_ex1.inp
Reset all LID placements
Creating LID placement: LID_PP on S4
  - from_impervious: 47.0% of impervious area
  - LID area: 34647.09 m² (37.34% of total area)
  - Impervious area: 73717.21 m² (79.5% of total)
Added 1 LID controls to temp_controls_PP.inp
Added 1 LID usages to temp_PP_ex1.inp
Reset all LID placements
Creating LID placement: LID_PP on S4
  - from_impervious: 48.0% of impervious area
  - LID area: 35384.26 m² (38.14% of total area)
  - Impervious area: 73717.21 m² (79.5% of total)
Added 1 LID controls to temp_controls_PP.inp
Added 1 LID usages to temp_PP_ex1.inp
Reset all LID placements
Creating LID placement: LID_PP on S4
  - from_impervious: 49.0% of impervious area
  - LID area: 36121.43 m² (38.93% of total area)
  - Impervious area: 73717.21 m² (79.5% of total)
Added 1 LID controls to temp_controls_PP.inp
Added 1 LID usages to temp_PP_ex1.inp
Reset all LID placements
Creating LID placement: LID_PP on S4
  - from_impervious: 50.0% of impervious area
  - LID area: 36858.60 m² (39.73% of total area)
  - Impervious area: 73717.21 m² (79.5% of total)
Added 1 LID controls to temp_controls_PP.inp
Added 1 LID usages to temp_PP_ex1.inp
Reset all LID placements
Creating LID placement: LID_PP on S4
  - from_impervious: 51.0% of impervious area
  - LID area: 37595.77 m² (40.52% of total area)
  - Impervious area: 73717.21 m² (79.5% of total)
Added 1 LID controls to temp_controls_PP.inp
Added 1 LID usages to temp_PP_ex1.inp
Reset all LID placements
Creating LID placement: LID_PP on S4
  - from_impervious: 52.0% of impervious area
  - LID area: 38332.95 m² (41.31% of total area)
  - Impervious area: 73717.21 m² (79.5% of total)
Added 1 LID controls to temp_controls_PP.inp
Added 1 LID usages to temp_PP_ex1.inp
Reset all LID placements
Creating LID placement: LID_PP on S4
  - from_impervious: 53.0% of impervious area
  - LID area: 39070.12 m² (42.11% of total area)
  - Impervious area: 73717.21 m² (79.5% of total)
Added 1 LID controls to temp_controls_PP.inp
Added 1 LID usages to temp_PP_ex1.inp
Reset all LID placements
Creating LID placement: LID_PP on S4
  - from_impervious: 54.0% of impervious area
  - LID area: 39807.29 m² (42.90% of total area)
  - Impervious area: 73717.21 m² (79.5% of total)
Added 1 LID controls to temp_controls_PP.inp
Added 1 LID usages to temp_PP_ex1.inp
Reset all LID placements
Creating LID placement: LID_PP on S4
  - from_impervious: 55.0% of impervious area
  - LID area: 40544.46 m² (43.70% of total area)
  - Impervious area: 73717.21 m² (79.5% of total)
Added 1 LID controls to temp_controls_PP.inp
Added 1 LID usages to temp_PP_ex1.inp
Reset all LID placements
Creating LID placement: LID_PP on S4
  - from_impervious: 56.0% of impervious area
  - LID area: 41281.64 m² (44.49% of total area)
  - Impervious area: 73717.21 m² (79.5% of total)
Added 1 LID controls to temp_controls_PP.inp
Added 1 LID usages to temp_PP_ex1.inp
Reset all LID placements
Creating LID placement: LID_PP on S4
  - from_impervious: 57.0% of impervious area
  - LID area: 42018.81 m² (45.29% of total area)
  - Impervious area: 73717.21 m² (79.5% of total)
Added 1 LID controls to temp_controls_PP.inp
Added 1 LID usages to temp_PP_ex1.inp
Reset all LID placements
Creating LID placement: LID_PP on S4
  - from_impervious: 58.0% of impervious area
  - LID area: 42755.98 m² (46.08% of total area)
  - Impervious area: 73717.21 m² (79.5% of total)
Added 1 LID controls to temp_controls_PP.inp
Added 1 LID usages to temp_PP_ex1.inp
Reset all LID placements
Creating LID placement: LID_PP on S4
  - from_impervious: 59.0% of impervious area
  - LID area: 43493.15 m² (46.88% of total area)
  - Impervious area: 73717.21 m² (79.5% of total)
Added 1 LID controls to temp_controls_PP.inp
Added 1 LID usages to temp_PP_ex1.inp
  Simulating 60%
Reset all LID placements
Creating LID placement: LID_PP on S4
  - from_impervious: 60.0% of impervious area
  - LID area: 44230.32 m² (47.67% of total area)
  - Impervious area: 73717.21 m² (79.5% of total)
Added 1 LID controls to temp_controls_PP.inp
Added 1 LID usages to temp_PP_ex1.inp
Reset all LID placements
Creating LID placement: LID_PP on S4
  - from_impervious: 61.0% of impervious area
  - LID area: 44967.50 m² (48.46% of total area)
  - Impervious area: 73717.21 m² (79.5% of total)
Added 1 LID controls to temp_controls_PP.inp
Added 1 LID usages to temp_PP_ex1.inp
Reset all LID placements
Creating LID placement: LID_PP on S4
  - from_impervious: 62.0% of impervious area
  - LID area: 45704.67 m² (49.26% of total area)
  - Impervious area: 73717.21 m² (79.5% of total)
Added 1 LID controls to temp_controls_PP.inp
Added 1 LID usages to temp_PP_ex1.inp
Reset all LID placements
Creating LID placement: LID_PP on S4
  - from_impervious: 63.0% of impervious area
  - LID area: 46441.84 m² (50.05% of total area)
  - Impervious area: 73717.21 m² (79.5% of total)
Added 1 LID controls to temp_controls_PP.inp
Added 1 LID usages to temp_PP_ex1.inp
Reset all LID placements
Creating LID placement: LID_PP on S4
  - from_impervious: 64.0% of impervious area
  - LID area: 47179.01 m² (50.85% of total area)
  - Impervious area: 73717.21 m² (79.5% of total)
Added 1 LID controls to temp_controls_PP.inp
Added 1 LID usages to temp_PP_ex1.inp
Reset all LID placements
Creating LID placement: LID_PP on S4
  - from_impervious: 65.0% of impervious area
  - LID area: 47916.18 m² (51.64% of total area)
  - Impervious area: 73717.21 m² (79.5% of total)
Added 1 LID controls to temp_controls_PP.inp
Added 1 LID usages to temp_PP_ex1.inp
Reset all LID placements
Creating LID placement: LID_PP on S4
  - from_impervious: 66.0% of impervious area
  - LID area: 48653.36 m² (52.44% of total area)
  - Impervious area: 73717.21 m² (79.5% of total)
Added 1 LID controls to temp_controls_PP.inp
Added 1 LID usages to temp_PP_ex1.inp
Reset all LID placements
Creating LID placement: LID_PP on S4
  - from_impervious: 67.0% of impervious area
  - LID area: 49390.53 m² (53.23% of total area)
  - Impervious area: 73717.21 m² (79.5% of total)
Added 1 LID controls to temp_controls_PP.inp
Added 1 LID usages to temp_PP_ex1.inp
Reset all LID placements
Creating LID placement: LID_PP on S4
  - from_impervious: 68.0% of impervious area
  - LID area: 50127.70 m² (54.03% of total area)
  - Impervious area: 73717.21 m² (79.5% of total)
Added 1 LID controls to temp_controls_PP.inp
Added 1 LID usages to temp_PP_ex1.inp
Reset all LID placements
Creating LID placement: LID_PP on S4
  - from_impervious: 69.0% of impervious area
  - LID area: 50864.87 m² (54.82% of total area)
  - Impervious area: 73717.21 m² (79.5% of total)
Added 1 LID controls to temp_controls_PP.inp
Added 1 LID usages to temp_PP_ex1.inp
Reset all LID placements
Creating LID placement: LID_PP on S4
  - from_impervious: 70.0% of impervious area
  - LID area: 51602.04 m² (55.61% of total area)
  - Impervious area: 73717.21 m² (79.5% of total)
Added 1 LID controls to temp_controls_PP.inp
Added 1 LID usages to temp_PP_ex1.inp
Reset all LID placements
Creating LID placement: LID_PP on S4
  - from_impervious: 71.0% of impervious area
  - LID area: 52339.22 m² (56.41% of total area)
  - Impervious area: 73717.21 m² (79.5% of total)
Added 1 LID controls to temp_controls_PP.inp
Added 1 LID usages to temp_PP_ex1.inp
Reset all LID placements
Creating LID placement: LID_PP on S4
  - from_impervious: 72.0% of impervious area
  - LID area: 53076.39 m² (57.20% of total area)
  - Impervious area: 73717.21 m² (79.5% of total)
Added 1 LID controls to temp_controls_PP.inp
Added 1 LID usages to temp_PP_ex1.inp
Reset all LID placements
Creating LID placement: LID_PP on S4
  - from_impervious: 73.0% of impervious area
  - LID area: 53813.56 m² (58.00% of total area)
  - Impervious area: 73717.21 m² (79.5% of total)
Added 1 LID controls to temp_controls_PP.inp
Added 1 LID usages to temp_PP_ex1.inp
Reset all LID placements
Creating LID placement: LID_PP on S4
  - from_impervious: 74.0% of impervious area
  - LID area: 54550.73 m² (58.79% of total area)
  - Impervious area: 73717.21 m² (79.5% of total)
Added 1 LID controls to temp_controls_PP.inp
Added 1 LID usages to temp_PP_ex1.inp
Reset all LID placements
Creating LID placement: LID_PP on S4
  - from_impervious: 75.0% of impervious area
  - LID area: 55287.90 m² (59.59% of total area)
  - Impervious area: 73717.21 m² (79.5% of total)
Added 1 LID controls to temp_controls_PP.inp
Added 1 LID usages to temp_PP_ex1.inp
Reset all LID placements
Creating LID placement: LID_PP on S4
  - from_impervious: 76.0% of impervious area
  - LID area: 56025.08 m² (60.38% of total area)
  - Impervious area: 73717.21 m² (79.5% of total)
Added 1 LID controls to temp_controls_PP.inp
Added 1 LID usages to temp_PP_ex1.inp
Reset all LID placements
Creating LID placement: LID_PP on S4
  - from_impervious: 77.0% of impervious area
  - LID area: 56762.25 m² (61.18% of total area)
  - Impervious area: 73717.21 m² (79.5% of total)
Added 1 LID controls to temp_controls_PP.inp
Added 1 LID usages to temp_PP_ex1.inp
Reset all LID placements
Creating LID placement: LID_PP on S4
  - from_impervious: 78.0% of impervious area
  - LID area: 57499.42 m² (61.97% of total area)
  - Impervious area: 73717.21 m² (79.5% of total)
Added 1 LID controls to temp_controls_PP.inp
Added 1 LID usages to temp_PP_ex1.inp
Reset all LID placements
Creating LID placement: LID_PP on S4
  - from_impervious: 79.0% of impervious area
  - LID area: 58236.59 m² (62.77% of total area)
  - Impervious area: 73717.21 m² (79.5% of total)
Added 1 LID controls to temp_controls_PP.inp
Added 1 LID usages to temp_PP_ex1.inp
  Simulating 80%
Reset all LID placements
Creating LID placement: LID_PP on S4
  - from_impervious: 80.0% of impervious area
  - LID area: 58973.76 m² (63.56% of total area)
  - Impervious area: 73717.21 m² (79.5% of total)
Added 1 LID controls to temp_controls_PP.inp
Added 1 LID usages to temp_PP_ex1.inp
Reset all LID placements
Creating LID placement: LID_PP on S4
  - from_impervious: 81.0% of impervious area
  - LID area: 59710.94 m² (64.35% of total area)
  - Impervious area: 73717.21 m² (79.5% of total)
Added 1 LID controls to temp_controls_PP.inp
Added 1 LID usages to temp_PP_ex1.inp
Reset all LID placements
Creating LID placement: LID_PP on S4
  - from_impervious: 82.0% of impervious area
  - LID area: 60448.11 m² (65.15% of total area)
  - Impervious area: 73717.21 m² (79.5% of total)
Added 1 LID controls to temp_controls_PP.inp
Added 1 LID usages to temp_PP_ex1.inp
Reset all LID placements
Creating LID placement: LID_PP on S4
  - from_impervious: 83.0% of impervious area
  - LID area: 61185.28 m² (65.94% of total area)
  - Impervious area: 73717.21 m² (79.5% of total)
Added 1 LID controls to temp_controls_PP.inp
Added 1 LID usages to temp_PP_ex1.inp
Reset all LID placements
Creating LID placement: LID_PP on S4
  - from_impervious: 84.0% of impervious area
  - LID area: 61922.45 m² (66.74% of total area)
  - Impervious area: 73717.21 m² (79.5% of total)
Added 1 LID controls to temp_controls_PP.inp
Added 1 LID usages to temp_PP_ex1.inp
Reset all LID placements
Creating LID placement: LID_PP on S4
  - from_impervious: 85.0% of impervious area
  - LID area: 62659.62 m² (67.53% of total area)
  - Impervious area: 73717.21 m² (79.5% of total)
Added 1 LID controls to temp_controls_PP.inp
Added 1 LID usages to temp_PP_ex1.inp
Reset all LID placements
Creating LID placement: LID_PP on S4
  - from_impervious: 86.0% of impervious area
  - LID area: 63396.80 m² (68.33% of total area)
  - Impervious area: 73717.21 m² (79.5% of total)
Added 1 LID controls to temp_controls_PP.inp
Added 1 LID usages to temp_PP_ex1.inp
Reset all LID placements
Creating LID placement: LID_PP on S4
  - from_impervious: 87.0% of impervious area
  - LID area: 64133.97 m² (69.12% of total area)
  - Impervious area: 73717.21 m² (79.5% of total)
Added 1 LID controls to temp_controls_PP.inp
Added 1 LID usages to temp_PP_ex1.inp
Reset all LID placements
Creating LID placement: LID_PP on S4
  - from_impervious: 88.0% of impervious area
  - LID area: 64871.14 m² (69.92% of total area)
  - Impervious area: 73717.21 m² (79.5% of total)
Added 1 LID controls to temp_controls_PP.inp
Added 1 LID usages to temp_PP_ex1.inp
Reset all LID placements
Creating LID placement: LID_PP on S4
  - from_impervious: 89.0% of impervious area
  - LID area: 65608.31 m² (70.71% of total area)
  - Impervious area: 73717.21 m² (79.5% of total)
Added 1 LID controls to temp_controls_PP.inp
Added 1 LID usages to temp_PP_ex1.inp
Reset all LID placements
Creating LID placement: LID_PP on S4
  - from_impervious: 90.0% of impervious area
  - LID area: 66345.49 m² (71.51% of total area)
  - Impervious area: 73717.21 m² (79.5% of total)
Added 1 LID controls to temp_controls_PP.inp
Added 1 LID usages to temp_PP_ex1.inp
Reset all LID placements
Creating LID placement: LID_PP on S4
  - from_impervious: 91.0% of impervious area
  - LID area: 67082.66 m² (72.30% of total area)
  - Impervious area: 73717.21 m² (79.5% of total)
Added 1 LID controls to temp_controls_PP.inp
Added 1 LID usages to temp_PP_ex1.inp
Reset all LID placements
Creating LID placement: LID_PP on S4
  - from_impervious: 92.0% of impervious area
  - LID area: 67819.83 m² (73.09% of total area)
  - Impervious area: 73717.21 m² (79.5% of total)
Added 1 LID controls to temp_controls_PP.inp
Added 1 LID usages to temp_PP_ex1.inp
Reset all LID placements
Creating LID placement: LID_PP on S4
  - from_impervious: 93.0% of impervious area
  - LID area: 68557.00 m² (73.89% of total area)
  - Impervious area: 73717.21 m² (79.5% of total)
Added 1 LID controls to temp_controls_PP.inp
Added 1 LID usages to temp_PP_ex1.inp
Reset all LID placements
Creating LID placement: LID_PP on S4
  - from_impervious: 94.0% of impervious area
  - LID area: 69294.17 m² (74.68% of total area)
  - Impervious area: 73717.21 m² (79.5% of total)
Added 1 LID controls to temp_controls_PP.inp
Added 1 LID usages to temp_PP_ex1.inp
Reset all LID placements
Creating LID placement: LID_PP on S4
  - from_impervious: 95.0% of impervious area
  - LID area: 70031.35 m² (75.48% of total area)
  - Impervious area: 73717.21 m² (79.5% of total)
Added 1 LID controls to temp_controls_PP.inp
Added 1 LID usages to temp_PP_ex1.inp
Reset all LID placements
Creating LID placement: LID_PP on S4
  - from_impervious: 96.0% of impervious area
  - LID area: 70768.52 m² (76.27% of total area)
  - Impervious area: 73717.21 m² (79.5% of total)
Added 1 LID controls to temp_controls_PP.inp
Added 1 LID usages to temp_PP_ex1.inp
Reset all LID placements
Creating LID placement: LID_PP on S4
  - from_impervious: 97.0% of impervious area
  - LID area: 71505.69 m² (77.07% of total area)
  - Impervious area: 73717.21 m² (79.5% of total)
Added 1 LID controls to temp_controls_PP.inp
Added 1 LID usages to temp_PP_ex1.inp
Reset all LID placements
Creating LID placement: LID_PP on S4
  - from_impervious: 98.0% of impervious area
  - LID area: 72242.86 m² (77.86% of total area)
  - Impervious area: 73717.21 m² (79.5% of total)
Added 1 LID controls to temp_controls_PP.inp
Added 1 LID usages to temp_PP_ex1.inp
Reset all LID placements
Creating LID placement: LID_PP on S4
  - from_impervious: 99.0% of impervious area
  - LID area: 72980.03 m² (78.66% of total area)
  - Impervious area: 73717.21 m² (79.5% of total)
Added 1 LID controls to temp_controls_PP.inp
Added 1 LID usages to temp_PP_ex1.inp
  Simulating 100%
Reset all LID placements
Creating LID placement: LID_PP on S4
  - from_impervious: 100.0% of impervious area
  - LID area: 73717.21 m² (79.45% of total area)
  - Impervious area: 73717.21 m² (79.5% of total)
Added 1 LID controls to temp_controls_PP.inp
Added 1 LID usages to temp_PP_ex1.inp
  Data saved to PP_data.csv
  Graph saved to PP_result.png

============================================================
Processing LID Type: Infiltration Trench (IT)
============================================================
Using Default Parameters
Created LID configuration: LID_IT (LIDType.INFILTRATION_TRENCH)
  - Parameters: LIDParameters(surface=[150, 0.1, 0.1, 1, 0], soil=None, storage=[150, 0.75, 0.5, 0, 'NO'], pavement=None, drain=[0, 0.5, 6, 6, 0, 0], drainmat=None)
  - Life cycle cost per m2: 100000.0
Reset all LID placements
Creating LID placement: LID_IT on S4
  - from_impervious: 1.0% of impervious area
  - LID area: 737.17 m² (0.79% of total area)
  - Impervious area: 73717.21 m² (79.5% of total)
Added 1 LID controls to temp_controls_IT.inp
Added 1 LID usages to temp_IT_ex1.inp
Reset all LID placements
Creating LID placement: LID_IT on S4
  - from_impervious: 2.0% of impervious area
  - LID area: 1474.34 m² (1.59% of total area)
  - Impervious area: 73717.21 m² (79.5% of total)
Added 1 LID controls to temp_controls_IT.inp
Added 1 LID usages to temp_IT_ex1.inp
Reset all LID placements
Creating LID placement: LID_IT on S4
  - from_impervious: 3.0% of impervious area
  - LID area: 2211.52 m² (2.38% of total area)
  - Impervious area: 73717.21 m² (79.5% of total)
Added 1 LID controls to temp_controls_IT.inp
Added 1 LID usages to temp_IT_ex1.inp
Reset all LID placements
Creating LID placement: LID_IT on S4
  - from_impervious: 4.0% of impervious area
  - LID area: 2948.69 m² (3.18% of total area)
  - Impervious area: 73717.21 m² (79.5% of total)
Added 1 LID controls to temp_controls_IT.inp
Added 1 LID usages to temp_IT_ex1.inp
Reset all LID placements
Creating LID placement: LID_IT on S4
  - from_impervious: 5.0% of impervious area
  - LID area: 3685.86 m² (3.97% of total area)
  - Impervious area: 73717.21 m² (79.5% of total)
Added 1 LID controls to temp_controls_IT.inp
Added 1 LID usages to temp_IT_ex1.inp
Reset all LID placements
Creating LID placement: LID_IT on S4
  - from_impervious: 6.0% of impervious area
  - LID area: 4423.03 m² (4.77% of total area)
  - Impervious area: 73717.21 m² (79.5% of total)
Added 1 LID controls to temp_controls_IT.inp
Added 1 LID usages to temp_IT_ex1.inp
Reset all LID placements
Creating LID placement: LID_IT on S4
  - from_impervious: 7.0% of impervious area
  - LID area: 5160.20 m² (5.56% of total area)
  - Impervious area: 73717.21 m² (79.5% of total)
Added 1 LID controls to temp_controls_IT.inp
Added 1 LID usages to temp_IT_ex1.inp
Reset all LID placements
Creating LID placement: LID_IT on S4
  - from_impervious: 8.0% of impervious area
  - LID area: 5897.38 m² (6.36% of total area)
  - Impervious area: 73717.21 m² (79.5% of total)
Added 1 LID controls to temp_controls_IT.inp
Added 1 LID usages to temp_IT_ex1.inp
Reset all LID placements
Creating LID placement: LID_IT on S4
  - from_impervious: 9.0% of impervious area
  - LID area: 6634.55 m² (7.15% of total area)
  - Impervious area: 73717.21 m² (79.5% of total)
Added 1 LID controls to temp_controls_IT.inp
Added 1 LID usages to temp_IT_ex1.inp
Reset all LID placements
Creating LID placement: LID_IT on S4
  - from_impervious: 10.0% of impervious area
  - LID area: 7371.72 m² (7.94% of total area)
  - Impervious area: 73717.21 m² (79.5% of total)
Added 1 LID controls to temp_controls_IT.inp
Added 1 LID usages to temp_IT_ex1.inp
Reset all LID placements
Creating LID placement: LID_IT on S4
  - from_impervious: 11.0% of impervious area
  - LID area: 8108.89 m² (8.74% of total area)
  - Impervious area: 73717.21 m² (79.5% of total)
Added 1 LID controls to temp_controls_IT.inp
Added 1 LID usages to temp_IT_ex1.inp
Reset all LID placements
Creating LID placement: LID_IT on S4
  - from_impervious: 12.0% of impervious area
  - LID area: 8846.06 m² (9.53% of total area)
  - Impervious area: 73717.21 m² (79.5% of total)
Added 1 LID controls to temp_controls_IT.inp
Added 1 LID usages to temp_IT_ex1.inp
Reset all LID placements
Creating LID placement: LID_IT on S4
  - from_impervious: 13.0% of impervious area
  - LID area: 9583.24 m² (10.33% of total area)
  - Impervious area: 73717.21 m² (79.5% of total)
Added 1 LID controls to temp_controls_IT.inp
Added 1 LID usages to temp_IT_ex1.inp
Reset all LID placements
Creating LID placement: LID_IT on S4
  - from_impervious: 14.0% of impervious area
  - LID area: 10320.41 m² (11.12% of total area)
  - Impervious area: 73717.21 m² (79.5% of total)
Added 1 LID controls to temp_controls_IT.inp
Added 1 LID usages to temp_IT_ex1.inp
Reset all LID placements
Creating LID placement: LID_IT on S4
  - from_impervious: 15.0% of impervious area
  - LID area: 11057.58 m² (11.92% of total area)
  - Impervious area: 73717.21 m² (79.5% of total)
Added 1 LID controls to temp_controls_IT.inp
Added 1 LID usages to temp_IT_ex1.inp
Reset all LID placements
Creating LID placement: LID_IT on S4
  - from_impervious: 16.0% of impervious area
  - LID area: 11794.75 m² (12.71% of total area)
  - Impervious area: 73717.21 m² (79.5% of total)
Added 1 LID controls to temp_controls_IT.inp
Added 1 LID usages to temp_IT_ex1.inp
Reset all LID placements
Creating LID placement: LID_IT on S4
  - from_impervious: 17.0% of impervious area
  - LID area: 12531.92 m² (13.51% of total area)
  - Impervious area: 73717.21 m² (79.5% of total)
Added 1 LID controls to temp_controls_IT.inp
Added 1 LID usages to temp_IT_ex1.inp
Reset all LID placements
Creating LID placement: LID_IT on S4
  - from_impervious: 18.0% of impervious area
  - LID area: 13269.10 m² (14.30% of total area)
  - Impervious area: 73717.21 m² (79.5% of total)
Added 1 LID controls to temp_controls_IT.inp
Added 1 LID usages to temp_IT_ex1.inp
Reset all LID placements
Creating LID placement: LID_IT on S4
  - from_impervious: 19.0% of impervious area
  - LID area: 14006.27 m² (15.10% of total area)
  - Impervious area: 73717.21 m² (79.5% of total)
Added 1 LID controls to temp_controls_IT.inp
Added 1 LID usages to temp_IT_ex1.inp
  Simulating 20%
Reset all LID placements
Creating LID placement: LID_IT on S4
  - from_impervious: 20.0% of impervious area
  - LID area: 14743.44 m² (15.89% of total area)
  - Impervious area: 73717.21 m² (79.5% of total)
Added 1 LID controls to temp_controls_IT.inp
Added 1 LID usages to temp_IT_ex1.inp
Reset all LID placements
Creating LID placement: LID_IT on S4
  - from_impervious: 21.0% of impervious area
  - LID area: 15480.61 m² (16.68% of total area)
  - Impervious area: 73717.21 m² (79.5% of total)
Added 1 LID controls to temp_controls_IT.inp
Added 1 LID usages to temp_IT_ex1.inp
Reset all LID placements
Creating LID placement: LID_IT on S4
  - from_impervious: 22.0% of impervious area
  - LID area: 16217.79 m² (17.48% of total area)
  - Impervious area: 73717.21 m² (79.5% of total)
Added 1 LID controls to temp_controls_IT.inp
Added 1 LID usages to temp_IT_ex1.inp
Reset all LID placements
Creating LID placement: LID_IT on S4
  - from_impervious: 23.0% of impervious area
  - LID area: 16954.96 m² (18.27% of total area)
  - Impervious area: 73717.21 m² (79.5% of total)
Added 1 LID controls to temp_controls_IT.inp
Added 1 LID usages to temp_IT_ex1.inp
Reset all LID placements
Creating LID placement: LID_IT on S4
  - from_impervious: 24.0% of impervious area
  - LID area: 17692.13 m² (19.07% of total area)
  - Impervious area: 73717.21 m² (79.5% of total)
Added 1 LID controls to temp_controls_IT.inp
Added 1 LID usages to temp_IT_ex1.inp
Reset all LID placements
Creating LID placement: LID_IT on S4
  - from_impervious: 25.0% of impervious area
  - LID area: 18429.30 m² (19.86% of total area)
  - Impervious area: 73717.21 m² (79.5% of total)
Added 1 LID controls to temp_controls_IT.inp
Added 1 LID usages to temp_IT_ex1.inp
Reset all LID placements
Creating LID placement: LID_IT on S4
  - from_impervious: 26.0% of impervious area
  - LID area: 19166.47 m² (20.66% of total area)
  - Impervious area: 73717.21 m² (79.5% of total)
Added 1 LID controls to temp_controls_IT.inp
Added 1 LID usages to temp_IT_ex1.inp
Reset all LID placements
Creating LID placement: LID_IT on S4
  - from_impervious: 27.0% of impervious area
  - LID area: 19903.65 m² (21.45% of total area)
  - Impervious area: 73717.21 m² (79.5% of total)
Added 1 LID controls to temp_controls_IT.inp
Added 1 LID usages to temp_IT_ex1.inp
Reset all LID placements
Creating LID placement: LID_IT on S4
  - from_impervious: 28.0% of impervious area
  - LID area: 20640.82 m² (22.25% of total area)
  - Impervious area: 73717.21 m² (79.5% of total)
Added 1 LID controls to temp_controls_IT.inp
Added 1 LID usages to temp_IT_ex1.inp
Reset all LID placements
Creating LID placement: LID_IT on S4
  - from_impervious: 29.0% of impervious area
  - LID area: 21377.99 m² (23.04% of total area)
  - Impervious area: 73717.21 m² (79.5% of total)
Added 1 LID controls to temp_controls_IT.inp
Added 1 LID usages to temp_IT_ex1.inp
Reset all LID placements
Creating LID placement: LID_IT on S4
  - from_impervious: 30.0% of impervious area
  - LID area: 22115.16 m² (23.83% of total area)
  - Impervious area: 73717.21 m² (79.5% of total)
Added 1 LID controls to temp_controls_IT.inp
Added 1 LID usages to temp_IT_ex1.inp
Reset all LID placements
Creating LID placement: LID_IT on S4
  - from_impervious: 31.0% of impervious area
  - LID area: 22852.33 m² (24.63% of total area)
  - Impervious area: 73717.21 m² (79.5% of total)
Added 1 LID controls to temp_controls_IT.inp
Added 1 LID usages to temp_IT_ex1.inp
Reset all LID placements
Creating LID placement: LID_IT on S4
  - from_impervious: 32.0% of impervious area
  - LID area: 23589.51 m² (25.42% of total area)
  - Impervious area: 73717.21 m² (79.5% of total)
Added 1 LID controls to temp_controls_IT.inp
Added 1 LID usages to temp_IT_ex1.inp
Reset all LID placements
Creating LID placement: LID_IT on S4
  - from_impervious: 33.0% of impervious area
  - LID area: 24326.68 m² (26.22% of total area)
  - Impervious area: 73717.21 m² (79.5% of total)
Added 1 LID controls to temp_controls_IT.inp
Added 1 LID usages to temp_IT_ex1.inp
Reset all LID placements
Creating LID placement: LID_IT on S4
  - from_impervious: 34.0% of impervious area
  - LID area: 25063.85 m² (27.01% of total area)
  - Impervious area: 73717.21 m² (79.5% of total)
Added 1 LID controls to temp_controls_IT.inp
Added 1 LID usages to temp_IT_ex1.inp
Reset all LID placements
Creating LID placement: LID_IT on S4
  - from_impervious: 35.0% of impervious area
  - LID area: 25801.02 m² (27.81% of total area)
  - Impervious area: 73717.21 m² (79.5% of total)
Added 1 LID controls to temp_controls_IT.inp
Added 1 LID usages to temp_IT_ex1.inp
Reset all LID placements
Creating LID placement: LID_IT on S4
  - from_impervious: 36.0% of impervious area
  - LID area: 26538.19 m² (28.60% of total area)
  - Impervious area: 73717.21 m² (79.5% of total)
Added 1 LID controls to temp_controls_IT.inp
Added 1 LID usages to temp_IT_ex1.inp
Reset all LID placements
Creating LID placement: LID_IT on S4
  - from_impervious: 37.0% of impervious area
  - LID area: 27275.37 m² (29.40% of total area)
  - Impervious area: 73717.21 m² (79.5% of total)
Added 1 LID controls to temp_controls_IT.inp
Added 1 LID usages to temp_IT_ex1.inp
Reset all LID placements
Creating LID placement: LID_IT on S4
  - from_impervious: 38.0% of impervious area
  - LID area: 28012.54 m² (30.19% of total area)
  - Impervious area: 73717.21 m² (79.5% of total)
Added 1 LID controls to temp_controls_IT.inp
Added 1 LID usages to temp_IT_ex1.inp
Reset all LID placements
Creating LID placement: LID_IT on S4
  - from_impervious: 39.0% of impervious area
  - LID area: 28749.71 m² (30.99% of total area)
  - Impervious area: 73717.21 m² (79.5% of total)
Added 1 LID controls to temp_controls_IT.inp
Added 1 LID usages to temp_IT_ex1.inp
  Simulating 40%
Reset all LID placements
Creating LID placement: LID_IT on S4
  - from_impervious: 40.0% of impervious area
  - LID area: 29486.88 m² (31.78% of total area)
  - Impervious area: 73717.21 m² (79.5% of total)
Added 1 LID controls to temp_controls_IT.inp
Added 1 LID usages to temp_IT_ex1.inp
Reset all LID placements
Creating LID placement: LID_IT on S4
  - from_impervious: 41.0% of impervious area
  - LID area: 30224.05 m² (32.57% of total area)
  - Impervious area: 73717.21 m² (79.5% of total)
Added 1 LID controls to temp_controls_IT.inp
Added 1 LID usages to temp_IT_ex1.inp
Reset all LID placements
Creating LID placement: LID_IT on S4
  - from_impervious: 42.0% of impervious area
  - LID area: 30961.23 m² (33.37% of total area)
  - Impervious area: 73717.21 m² (79.5% of total)
Added 1 LID controls to temp_controls_IT.inp
Added 1 LID usages to temp_IT_ex1.inp
Reset all LID placements
Creating LID placement: LID_IT on S4
  - from_impervious: 43.0% of impervious area
  - LID area: 31698.40 m² (34.16% of total area)
  - Impervious area: 73717.21 m² (79.5% of total)
Added 1 LID controls to temp_controls_IT.inp
Added 1 LID usages to temp_IT_ex1.inp
Reset all LID placements
Creating LID placement: LID_IT on S4
  - from_impervious: 44.0% of impervious area
  - LID area: 32435.57 m² (34.96% of total area)
  - Impervious area: 73717.21 m² (79.5% of total)
Added 1 LID controls to temp_controls_IT.inp
Added 1 LID usages to temp_IT_ex1.inp
Reset all LID placements
Creating LID placement: LID_IT on S4
  - from_impervious: 45.0% of impervious area
  - LID area: 33172.74 m² (35.75% of total area)
  - Impervious area: 73717.21 m² (79.5% of total)
Added 1 LID controls to temp_controls_IT.inp
Added 1 LID usages to temp_IT_ex1.inp
Reset all LID placements
Creating LID placement: LID_IT on S4
  - from_impervious: 46.0% of impervious area
  - LID area: 33909.91 m² (36.55% of total area)
  - Impervious area: 73717.21 m² (79.5% of total)
Added 1 LID controls to temp_controls_IT.inp
Added 1 LID usages to temp_IT_ex1.inp
Reset all LID placements
Creating LID placement: LID_IT on S4
  - from_impervious: 47.0% of impervious area
  - LID area: 34647.09 m² (37.34% of total area)
  - Impervious area: 73717.21 m² (79.5% of total)
Added 1 LID controls to temp_controls_IT.inp
Added 1 LID usages to temp_IT_ex1.inp
Reset all LID placements
Creating LID placement: LID_IT on S4
  - from_impervious: 48.0% of impervious area
  - LID area: 35384.26 m² (38.14% of total area)
  - Impervious area: 73717.21 m² (79.5% of total)
Added 1 LID controls to temp_controls_IT.inp
Added 1 LID usages to temp_IT_ex1.inp
Reset all LID placements
Creating LID placement: LID_IT on S4
  - from_impervious: 49.0% of impervious area
  - LID area: 36121.43 m² (38.93% of total area)
  - Impervious area: 73717.21 m² (79.5% of total)
Added 1 LID controls to temp_controls_IT.inp
Added 1 LID usages to temp_IT_ex1.inp
Reset all LID placements
Creating LID placement: LID_IT on S4
  - from_impervious: 50.0% of impervious area
  - LID area: 36858.60 m² (39.73% of total area)
  - Impervious area: 73717.21 m² (79.5% of total)
Added 1 LID controls to temp_controls_IT.inp
Added 1 LID usages to temp_IT_ex1.inp
Reset all LID placements
Creating LID placement: LID_IT on S4
  - from_impervious: 51.0% of impervious area
  - LID area: 37595.77 m² (40.52% of total area)
  - Impervious area: 73717.21 m² (79.5% of total)
Added 1 LID controls to temp_controls_IT.inp
Added 1 LID usages to temp_IT_ex1.inp
Reset all LID placements
Creating LID placement: LID_IT on S4
  - from_impervious: 52.0% of impervious area
  - LID area: 38332.95 m² (41.31% of total area)
  - Impervious area: 73717.21 m² (79.5% of total)
Added 1 LID controls to temp_controls_IT.inp
Added 1 LID usages to temp_IT_ex1.inp
Reset all LID placements
Creating LID placement: LID_IT on S4
  - from_impervious: 53.0% of impervious area
  - LID area: 39070.12 m² (42.11% of total area)
  - Impervious area: 73717.21 m² (79.5% of total)
Added 1 LID controls to temp_controls_IT.inp
Added 1 LID usages to temp_IT_ex1.inp
Reset all LID placements
Creating LID placement: LID_IT on S4
  - from_impervious: 54.0% of impervious area
  - LID area: 39807.29 m² (42.90% of total area)
  - Impervious area: 73717.21 m² (79.5% of total)
Added 1 LID controls to temp_controls_IT.inp
Added 1 LID usages to temp_IT_ex1.inp
Reset all LID placements
Creating LID placement: LID_IT on S4
  - from_impervious: 55.0% of impervious area
  - LID area: 40544.46 m² (43.70% of total area)
  - Impervious area: 73717.21 m² (79.5% of total)
Added 1 LID controls to temp_controls_IT.inp
Added 1 LID usages to temp_IT_ex1.inp
Reset all LID placements
Creating LID placement: LID_IT on S4
  - from_impervious: 56.0% of impervious area
  - LID area: 41281.64 m² (44.49% of total area)
  - Impervious area: 73717.21 m² (79.5% of total)
Added 1 LID controls to temp_controls_IT.inp
Added 1 LID usages to temp_IT_ex1.inp
Reset all LID placements
Creating LID placement: LID_IT on S4
  - from_impervious: 57.0% of impervious area
  - LID area: 42018.81 m² (45.29% of total area)
  - Impervious area: 73717.21 m² (79.5% of total)
Added 1 LID controls to temp_controls_IT.inp
Added 1 LID usages to temp_IT_ex1.inp
Reset all LID placements
Creating LID placement: LID_IT on S4
  - from_impervious: 58.0% of impervious area
  - LID area: 42755.98 m² (46.08% of total area)
  - Impervious area: 73717.21 m² (79.5% of total)
Added 1 LID controls to temp_controls_IT.inp
Added 1 LID usages to temp_IT_ex1.inp
Reset all LID placements
Creating LID placement: LID_IT on S4
  - from_impervious: 59.0% of impervious area
  - LID area: 43493.15 m² (46.88% of total area)
  - Impervious area: 73717.21 m² (79.5% of total)
Added 1 LID controls to temp_controls_IT.inp
Added 1 LID usages to temp_IT_ex1.inp
  Simulating 60%
Reset all LID placements
Creating LID placement: LID_IT on S4
  - from_impervious: 60.0% of impervious area
  - LID area: 44230.32 m² (47.67% of total area)
  - Impervious area: 73717.21 m² (79.5% of total)
Added 1 LID controls to temp_controls_IT.inp
Added 1 LID usages to temp_IT_ex1.inp
Reset all LID placements
Creating LID placement: LID_IT on S4
  - from_impervious: 61.0% of impervious area
  - LID area: 44967.50 m² (48.46% of total area)
  - Impervious area: 73717.21 m² (79.5% of total)
Added 1 LID controls to temp_controls_IT.inp
Added 1 LID usages to temp_IT_ex1.inp
Reset all LID placements
Creating LID placement: LID_IT on S4
  - from_impervious: 62.0% of impervious area
  - LID area: 45704.67 m² (49.26% of total area)
  - Impervious area: 73717.21 m² (79.5% of total)
Added 1 LID controls to temp_controls_IT.inp
Added 1 LID usages to temp_IT_ex1.inp
Reset all LID placements
Creating LID placement: LID_IT on S4
  - from_impervious: 63.0% of impervious area
  - LID area: 46441.84 m² (50.05% of total area)
  - Impervious area: 73717.21 m² (79.5% of total)
Added 1 LID controls to temp_controls_IT.inp
Added 1 LID usages to temp_IT_ex1.inp
Reset all LID placements
Creating LID placement: LID_IT on S4
  - from_impervious: 64.0% of impervious area
  - LID area: 47179.01 m² (50.85% of total area)
  - Impervious area: 73717.21 m² (79.5% of total)
Added 1 LID controls to temp_controls_IT.inp
Added 1 LID usages to temp_IT_ex1.inp
Reset all LID placements
Creating LID placement: LID_IT on S4
  - from_impervious: 65.0% of impervious area
  - LID area: 47916.18 m² (51.64% of total area)
  - Impervious area: 73717.21 m² (79.5% of total)
Added 1 LID controls to temp_controls_IT.inp
Added 1 LID usages to temp_IT_ex1.inp
Reset all LID placements
Creating LID placement: LID_IT on S4
  - from_impervious: 66.0% of impervious area
  - LID area: 48653.36 m² (52.44% of total area)
  - Impervious area: 73717.21 m² (79.5% of total)
Added 1 LID controls to temp_controls_IT.inp
Added 1 LID usages to temp_IT_ex1.inp
Reset all LID placements
Creating LID placement: LID_IT on S4
  - from_impervious: 67.0% of impervious area
  - LID area: 49390.53 m² (53.23% of total area)
  - Impervious area: 73717.21 m² (79.5% of total)
Added 1 LID controls to temp_controls_IT.inp
Added 1 LID usages to temp_IT_ex1.inp
Reset all LID placements
Creating LID placement: LID_IT on S4
  - from_impervious: 68.0% of impervious area
  - LID area: 50127.70 m² (54.03% of total area)
  - Impervious area: 73717.21 m² (79.5% of total)
Added 1 LID controls to temp_controls_IT.inp
Added 1 LID usages to temp_IT_ex1.inp
Reset all LID placements
Creating LID placement: LID_IT on S4
  - from_impervious: 69.0% of impervious area
  - LID area: 50864.87 m² (54.82% of total area)
  - Impervious area: 73717.21 m² (79.5% of total)
Added 1 LID controls to temp_controls_IT.inp
Added 1 LID usages to temp_IT_ex1.inp
Reset all LID placements
Creating LID placement: LID_IT on S4
  - from_impervious: 70.0% of impervious area
  - LID area: 51602.04 m² (55.61% of total area)
  - Impervious area: 73717.21 m² (79.5% of total)
Added 1 LID controls to temp_controls_IT.inp
Added 1 LID usages to temp_IT_ex1.inp
Reset all LID placements
Creating LID placement: LID_IT on S4
  - from_impervious: 71.0% of impervious area
  - LID area: 52339.22 m² (56.41% of total area)
  - Impervious area: 73717.21 m² (79.5% of total)
Added 1 LID controls to temp_controls_IT.inp
Added 1 LID usages to temp_IT_ex1.inp
Reset all LID placements
Creating LID placement: LID_IT on S4
  - from_impervious: 72.0% of impervious area
  - LID area: 53076.39 m² (57.20% of total area)
  - Impervious area: 73717.21 m² (79.5% of total)
Added 1 LID controls to temp_controls_IT.inp
Added 1 LID usages to temp_IT_ex1.inp
Reset all LID placements
Creating LID placement: LID_IT on S4
  - from_impervious: 73.0% of impervious area
  - LID area: 53813.56 m² (58.00% of total area)
  - Impervious area: 73717.21 m² (79.5% of total)
Added 1 LID controls to temp_controls_IT.inp
Added 1 LID usages to temp_IT_ex1.inp
Reset all LID placements
Creating LID placement: LID_IT on S4
  - from_impervious: 74.0% of impervious area
  - LID area: 54550.73 m² (58.79% of total area)
  - Impervious area: 73717.21 m² (79.5% of total)
Added 1 LID controls to temp_controls_IT.inp
Added 1 LID usages to temp_IT_ex1.inp
Reset all LID placements
Creating LID placement: LID_IT on S4
  - from_impervious: 75.0% of impervious area
  - LID area: 55287.90 m² (59.59% of total area)
  - Impervious area: 73717.21 m² (79.5% of total)
Added 1 LID controls to temp_controls_IT.inp
Added 1 LID usages to temp_IT_ex1.inp
Reset all LID placements
Creating LID placement: LID_IT on S4
  - from_impervious: 76.0% of impervious area
  - LID area: 56025.08 m² (60.38% of total area)
  - Impervious area: 73717.21 m² (79.5% of total)
Added 1 LID controls to temp_controls_IT.inp
Added 1 LID usages to temp_IT_ex1.inp
Reset all LID placements
Creating LID placement: LID_IT on S4
  - from_impervious: 77.0% of impervious area
  - LID area: 56762.25 m² (61.18% of total area)
  - Impervious area: 73717.21 m² (79.5% of total)
Added 1 LID controls to temp_controls_IT.inp
Added 1 LID usages to temp_IT_ex1.inp
Reset all LID placements
Creating LID placement: LID_IT on S4
  - from_impervious: 78.0% of impervious area
  - LID area: 57499.42 m² (61.97% of total area)
  - Impervious area: 73717.21 m² (79.5% of total)
Added 1 LID controls to temp_controls_IT.inp
Added 1 LID usages to temp_IT_ex1.inp
Reset all LID placements
Creating LID placement: LID_IT on S4
  - from_impervious: 79.0% of impervious area
  - LID area: 58236.59 m² (62.77% of total area)
  - Impervious area: 73717.21 m² (79.5% of total)
Added 1 LID controls to temp_controls_IT.inp
Added 1 LID usages to temp_IT_ex1.inp
  Simulating 80%
Reset all LID placements
Creating LID placement: LID_IT on S4
  - from_impervious: 80.0% of impervious area
  - LID area: 58973.76 m² (63.56% of total area)
  - Impervious area: 73717.21 m² (79.5% of total)
Added 1 LID controls to temp_controls_IT.inp
Added 1 LID usages to temp_IT_ex1.inp
Reset all LID placements
Creating LID placement: LID_IT on S4
  - from_impervious: 81.0% of impervious area
  - LID area: 59710.94 m² (64.35% of total area)
  - Impervious area: 73717.21 m² (79.5% of total)
Added 1 LID controls to temp_controls_IT.inp
Added 1 LID usages to temp_IT_ex1.inp
Reset all LID placements
Creating LID placement: LID_IT on S4
  - from_impervious: 82.0% of impervious area
  - LID area: 60448.11 m² (65.15% of total area)
  - Impervious area: 73717.21 m² (79.5% of total)
Added 1 LID controls to temp_controls_IT.inp
Added 1 LID usages to temp_IT_ex1.inp
Reset all LID placements
Creating LID placement: LID_IT on S4
  - from_impervious: 83.0% of impervious area
  - LID area: 61185.28 m² (65.94% of total area)
  - Impervious area: 73717.21 m² (79.5% of total)
Added 1 LID controls to temp_controls_IT.inp
Added 1 LID usages to temp_IT_ex1.inp
Reset all LID placements
Creating LID placement: LID_IT on S4
  - from_impervious: 84.0% of impervious area
  - LID area: 61922.45 m² (66.74% of total area)
  - Impervious area: 73717.21 m² (79.5% of total)
Added 1 LID controls to temp_controls_IT.inp
Added 1 LID usages to temp_IT_ex1.inp
Reset all LID placements
Creating LID placement: LID_IT on S4
  - from_impervious: 85.0% of impervious area
  - LID area: 62659.62 m² (67.53% of total area)
  - Impervious area: 73717.21 m² (79.5% of total)
Added 1 LID controls to temp_controls_IT.inp
Added 1 LID usages to temp_IT_ex1.inp
Reset all LID placements
Creating LID placement: LID_IT on S4
  - from_impervious: 86.0% of impervious area
  - LID area: 63396.80 m² (68.33% of total area)
  - Impervious area: 73717.21 m² (79.5% of total)
Added 1 LID controls to temp_controls_IT.inp
Added 1 LID usages to temp_IT_ex1.inp
Reset all LID placements
Creating LID placement: LID_IT on S4
  - from_impervious: 87.0% of impervious area
  - LID area: 64133.97 m² (69.12% of total area)
  - Impervious area: 73717.21 m² (79.5% of total)
Added 1 LID controls to temp_controls_IT.inp
Added 1 LID usages to temp_IT_ex1.inp
Reset all LID placements
Creating LID placement: LID_IT on S4
  - from_impervious: 88.0% of impervious area
  - LID area: 64871.14 m² (69.92% of total area)
  - Impervious area: 73717.21 m² (79.5% of total)
Added 1 LID controls to temp_controls_IT.inp
Added 1 LID usages to temp_IT_ex1.inp
Reset all LID placements
Creating LID placement: LID_IT on S4
  - from_impervious: 89.0% of impervious area
  - LID area: 65608.31 m² (70.71% of total area)
  - Impervious area: 73717.21 m² (79.5% of total)
Added 1 LID controls to temp_controls_IT.inp
Added 1 LID usages to temp_IT_ex1.inp
Reset all LID placements
Creating LID placement: LID_IT on S4
  - from_impervious: 90.0% of impervious area
  - LID area: 66345.49 m² (71.51% of total area)
  - Impervious area: 73717.21 m² (79.5% of total)
Added 1 LID controls to temp_controls_IT.inp
Added 1 LID usages to temp_IT_ex1.inp
Reset all LID placements
Creating LID placement: LID_IT on S4
  - from_impervious: 91.0% of impervious area
  - LID area: 67082.66 m² (72.30% of total area)
  - Impervious area: 73717.21 m² (79.5% of total)
Added 1 LID controls to temp_controls_IT.inp
Added 1 LID usages to temp_IT_ex1.inp
Reset all LID placements
Creating LID placement: LID_IT on S4
  - from_impervious: 92.0% of impervious area
  - LID area: 67819.83 m² (73.09% of total area)
  - Impervious area: 73717.21 m² (79.5% of total)
Added 1 LID controls to temp_controls_IT.inp
Added 1 LID usages to temp_IT_ex1.inp
Reset all LID placements
Creating LID placement: LID_IT on S4
  - from_impervious: 93.0% of impervious area
  - LID area: 68557.00 m² (73.89% of total area)
  - Impervious area: 73717.21 m² (79.5% of total)
Added 1 LID controls to temp_controls_IT.inp
Added 1 LID usages to temp_IT_ex1.inp
Reset all LID placements
Creating LID placement: LID_IT on S4
  - from_impervious: 94.0% of impervious area
  - LID area: 69294.17 m² (74.68% of total area)
  - Impervious area: 73717.21 m² (79.5% of total)
Added 1 LID controls to temp_controls_IT.inp
Added 1 LID usages to temp_IT_ex1.inp
Reset all LID placements
Creating LID placement: LID_IT on S4
  - from_impervious: 95.0% of impervious area
  - LID area: 70031.35 m² (75.48% of total area)
  - Impervious area: 73717.21 m² (79.5% of total)
Added 1 LID controls to temp_controls_IT.inp
Added 1 LID usages to temp_IT_ex1.inp
Reset all LID placements
Creating LID placement: LID_IT on S4
  - from_impervious: 96.0% of impervious area
  - LID area: 70768.52 m² (76.27% of total area)
  - Impervious area: 73717.21 m² (79.5% of total)
Added 1 LID controls to temp_controls_IT.inp
Added 1 LID usages to temp_IT_ex1.inp
Reset all LID placements
Creating LID placement: LID_IT on S4
  - from_impervious: 97.0% of impervious area
  - LID area: 71505.69 m² (77.07% of total area)
  - Impervious area: 73717.21 m² (79.5% of total)
Added 1 LID controls to temp_controls_IT.inp
Added 1 LID usages to temp_IT_ex1.inp
Reset all LID placements
Creating LID placement: LID_IT on S4
  - from_impervious: 98.0% of impervious area
  - LID area: 72242.86 m² (77.86% of total area)
  - Impervious area: 73717.21 m² (79.5% of total)
Added 1 LID controls to temp_controls_IT.inp
Added 1 LID usages to temp_IT_ex1.inp
Reset all LID placements
Creating LID placement: LID_IT on S4
  - from_impervious: 99.0% of impervious area
  - LID area: 72980.03 m² (78.66% of total area)
  - Impervious area: 73717.21 m² (79.5% of total)
Added 1 LID controls to temp_controls_IT.inp
Added 1 LID usages to temp_IT_ex1.inp
  Simulating 100%
Reset all LID placements
Creating LID placement: LID_IT on S4
  - from_impervious: 100.0% of impervious area
  - LID area: 73717.21 m² (79.45% of total area)
  - Impervious area: 73717.21 m² (79.5% of total)
Added 1 LID controls to temp_controls_IT.inp
Added 1 LID usages to temp_IT_ex1.inp
  Data saved to IT_data.csv
  Graph saved to IT_result.png

============================================================
Processing LID Type: Bio-Retention Cell (BC)
============================================================
Using Default Parameters
Created LID configuration: LID_BC (LIDType.BIO_RETENTION_CELL)
  - Parameters: LIDParameters(surface=[150, 0.1, 0.1, 1, 0], soil=[500, 0.5, 0.2, 0.1, 50, 10, 50], storage=[150, 0.75, 0.5, 0, 'NO'], pavement=None, drain=[0, 0.5, 6, 6, 0, 0], drainmat=None)
  - Life cycle cost per m2: 100000.0
Reset all LID placements
Creating LID placement: LID_BC on S4
  - from_impervious: 1.0% of impervious area
  - LID area: 737.17 m² (0.79% of total area)
  - Impervious area: 73717.21 m² (79.5% of total)
Added 1 LID controls to temp_controls_BC.inp
Added 1 LID usages to temp_BC_ex1.inp
Reset all LID placements
Creating LID placement: LID_BC on S4
  - from_impervious: 2.0% of impervious area
  - LID area: 1474.34 m² (1.59% of total area)
  - Impervious area: 73717.21 m² (79.5% of total)
Added 1 LID controls to temp_controls_BC.inp
Added 1 LID usages to temp_BC_ex1.inp
Reset all LID placements
Creating LID placement: LID_BC on S4
  - from_impervious: 3.0% of impervious area
  - LID area: 2211.52 m² (2.38% of total area)
  - Impervious area: 73717.21 m² (79.5% of total)
Added 1 LID controls to temp_controls_BC.inp
Added 1 LID usages to temp_BC_ex1.inp
Reset all LID placements
Creating LID placement: LID_BC on S4
  - from_impervious: 4.0% of impervious area
  - LID area: 2948.69 m² (3.18% of total area)
  - Impervious area: 73717.21 m² (79.5% of total)
Added 1 LID controls to temp_controls_BC.inp
Added 1 LID usages to temp_BC_ex1.inp
Reset all LID placements
Creating LID placement: LID_BC on S4
  - from_impervious: 5.0% of impervious area
  - LID area: 3685.86 m² (3.97% of total area)
  - Impervious area: 73717.21 m² (79.5% of total)
Added 1 LID controls to temp_controls_BC.inp
Added 1 LID usages to temp_BC_ex1.inp
Reset all LID placements
Creating LID placement: LID_BC on S4
  - from_impervious: 6.0% of impervious area
  - LID area: 4423.03 m² (4.77% of total area)
  - Impervious area: 73717.21 m² (79.5% of total)
Added 1 LID controls to temp_controls_BC.inp
Added 1 LID usages to temp_BC_ex1.inp
Reset all LID placements
Creating LID placement: LID_BC on S4
  - from_impervious: 7.0% of impervious area
  - LID area: 5160.20 m² (5.56% of total area)
  - Impervious area: 73717.21 m² (79.5% of total)
Added 1 LID controls to temp_controls_BC.inp
Added 1 LID usages to temp_BC_ex1.inp
Reset all LID placements
Creating LID placement: LID_BC on S4
  - from_impervious: 8.0% of impervious area
  - LID area: 5897.38 m² (6.36% of total area)
  - Impervious area: 73717.21 m² (79.5% of total)
Added 1 LID controls to temp_controls_BC.inp
Added 1 LID usages to temp_BC_ex1.inp
Reset all LID placements
Creating LID placement: LID_BC on S4
  - from_impervious: 9.0% of impervious area
  - LID area: 6634.55 m² (7.15% of total area)
  - Impervious area: 73717.21 m² (79.5% of total)
Added 1 LID controls to temp_controls_BC.inp
Added 1 LID usages to temp_BC_ex1.inp
Reset all LID placements
Creating LID placement: LID_BC on S4
  - from_impervious: 10.0% of impervious area
  - LID area: 7371.72 m² (7.94% of total area)
  - Impervious area: 73717.21 m² (79.5% of total)
Added 1 LID controls to temp_controls_BC.inp
Added 1 LID usages to temp_BC_ex1.inp
Reset all LID placements
Creating LID placement: LID_BC on S4
  - from_impervious: 11.0% of impervious area
  - LID area: 8108.89 m² (8.74% of total area)
  - Impervious area: 73717.21 m² (79.5% of total)
Added 1 LID controls to temp_controls_BC.inp
Added 1 LID usages to temp_BC_ex1.inp
Reset all LID placements
Creating LID placement: LID_BC on S4
  - from_impervious: 12.0% of impervious area
  - LID area: 8846.06 m² (9.53% of total area)
  - Impervious area: 73717.21 m² (79.5% of total)
Added 1 LID controls to temp_controls_BC.inp
Added 1 LID usages to temp_BC_ex1.inp
Reset all LID placements
Creating LID placement: LID_BC on S4
  - from_impervious: 13.0% of impervious area
  - LID area: 9583.24 m² (10.33% of total area)
  - Impervious area: 73717.21 m² (79.5% of total)
Added 1 LID controls to temp_controls_BC.inp
Added 1 LID usages to temp_BC_ex1.inp
Reset all LID placements
Creating LID placement: LID_BC on S4
  - from_impervious: 14.0% of impervious area
  - LID area: 10320.41 m² (11.12% of total area)
  - Impervious area: 73717.21 m² (79.5% of total)
Added 1 LID controls to temp_controls_BC.inp
Added 1 LID usages to temp_BC_ex1.inp
Reset all LID placements
Creating LID placement: LID_BC on S4
  - from_impervious: 15.0% of impervious area
  - LID area: 11057.58 m² (11.92% of total area)
  - Impervious area: 73717.21 m² (79.5% of total)
Added 1 LID controls to temp_controls_BC.inp
Added 1 LID usages to temp_BC_ex1.inp
Reset all LID placements
Creating LID placement: LID_BC on S4
  - from_impervious: 16.0% of impervious area
  - LID area: 11794.75 m² (12.71% of total area)
  - Impervious area: 73717.21 m² (79.5% of total)
Added 1 LID controls to temp_controls_BC.inp
Added 1 LID usages to temp_BC_ex1.inp
Reset all LID placements
Creating LID placement: LID_BC on S4
  - from_impervious: 17.0% of impervious area
  - LID area: 12531.92 m² (13.51% of total area)
  - Impervious area: 73717.21 m² (79.5% of total)
Added 1 LID controls to temp_controls_BC.inp
Added 1 LID usages to temp_BC_ex1.inp
Reset all LID placements
Creating LID placement: LID_BC on S4
  - from_impervious: 18.0% of impervious area
  - LID area: 13269.10 m² (14.30% of total area)
  - Impervious area: 73717.21 m² (79.5% of total)
Added 1 LID controls to temp_controls_BC.inp
Added 1 LID usages to temp_BC_ex1.inp
Reset all LID placements
Creating LID placement: LID_BC on S4
  - from_impervious: 19.0% of impervious area
  - LID area: 14006.27 m² (15.10% of total area)
  - Impervious area: 73717.21 m² (79.5% of total)
Added 1 LID controls to temp_controls_BC.inp
Added 1 LID usages to temp_BC_ex1.inp
  Simulating 20%
Reset all LID placements
Creating LID placement: LID_BC on S4
  - from_impervious: 20.0% of impervious area
  - LID area: 14743.44 m² (15.89% of total area)
  - Impervious area: 73717.21 m² (79.5% of total)
Added 1 LID controls to temp_controls_BC.inp
Added 1 LID usages to temp_BC_ex1.inp
Reset all LID placements
Creating LID placement: LID_BC on S4
  - from_impervious: 21.0% of impervious area
  - LID area: 15480.61 m² (16.68% of total area)
  - Impervious area: 73717.21 m² (79.5% of total)
Added 1 LID controls to temp_controls_BC.inp
Added 1 LID usages to temp_BC_ex1.inp
Reset all LID placements
Creating LID placement: LID_BC on S4
  - from_impervious: 22.0% of impervious area
  - LID area: 16217.79 m² (17.48% of total area)
  - Impervious area: 73717.21 m² (79.5% of total)
Added 1 LID controls to temp_controls_BC.inp
Added 1 LID usages to temp_BC_ex1.inp
Reset all LID placements
Creating LID placement: LID_BC on S4
  - from_impervious: 23.0% of impervious area
  - LID area: 16954.96 m² (18.27% of total area)
  - Impervious area: 73717.21 m² (79.5% of total)
Added 1 LID controls to temp_controls_BC.inp
Added 1 LID usages to temp_BC_ex1.inp
Reset all LID placements
Creating LID placement: LID_BC on S4
  - from_impervious: 24.0% of impervious area
  - LID area: 17692.13 m² (19.07% of total area)
  - Impervious area: 73717.21 m² (79.5% of total)
Added 1 LID controls to temp_controls_BC.inp
Added 1 LID usages to temp_BC_ex1.inp
Reset all LID placements
Creating LID placement: LID_BC on S4
  - from_impervious: 25.0% of impervious area
  - LID area: 18429.30 m² (19.86% of total area)
  - Impervious area: 73717.21 m² (79.5% of total)
Added 1 LID controls to temp_controls_BC.inp
Added 1 LID usages to temp_BC_ex1.inp
Reset all LID placements
Creating LID placement: LID_BC on S4
  - from_impervious: 26.0% of impervious area
  - LID area: 19166.47 m² (20.66% of total area)
  - Impervious area: 73717.21 m² (79.5% of total)
Added 1 LID controls to temp_controls_BC.inp
Added 1 LID usages to temp_BC_ex1.inp
Reset all LID placements
Creating LID placement: LID_BC on S4
  - from_impervious: 27.0% of impervious area
  - LID area: 19903.65 m² (21.45% of total area)
  - Impervious area: 73717.21 m² (79.5% of total)
Added 1 LID controls to temp_controls_BC.inp
Added 1 LID usages to temp_BC_ex1.inp
Reset all LID placements
Creating LID placement: LID_BC on S4
  - from_impervious: 28.0% of impervious area
  - LID area: 20640.82 m² (22.25% of total area)
  - Impervious area: 73717.21 m² (79.5% of total)
Added 1 LID controls to temp_controls_BC.inp
Added 1 LID usages to temp_BC_ex1.inp
Reset all LID placements
Creating LID placement: LID_BC on S4
  - from_impervious: 29.0% of impervious area
  - LID area: 21377.99 m² (23.04% of total area)
  - Impervious area: 73717.21 m² (79.5% of total)
Added 1 LID controls to temp_controls_BC.inp
Added 1 LID usages to temp_BC_ex1.inp
Reset all LID placements
Creating LID placement: LID_BC on S4
  - from_impervious: 30.0% of impervious area
  - LID area: 22115.16 m² (23.83% of total area)
  - Impervious area: 73717.21 m² (79.5% of total)
Added 1 LID controls to temp_controls_BC.inp
Added 1 LID usages to temp_BC_ex1.inp
Reset all LID placements
Creating LID placement: LID_BC on S4
  - from_impervious: 31.0% of impervious area
  - LID area: 22852.33 m² (24.63% of total area)
  - Impervious area: 73717.21 m² (79.5% of total)
Added 1 LID controls to temp_controls_BC.inp
Added 1 LID usages to temp_BC_ex1.inp
Reset all LID placements
Creating LID placement: LID_BC on S4
  - from_impervious: 32.0% of impervious area
  - LID area: 23589.51 m² (25.42% of total area)
  - Impervious area: 73717.21 m² (79.5% of total)
Added 1 LID controls to temp_controls_BC.inp
Added 1 LID usages to temp_BC_ex1.inp
Reset all LID placements
Creating LID placement: LID_BC on S4
  - from_impervious: 33.0% of impervious area
  - LID area: 24326.68 m² (26.22% of total area)
  - Impervious area: 73717.21 m² (79.5% of total)
Added 1 LID controls to temp_controls_BC.inp
Added 1 LID usages to temp_BC_ex1.inp
Reset all LID placements
Creating LID placement: LID_BC on S4
  - from_impervious: 34.0% of impervious area
  - LID area: 25063.85 m² (27.01% of total area)
  - Impervious area: 73717.21 m² (79.5% of total)
Added 1 LID controls to temp_controls_BC.inp
Added 1 LID usages to temp_BC_ex1.inp
Reset all LID placements
Creating LID placement: LID_BC on S4
  - from_impervious: 35.0% of impervious area
  - LID area: 25801.02 m² (27.81% of total area)
  - Impervious area: 73717.21 m² (79.5% of total)
Added 1 LID controls to temp_controls_BC.inp
Added 1 LID usages to temp_BC_ex1.inp
Reset all LID placements
Creating LID placement: LID_BC on S4
  - from_impervious: 36.0% of impervious area
  - LID area: 26538.19 m² (28.60% of total area)
  - Impervious area: 73717.21 m² (79.5% of total)
Added 1 LID controls to temp_controls_BC.inp
Added 1 LID usages to temp_BC_ex1.inp
Reset all LID placements
Creating LID placement: LID_BC on S4
  - from_impervious: 37.0% of impervious area
  - LID area: 27275.37 m² (29.40% of total area)
  - Impervious area: 73717.21 m² (79.5% of total)
Added 1 LID controls to temp_controls_BC.inp
Added 1 LID usages to temp_BC_ex1.inp
Reset all LID placements
Creating LID placement: LID_BC on S4
  - from_impervious: 38.0% of impervious area
  - LID area: 28012.54 m² (30.19% of total area)
  - Impervious area: 73717.21 m² (79.5% of total)
Added 1 LID controls to temp_controls_BC.inp
Added 1 LID usages to temp_BC_ex1.inp
Reset all LID placements
Creating LID placement: LID_BC on S4
  - from_impervious: 39.0% of impervious area
  - LID area: 28749.71 m² (30.99% of total area)
  - Impervious area: 73717.21 m² (79.5% of total)
Added 1 LID controls to temp_controls_BC.inp
Added 1 LID usages to temp_BC_ex1.inp
  Simulating 40%
Reset all LID placements
Creating LID placement: LID_BC on S4
  - from_impervious: 40.0% of impervious area
  - LID area: 29486.88 m² (31.78% of total area)
  - Impervious area: 73717.21 m² (79.5% of total)
Added 1 LID controls to temp_controls_BC.inp
Added 1 LID usages to temp_BC_ex1.inp
Reset all LID placements
Creating LID placement: LID_BC on S4
  - from_impervious: 41.0% of impervious area
  - LID area: 30224.05 m² (32.57% of total area)
  - Impervious area: 73717.21 m² (79.5% of total)
Added 1 LID controls to temp_controls_BC.inp
Added 1 LID usages to temp_BC_ex1.inp
Reset all LID placements
Creating LID placement: LID_BC on S4
  - from_impervious: 42.0% of impervious area
  - LID area: 30961.23 m² (33.37% of total area)
  - Impervious area: 73717.21 m² (79.5% of total)
Added 1 LID controls to temp_controls_BC.inp
Added 1 LID usages to temp_BC_ex1.inp
Reset all LID placements
Creating LID placement: LID_BC on S4
  - from_impervious: 43.0% of impervious area
  - LID area: 31698.40 m² (34.16% of total area)
  - Impervious area: 73717.21 m² (79.5% of total)
Added 1 LID controls to temp_controls_BC.inp
Added 1 LID usages to temp_BC_ex1.inp
Reset all LID placements
Creating LID placement: LID_BC on S4
  - from_impervious: 44.0% of impervious area
  - LID area: 32435.57 m² (34.96% of total area)
  - Impervious area: 73717.21 m² (79.5% of total)
Added 1 LID controls to temp_controls_BC.inp
Added 1 LID usages to temp_BC_ex1.inp
Reset all LID placements
Creating LID placement: LID_BC on S4
  - from_impervious: 45.0% of impervious area
  - LID area: 33172.74 m² (35.75% of total area)
  - Impervious area: 73717.21 m² (79.5% of total)
Added 1 LID controls to temp_controls_BC.inp
Added 1 LID usages to temp_BC_ex1.inp
Reset all LID placements
Creating LID placement: LID_BC on S4
  - from_impervious: 46.0% of impervious area
  - LID area: 33909.91 m² (36.55% of total area)
  - Impervious area: 73717.21 m² (79.5% of total)
Added 1 LID controls to temp_controls_BC.inp
Added 1 LID usages to temp_BC_ex1.inp
Reset all LID placements
Creating LID placement: LID_BC on S4
  - from_impervious: 47.0% of impervious area
  - LID area: 34647.09 m² (37.34% of total area)
  - Impervious area: 73717.21 m² (79.5% of total)
Added 1 LID controls to temp_controls_BC.inp
Added 1 LID usages to temp_BC_ex1.inp
Reset all LID placements
Creating LID placement: LID_BC on S4
  - from_impervious: 48.0% of impervious area
  - LID area: 35384.26 m² (38.14% of total area)
  - Impervious area: 73717.21 m² (79.5% of total)
Added 1 LID controls to temp_controls_BC.inp
Added 1 LID usages to temp_BC_ex1.inp
Reset all LID placements
Creating LID placement: LID_BC on S4
  - from_impervious: 49.0% of impervious area
  - LID area: 36121.43 m² (38.93% of total area)
  - Impervious area: 73717.21 m² (79.5% of total)
Added 1 LID controls to temp_controls_BC.inp
Added 1 LID usages to temp_BC_ex1.inp
Reset all LID placements
Creating LID placement: LID_BC on S4
  - from_impervious: 50.0% of impervious area
  - LID area: 36858.60 m² (39.73% of total area)
  - Impervious area: 73717.21 m² (79.5% of total)
Added 1 LID controls to temp_controls_BC.inp
Added 1 LID usages to temp_BC_ex1.inp
Reset all LID placements
Creating LID placement: LID_BC on S4
  - from_impervious: 51.0% of impervious area
  - LID area: 37595.77 m² (40.52% of total area)
  - Impervious area: 73717.21 m² (79.5% of total)
Added 1 LID controls to temp_controls_BC.inp
Added 1 LID usages to temp_BC_ex1.inp
Reset all LID placements
Creating LID placement: LID_BC on S4
  - from_impervious: 52.0% of impervious area
  - LID area: 38332.95 m² (41.31% of total area)
  - Impervious area: 73717.21 m² (79.5% of total)
Added 1 LID controls to temp_controls_BC.inp
Added 1 LID usages to temp_BC_ex1.inp
Reset all LID placements
Creating LID placement: LID_BC on S4
  - from_impervious: 53.0% of impervious area
  - LID area: 39070.12 m² (42.11% of total area)
  - Impervious area: 73717.21 m² (79.5% of total)
Added 1 LID controls to temp_controls_BC.inp
Added 1 LID usages to temp_BC_ex1.inp
Reset all LID placements
Creating LID placement: LID_BC on S4
  - from_impervious: 54.0% of impervious area
  - LID area: 39807.29 m² (42.90% of total area)
  - Impervious area: 73717.21 m² (79.5% of total)
Added 1 LID controls to temp_controls_BC.inp
Added 1 LID usages to temp_BC_ex1.inp
Reset all LID placements
Creating LID placement: LID_BC on S4
  - from_impervious: 55.0% of impervious area
  - LID area: 40544.46 m² (43.70% of total area)
  - Impervious area: 73717.21 m² (79.5% of total)
Added 1 LID controls to temp_controls_BC.inp
Added 1 LID usages to temp_BC_ex1.inp
Reset all LID placements
Creating LID placement: LID_BC on S4
  - from_impervious: 56.0% of impervious area
  - LID area: 41281.64 m² (44.49% of total area)
  - Impervious area: 73717.21 m² (79.5% of total)
Added 1 LID controls to temp_controls_BC.inp
Added 1 LID usages to temp_BC_ex1.inp
Reset all LID placements
Creating LID placement: LID_BC on S4
  - from_impervious: 57.0% of impervious area
  - LID area: 42018.81 m² (45.29% of total area)
  - Impervious area: 73717.21 m² (79.5% of total)
Added 1 LID controls to temp_controls_BC.inp
Added 1 LID usages to temp_BC_ex1.inp
Reset all LID placements
Creating LID placement: LID_BC on S4
  - from_impervious: 58.0% of impervious area
  - LID area: 42755.98 m² (46.08% of total area)
  - Impervious area: 73717.21 m² (79.5% of total)
Added 1 LID controls to temp_controls_BC.inp
Added 1 LID usages to temp_BC_ex1.inp
Reset all LID placements
Creating LID placement: LID_BC on S4
  - from_impervious: 59.0% of impervious area
  - LID area: 43493.15 m² (46.88% of total area)
  - Impervious area: 73717.21 m² (79.5% of total)
Added 1 LID controls to temp_controls_BC.inp
Added 1 LID usages to temp_BC_ex1.inp
  Simulating 60%
Reset all LID placements
Creating LID placement: LID_BC on S4
  - from_impervious: 60.0% of impervious area
  - LID area: 44230.32 m² (47.67% of total area)
  - Impervious area: 73717.21 m² (79.5% of total)
Added 1 LID controls to temp_controls_BC.inp
Added 1 LID usages to temp_BC_ex1.inp
Reset all LID placements
Creating LID placement: LID_BC on S4
  - from_impervious: 61.0% of impervious area
  - LID area: 44967.50 m² (48.46% of total area)
  - Impervious area: 73717.21 m² (79.5% of total)
Added 1 LID controls to temp_controls_BC.inp
Added 1 LID usages to temp_BC_ex1.inp
Reset all LID placements
Creating LID placement: LID_BC on S4
  - from_impervious: 62.0% of impervious area
  - LID area: 45704.67 m² (49.26% of total area)
  - Impervious area: 73717.21 m² (79.5% of total)
Added 1 LID controls to temp_controls_BC.inp
Added 1 LID usages to temp_BC_ex1.inp
Reset all LID placements
Creating LID placement: LID_BC on S4
  - from_impervious: 63.0% of impervious area
  - LID area: 46441.84 m² (50.05% of total area)
  - Impervious area: 73717.21 m² (79.5% of total)
Added 1 LID controls to temp_controls_BC.inp
Added 1 LID usages to temp_BC_ex1.inp
Reset all LID placements
Creating LID placement: LID_BC on S4
  - from_impervious: 64.0% of impervious area
  - LID area: 47179.01 m² (50.85% of total area)
  - Impervious area: 73717.21 m² (79.5% of total)
Added 1 LID controls to temp_controls_BC.inp
Added 1 LID usages to temp_BC_ex1.inp
Reset all LID placements
Creating LID placement: LID_BC on S4
  - from_impervious: 65.0% of impervious area
  - LID area: 47916.18 m² (51.64% of total area)
  - Impervious area: 73717.21 m² (79.5% of total)
Added 1 LID controls to temp_controls_BC.inp
Added 1 LID usages to temp_BC_ex1.inp
Reset all LID placements
Creating LID placement: LID_BC on S4
  - from_impervious: 66.0% of impervious area
  - LID area: 48653.36 m² (52.44% of total area)
  - Impervious area: 73717.21 m² (79.5% of total)
Added 1 LID controls to temp_controls_BC.inp
Added 1 LID usages to temp_BC_ex1.inp
Reset all LID placements
Creating LID placement: LID_BC on S4
  - from_impervious: 67.0% of impervious area
  - LID area: 49390.53 m² (53.23% of total area)
  - Impervious area: 73717.21 m² (79.5% of total)
Added 1 LID controls to temp_controls_BC.inp
Added 1 LID usages to temp_BC_ex1.inp
Reset all LID placements
Creating LID placement: LID_BC on S4
  - from_impervious: 68.0% of impervious area
  - LID area: 50127.70 m² (54.03% of total area)
  - Impervious area: 73717.21 m² (79.5% of total)
Added 1 LID controls to temp_controls_BC.inp
Added 1 LID usages to temp_BC_ex1.inp
Reset all LID placements
Creating LID placement: LID_BC on S4
  - from_impervious: 69.0% of impervious area
  - LID area: 50864.87 m² (54.82% of total area)
  - Impervious area: 73717.21 m² (79.5% of total)
Added 1 LID controls to temp_controls_BC.inp
Added 1 LID usages to temp_BC_ex1.inp
Reset all LID placements
Creating LID placement: LID_BC on S4
  - from_impervious: 70.0% of impervious area
  - LID area: 51602.04 m² (55.61% of total area)
  - Impervious area: 73717.21 m² (79.5% of total)
Added 1 LID controls to temp_controls_BC.inp
Added 1 LID usages to temp_BC_ex1.inp
Reset all LID placements
Creating LID placement: LID_BC on S4
  - from_impervious: 71.0% of impervious area
  - LID area: 52339.22 m² (56.41% of total area)
  - Impervious area: 73717.21 m² (79.5% of total)
Added 1 LID controls to temp_controls_BC.inp
Added 1 LID usages to temp_BC_ex1.inp
Reset all LID placements
Creating LID placement: LID_BC on S4
  - from_impervious: 72.0% of impervious area
  - LID area: 53076.39 m² (57.20% of total area)
  - Impervious area: 73717.21 m² (79.5% of total)
Added 1 LID controls to temp_controls_BC.inp
Added 1 LID usages to temp_BC_ex1.inp
Reset all LID placements
Creating LID placement: LID_BC on S4
  - from_impervious: 73.0% of impervious area
  - LID area: 53813.56 m² (58.00% of total area)
  - Impervious area: 73717.21 m² (79.5% of total)
Added 1 LID controls to temp_controls_BC.inp
Added 1 LID usages to temp_BC_ex1.inp
Reset all LID placements
Creating LID placement: LID_BC on S4
  - from_impervious: 74.0% of impervious area
  - LID area: 54550.73 m² (58.79% of total area)
  - Impervious area: 73717.21 m² (79.5% of total)
Added 1 LID controls to temp_controls_BC.inp
Added 1 LID usages to temp_BC_ex1.inp
Reset all LID placements
Creating LID placement: LID_BC on S4
  - from_impervious: 75.0% of impervious area
  - LID area: 55287.90 m² (59.59% of total area)
  - Impervious area: 73717.21 m² (79.5% of total)
Added 1 LID controls to temp_controls_BC.inp
Added 1 LID usages to temp_BC_ex1.inp
Reset all LID placements
Creating LID placement: LID_BC on S4
  - from_impervious: 76.0% of impervious area
  - LID area: 56025.08 m² (60.38% of total area)
  - Impervious area: 73717.21 m² (79.5% of total)
Added 1 LID controls to temp_controls_BC.inp
Added 1 LID usages to temp_BC_ex1.inp
Reset all LID placements
Creating LID placement: LID_BC on S4
  - from_impervious: 77.0% of impervious area
  - LID area: 56762.25 m² (61.18% of total area)
  - Impervious area: 73717.21 m² (79.5% of total)
Added 1 LID controls to temp_controls_BC.inp
Added 1 LID usages to temp_BC_ex1.inp
Reset all LID placements
Creating LID placement: LID_BC on S4
  - from_impervious: 78.0% of impervious area
  - LID area: 57499.42 m² (61.97% of total area)
  - Impervious area: 73717.21 m² (79.5% of total)
Added 1 LID controls to temp_controls_BC.inp
Added 1 LID usages to temp_BC_ex1.inp
Reset all LID placements
Creating LID placement: LID_BC on S4
  - from_impervious: 79.0% of impervious area
  - LID area: 58236.59 m² (62.77% of total area)
  - Impervious area: 73717.21 m² (79.5% of total)
Added 1 LID controls to temp_controls_BC.inp
Added 1 LID usages to temp_BC_ex1.inp
  Simulating 80%
Reset all LID placements
Creating LID placement: LID_BC on S4
  - from_impervious: 80.0% of impervious area
  - LID area: 58973.76 m² (63.56% of total area)
  - Impervious area: 73717.21 m² (79.5% of total)
Added 1 LID controls to temp_controls_BC.inp
Added 1 LID usages to temp_BC_ex1.inp
Reset all LID placements
Creating LID placement: LID_BC on S4
  - from_impervious: 81.0% of impervious area
  - LID area: 59710.94 m² (64.35% of total area)
  - Impervious area: 73717.21 m² (79.5% of total)
Added 1 LID controls to temp_controls_BC.inp
Added 1 LID usages to temp_BC_ex1.inp
Reset all LID placements
Creating LID placement: LID_BC on S4
  - from_impervious: 82.0% of impervious area
  - LID area: 60448.11 m² (65.15% of total area)
  - Impervious area: 73717.21 m² (79.5% of total)
Added 1 LID controls to temp_controls_BC.inp
Added 1 LID usages to temp_BC_ex1.inp
Reset all LID placements
Creating LID placement: LID_BC on S4
  - from_impervious: 83.0% of impervious area
  - LID area: 61185.28 m² (65.94% of total area)
  - Impervious area: 73717.21 m² (79.5% of total)
Added 1 LID controls to temp_controls_BC.inp
Added 1 LID usages to temp_BC_ex1.inp
Reset all LID placements
Creating LID placement: LID_BC on S4
  - from_impervious: 84.0% of impervious area
  - LID area: 61922.45 m² (66.74% of total area)
  - Impervious area: 73717.21 m² (79.5% of total)
Added 1 LID controls to temp_controls_BC.inp
Added 1 LID usages to temp_BC_ex1.inp
Reset all LID placements
Creating LID placement: LID_BC on S4
  - from_impervious: 85.0% of impervious area
  - LID area: 62659.62 m² (67.53% of total area)
  - Impervious area: 73717.21 m² (79.5% of total)
Added 1 LID controls to temp_controls_BC.inp
Added 1 LID usages to temp_BC_ex1.inp
Reset all LID placements
Creating LID placement: LID_BC on S4
  - from_impervious: 86.0% of impervious area
  - LID area: 63396.80 m² (68.33% of total area)
  - Impervious area: 73717.21 m² (79.5% of total)
Added 1 LID controls to temp_controls_BC.inp
Added 1 LID usages to temp_BC_ex1.inp
Reset all LID placements
Creating LID placement: LID_BC on S4
  - from_impervious: 87.0% of impervious area
  - LID area: 64133.97 m² (69.12% of total area)
  - Impervious area: 73717.21 m² (79.5% of total)
Added 1 LID controls to temp_controls_BC.inp
Added 1 LID usages to temp_BC_ex1.inp
Reset all LID placements
Creating LID placement: LID_BC on S4
  - from_impervious: 88.0% of impervious area
  - LID area: 64871.14 m² (69.92% of total area)
  - Impervious area: 73717.21 m² (79.5% of total)
Added 1 LID controls to temp_controls_BC.inp
Added 1 LID usages to temp_BC_ex1.inp
Reset all LID placements
Creating LID placement: LID_BC on S4
  - from_impervious: 89.0% of impervious area
  - LID area: 65608.31 m² (70.71% of total area)
  - Impervious area: 73717.21 m² (79.5% of total)
Added 1 LID controls to temp_controls_BC.inp
Added 1 LID usages to temp_BC_ex1.inp
Reset all LID placements
Creating LID placement: LID_BC on S4
  - from_impervious: 90.0% of impervious area
  - LID area: 66345.49 m² (71.51% of total area)
  - Impervious area: 73717.21 m² (79.5% of total)
Added 1 LID controls to temp_controls_BC.inp
Added 1 LID usages to temp_BC_ex1.inp
Reset all LID placements
Creating LID placement: LID_BC on S4
  - from_impervious: 91.0% of impervious area
  - LID area: 67082.66 m² (72.30% of total area)
  - Impervious area: 73717.21 m² (79.5% of total)
Added 1 LID controls to temp_controls_BC.inp
Added 1 LID usages to temp_BC_ex1.inp
Reset all LID placements
Creating LID placement: LID_BC on S4
  - from_impervious: 92.0% of impervious area
  - LID area: 67819.83 m² (73.09% of total area)
  - Impervious area: 73717.21 m² (79.5% of total)
Added 1 LID controls to temp_controls_BC.inp
Added 1 LID usages to temp_BC_ex1.inp
Reset all LID placements
Creating LID placement: LID_BC on S4
  - from_impervious: 93.0% of impervious area
  - LID area: 68557.00 m² (73.89% of total area)
  - Impervious area: 73717.21 m² (79.5% of total)
Added 1 LID controls to temp_controls_BC.inp
Added 1 LID usages to temp_BC_ex1.inp
Reset all LID placements
Creating LID placement: LID_BC on S4
  - from_impervious: 94.0% of impervious area
  - LID area: 69294.17 m² (74.68% of total area)
  - Impervious area: 73717.21 m² (79.5% of total)
Added 1 LID controls to temp_controls_BC.inp
Added 1 LID usages to temp_BC_ex1.inp
Reset all LID placements
Creating LID placement: LID_BC on S4
  - from_impervious: 95.0% of impervious area
  - LID area: 70031.35 m² (75.48% of total area)
  - Impervious area: 73717.21 m² (79.5% of total)
Added 1 LID controls to temp_controls_BC.inp
Added 1 LID usages to temp_BC_ex1.inp
Reset all LID placements
Creating LID placement: LID_BC on S4
  - from_impervious: 96.0% of impervious area
  - LID area: 70768.52 m² (76.27% of total area)
  - Impervious area: 73717.21 m² (79.5% of total)
Added 1 LID controls to temp_controls_BC.inp
Added 1 LID usages to temp_BC_ex1.inp
Reset all LID placements
Creating LID placement: LID_BC on S4
  - from_impervious: 97.0% of impervious area
  - LID area: 71505.69 m² (77.07% of total area)
  - Impervious area: 73717.21 m² (79.5% of total)
Added 1 LID controls to temp_controls_BC.inp
Added 1 LID usages to temp_BC_ex1.inp
Reset all LID placements
Creating LID placement: LID_BC on S4
  - from_impervious: 98.0% of impervious area
  - LID area: 72242.86 m² (77.86% of total area)
  - Impervious area: 73717.21 m² (79.5% of total)
Added 1 LID controls to temp_controls_BC.inp
Added 1 LID usages to temp_BC_ex1.inp
Reset all LID placements
Creating LID placement: LID_BC on S4
  - from_impervious: 99.0% of impervious area
  - LID area: 72980.03 m² (78.66% of total area)
  - Impervious area: 73717.21 m² (79.5% of total)
Added 1 LID controls to temp_controls_BC.inp
Added 1 LID usages to temp_BC_ex1.inp
  Simulating 100%
Reset all LID placements
Creating LID placement: LID_BC on S4
  - from_impervious: 100.0% of impervious area
  - LID area: 73717.21 m² (79.45% of total area)
  - Impervious area: 73717.21 m² (79.5% of total)
Added 1 LID controls to temp_controls_BC.inp
Added 1 LID usages to temp_BC_ex1.inp
  Data saved to BC_data.csv
  Graph saved to BC_result.png

============================================================
Processing LID Type: Rain Barrel (RB)
============================================================
Using Default Parameters
Created LID configuration: LID_RB (LIDType.RAIN_BARREL)
  - Parameters: LIDParameters(surface=None, soil=None, storage=[150, 0.75, 0.5, 0, 'NO'], pavement=None, drain=[0, 0.5, 6, 6, 0, 0], drainmat=None)
  - Life cycle cost per m2: 100000.0
Reset all LID placements
Creating LID placement: LID_RB on S4
  - from_impervious: 1.0% of impervious area
  - LID area: 737.17 m² (0.79% of total area)
  - Impervious area: 73717.21 m² (79.5% of total)
Added 1 LID controls to temp_controls_RB.inp
Added 1 LID usages to temp_RB_ex1.inp
Reset all LID placements
Creating LID placement: LID_RB on S4
  - from_impervious: 2.0% of impervious area
  - LID area: 1474.34 m² (1.59% of total area)
  - Impervious area: 73717.21 m² (79.5% of total)
Added 1 LID controls to temp_controls_RB.inp
Added 1 LID usages to temp_RB_ex1.inp
Reset all LID placements
Creating LID placement: LID_RB on S4
  - from_impervious: 3.0% of impervious area
  - LID area: 2211.52 m² (2.38% of total area)
  - Impervious area: 73717.21 m² (79.5% of total)
Added 1 LID controls to temp_controls_RB.inp
Added 1 LID usages to temp_RB_ex1.inp
Reset all LID placements
Creating LID placement: LID_RB on S4
  - from_impervious: 4.0% of impervious area
  - LID area: 2948.69 m² (3.18% of total area)
  - Impervious area: 73717.21 m² (79.5% of total)
Added 1 LID controls to temp_controls_RB.inp
Added 1 LID usages to temp_RB_ex1.inp
Reset all LID placements
Creating LID placement: LID_RB on S4
  - from_impervious: 5.0% of impervious area
  - LID area: 3685.86 m² (3.97% of total area)
  - Impervious area: 73717.21 m² (79.5% of total)
Added 1 LID controls to temp_controls_RB.inp
Added 1 LID usages to temp_RB_ex1.inp
Reset all LID placements
Creating LID placement: LID_RB on S4
  - from_impervious: 6.0% of impervious area
  - LID area: 4423.03 m² (4.77% of total area)
  - Impervious area: 73717.21 m² (79.5% of total)
Added 1 LID controls to temp_controls_RB.inp
Added 1 LID usages to temp_RB_ex1.inp
Reset all LID placements
Creating LID placement: LID_RB on S4
  - from_impervious: 7.0% of impervious area
  - LID area: 5160.20 m² (5.56% of total area)
  - Impervious area: 73717.21 m² (79.5% of total)
Added 1 LID controls to temp_controls_RB.inp
Added 1 LID usages to temp_RB_ex1.inp
Reset all LID placements
Creating LID placement: LID_RB on S4
  - from_impervious: 8.0% of impervious area
  - LID area: 5897.38 m² (6.36% of total area)
  - Impervious area: 73717.21 m² (79.5% of total)
Added 1 LID controls to temp_controls_RB.inp
Added 1 LID usages to temp_RB_ex1.inp
Reset all LID placements
Creating LID placement: LID_RB on S4
  - from_impervious: 9.0% of impervious area
  - LID area: 6634.55 m² (7.15% of total area)
  - Impervious area: 73717.21 m² (79.5% of total)
Added 1 LID controls to temp_controls_RB.inp
Added 1 LID usages to temp_RB_ex1.inp
Reset all LID placements
Creating LID placement: LID_RB on S4
  - from_impervious: 10.0% of impervious area
  - LID area: 7371.72 m² (7.94% of total area)
  - Impervious area: 73717.21 m² (79.5% of total)
Added 1 LID controls to temp_controls_RB.inp
Added 1 LID usages to temp_RB_ex1.inp
Reset all LID placements
Creating LID placement: LID_RB on S4
  - from_impervious: 11.0% of impervious area
  - LID area: 8108.89 m² (8.74% of total area)
  - Impervious area: 73717.21 m² (79.5% of total)
Added 1 LID controls to temp_controls_RB.inp
Added 1 LID usages to temp_RB_ex1.inp
Reset all LID placements
Creating LID placement: LID_RB on S4
  - from_impervious: 12.0% of impervious area
  - LID area: 8846.06 m² (9.53% of total area)
  - Impervious area: 73717.21 m² (79.5% of total)
Added 1 LID controls to temp_controls_RB.inp
Added 1 LID usages to temp_RB_ex1.inp
Reset all LID placements
Creating LID placement: LID_RB on S4
  - from_impervious: 13.0% of impervious area
  - LID area: 9583.24 m² (10.33% of total area)
  - Impervious area: 73717.21 m² (79.5% of total)
Added 1 LID controls to temp_controls_RB.inp
Added 1 LID usages to temp_RB_ex1.inp
Reset all LID placements
Creating LID placement: LID_RB on S4
  - from_impervious: 14.0% of impervious area
  - LID area: 10320.41 m² (11.12% of total area)
  - Impervious area: 73717.21 m² (79.5% of total)
Added 1 LID controls to temp_controls_RB.inp
Added 1 LID usages to temp_RB_ex1.inp
Reset all LID placements
Creating LID placement: LID_RB on S4
  - from_impervious: 15.0% of impervious area
  - LID area: 11057.58 m² (11.92% of total area)
  - Impervious area: 73717.21 m² (79.5% of total)
Added 1 LID controls to temp_controls_RB.inp
Added 1 LID usages to temp_RB_ex1.inp
Reset all LID placements
Creating LID placement: LID_RB on S4
  - from_impervious: 16.0% of impervious area
  - LID area: 11794.75 m² (12.71% of total area)
  - Impervious area: 73717.21 m² (79.5% of total)
Added 1 LID controls to temp_controls_RB.inp
Added 1 LID usages to temp_RB_ex1.inp
Reset all LID placements
Creating LID placement: LID_RB on S4
  - from_impervious: 17.0% of impervious area
  - LID area: 12531.92 m² (13.51% of total area)
  - Impervious area: 73717.21 m² (79.5% of total)
Added 1 LID controls to temp_controls_RB.inp
Added 1 LID usages to temp_RB_ex1.inp
Reset all LID placements
Creating LID placement: LID_RB on S4
  - from_impervious: 18.0% of impervious area
  - LID area: 13269.10 m² (14.30% of total area)
  - Impervious area: 73717.21 m² (79.5% of total)
Added 1 LID controls to temp_controls_RB.inp
Added 1 LID usages to temp_RB_ex1.inp
Reset all LID placements
Creating LID placement: LID_RB on S4
  - from_impervious: 19.0% of impervious area
  - LID area: 14006.27 m² (15.10% of total area)
  - Impervious area: 73717.21 m² (79.5% of total)
Added 1 LID controls to temp_controls_RB.inp
Added 1 LID usages to temp_RB_ex1.inp
  Simulating 20%
Reset all LID placements
Creating LID placement: LID_RB on S4
  - from_impervious: 20.0% of impervious area
  - LID area: 14743.44 m² (15.89% of total area)
  - Impervious area: 73717.21 m² (79.5% of total)
Added 1 LID controls to temp_controls_RB.inp
Added 1 LID usages to temp_RB_ex1.inp
Reset all LID placements
Creating LID placement: LID_RB on S4
  - from_impervious: 21.0% of impervious area
  - LID area: 15480.61 m² (16.68% of total area)
  - Impervious area: 73717.21 m² (79.5% of total)
Added 1 LID controls to temp_controls_RB.inp
Added 1 LID usages to temp_RB_ex1.inp
Reset all LID placements
Creating LID placement: LID_RB on S4
  - from_impervious: 22.0% of impervious area
  - LID area: 16217.79 m² (17.48% of total area)
  - Impervious area: 73717.21 m² (79.5% of total)
Added 1 LID controls to temp_controls_RB.inp
Added 1 LID usages to temp_RB_ex1.inp
Reset all LID placements
Creating LID placement: LID_RB on S4
  - from_impervious: 23.0% of impervious area
  - LID area: 16954.96 m² (18.27% of total area)
  - Impervious area: 73717.21 m² (79.5% of total)
Added 1 LID controls to temp_controls_RB.inp
Added 1 LID usages to temp_RB_ex1.inp
Reset all LID placements
Creating LID placement: LID_RB on S4
  - from_impervious: 24.0% of impervious area
  - LID area: 17692.13 m² (19.07% of total area)
  - Impervious area: 73717.21 m² (79.5% of total)
Added 1 LID controls to temp_controls_RB.inp
Added 1 LID usages to temp_RB_ex1.inp
Reset all LID placements
Creating LID placement: LID_RB on S4
  - from_impervious: 25.0% of impervious area
  - LID area: 18429.30 m² (19.86% of total area)
  - Impervious area: 73717.21 m² (79.5% of total)
Added 1 LID controls to temp_controls_RB.inp
Added 1 LID usages to temp_RB_ex1.inp
Reset all LID placements
Creating LID placement: LID_RB on S4
  - from_impervious: 26.0% of impervious area
  - LID area: 19166.47 m² (20.66% of total area)
  - Impervious area: 73717.21 m² (79.5% of total)
Added 1 LID controls to temp_controls_RB.inp
Added 1 LID usages to temp_RB_ex1.inp
Reset all LID placements
Creating LID placement: LID_RB on S4
  - from_impervious: 27.0% of impervious area
  - LID area: 19903.65 m² (21.45% of total area)
  - Impervious area: 73717.21 m² (79.5% of total)
Added 1 LID controls to temp_controls_RB.inp
Added 1 LID usages to temp_RB_ex1.inp
Reset all LID placements
Creating LID placement: LID_RB on S4
  - from_impervious: 28.0% of impervious area
  - LID area: 20640.82 m² (22.25% of total area)
  - Impervious area: 73717.21 m² (79.5% of total)
Added 1 LID controls to temp_controls_RB.inp
Added 1 LID usages to temp_RB_ex1.inp
Reset all LID placements
Creating LID placement: LID_RB on S4
  - from_impervious: 29.0% of impervious area
  - LID area: 21377.99 m² (23.04% of total area)
  - Impervious area: 73717.21 m² (79.5% of total)
Added 1 LID controls to temp_controls_RB.inp
Added 1 LID usages to temp_RB_ex1.inp
Reset all LID placements
Creating LID placement: LID_RB on S4
  - from_impervious: 30.0% of impervious area
  - LID area: 22115.16 m² (23.83% of total area)
  - Impervious area: 73717.21 m² (79.5% of total)
Added 1 LID controls to temp_controls_RB.inp
Added 1 LID usages to temp_RB_ex1.inp
Reset all LID placements
Creating LID placement: LID_RB on S4
  - from_impervious: 31.0% of impervious area
  - LID area: 22852.33 m² (24.63% of total area)
  - Impervious area: 73717.21 m² (79.5% of total)
Added 1 LID controls to temp_controls_RB.inp
Added 1 LID usages to temp_RB_ex1.inp
Reset all LID placements
Creating LID placement: LID_RB on S4
  - from_impervious: 32.0% of impervious area
  - LID area: 23589.51 m² (25.42% of total area)
  - Impervious area: 73717.21 m² (79.5% of total)
Added 1 LID controls to temp_controls_RB.inp
Added 1 LID usages to temp_RB_ex1.inp
Reset all LID placements
Creating LID placement: LID_RB on S4
  - from_impervious: 33.0% of impervious area
  - LID area: 24326.68 m² (26.22% of total area)
  - Impervious area: 73717.21 m² (79.5% of total)
Added 1 LID controls to temp_controls_RB.inp
Added 1 LID usages to temp_RB_ex1.inp
Reset all LID placements
Creating LID placement: LID_RB on S4
  - from_impervious: 34.0% of impervious area
  - LID area: 25063.85 m² (27.01% of total area)
  - Impervious area: 73717.21 m² (79.5% of total)
Added 1 LID controls to temp_controls_RB.inp
Added 1 LID usages to temp_RB_ex1.inp
Reset all LID placements
Creating LID placement: LID_RB on S4
  - from_impervious: 35.0% of impervious area
  - LID area: 25801.02 m² (27.81% of total area)
  - Impervious area: 73717.21 m² (79.5% of total)
Added 1 LID controls to temp_controls_RB.inp
Added 1 LID usages to temp_RB_ex1.inp
Reset all LID placements
Creating LID placement: LID_RB on S4
  - from_impervious: 36.0% of impervious area
  - LID area: 26538.19 m² (28.60% of total area)
  - Impervious area: 73717.21 m² (79.5% of total)
Added 1 LID controls to temp_controls_RB.inp
Added 1 LID usages to temp_RB_ex1.inp
Reset all LID placements
Creating LID placement: LID_RB on S4
  - from_impervious: 37.0% of impervious area
  - LID area: 27275.37 m² (29.40% of total area)
  - Impervious area: 73717.21 m² (79.5% of total)
Added 1 LID controls to temp_controls_RB.inp
Added 1 LID usages to temp_RB_ex1.inp
Reset all LID placements
Creating LID placement: LID_RB on S4
  - from_impervious: 38.0% of impervious area
  - LID area: 28012.54 m² (30.19% of total area)
  - Impervious area: 73717.21 m² (79.5% of total)
Added 1 LID controls to temp_controls_RB.inp
Added 1 LID usages to temp_RB_ex1.inp
Reset all LID placements
Creating LID placement: LID_RB on S4
  - from_impervious: 39.0% of impervious area
  - LID area: 28749.71 m² (30.99% of total area)
  - Impervious area: 73717.21 m² (79.5% of total)
Added 1 LID controls to temp_controls_RB.inp
Added 1 LID usages to temp_RB_ex1.inp
  Simulating 40%
Reset all LID placements
Creating LID placement: LID_RB on S4
  - from_impervious: 40.0% of impervious area
  - LID area: 29486.88 m² (31.78% of total area)
  - Impervious area: 73717.21 m² (79.5% of total)
Added 1 LID controls to temp_controls_RB.inp
Added 1 LID usages to temp_RB_ex1.inp
Reset all LID placements
Creating LID placement: LID_RB on S4
  - from_impervious: 41.0% of impervious area
  - LID area: 30224.05 m² (32.57% of total area)
  - Impervious area: 73717.21 m² (79.5% of total)
Added 1 LID controls to temp_controls_RB.inp
Added 1 LID usages to temp_RB_ex1.inp
Reset all LID placements
Creating LID placement: LID_RB on S4
  - from_impervious: 42.0% of impervious area
  - LID area: 30961.23 m² (33.37% of total area)
  - Impervious area: 73717.21 m² (79.5% of total)
Added 1 LID controls to temp_controls_RB.inp
Added 1 LID usages to temp_RB_ex1.inp
Reset all LID placements
Creating LID placement: LID_RB on S4
  - from_impervious: 43.0% of impervious area
  - LID area: 31698.40 m² (34.16% of total area)
  - Impervious area: 73717.21 m² (79.5% of total)
Added 1 LID controls to temp_controls_RB.inp
Added 1 LID usages to temp_RB_ex1.inp
Reset all LID placements
Creating LID placement: LID_RB on S4
  - from_impervious: 44.0% of impervious area
  - LID area: 32435.57 m² (34.96% of total area)
  - Impervious area: 73717.21 m² (79.5% of total)
Added 1 LID controls to temp_controls_RB.inp
Added 1 LID usages to temp_RB_ex1.inp
Reset all LID placements
Creating LID placement: LID_RB on S4
  - from_impervious: 45.0% of impervious area
  - LID area: 33172.74 m² (35.75% of total area)
  - Impervious area: 73717.21 m² (79.5% of total)
Added 1 LID controls to temp_controls_RB.inp
Added 1 LID usages to temp_RB_ex1.inp
Reset all LID placements
Creating LID placement: LID_RB on S4
  - from_impervious: 46.0% of impervious area
  - LID area: 33909.91 m² (36.55% of total area)
  - Impervious area: 73717.21 m² (79.5% of total)
Added 1 LID controls to temp_controls_RB.inp
Added 1 LID usages to temp_RB_ex1.inp
Reset all LID placements
Creating LID placement: LID_RB on S4
  - from_impervious: 47.0% of impervious area
  - LID area: 34647.09 m² (37.34% of total area)
  - Impervious area: 73717.21 m² (79.5% of total)
Added 1 LID controls to temp_controls_RB.inp
Added 1 LID usages to temp_RB_ex1.inp
Reset all LID placements
Creating LID placement: LID_RB on S4
  - from_impervious: 48.0% of impervious area
  - LID area: 35384.26 m² (38.14% of total area)
  - Impervious area: 73717.21 m² (79.5% of total)
Added 1 LID controls to temp_controls_RB.inp
Added 1 LID usages to temp_RB_ex1.inp
Reset all LID placements
Creating LID placement: LID_RB on S4
  - from_impervious: 49.0% of impervious area
  - LID area: 36121.43 m² (38.93% of total area)
  - Impervious area: 73717.21 m² (79.5% of total)
Added 1 LID controls to temp_controls_RB.inp
Added 1 LID usages to temp_RB_ex1.inp
Reset all LID placements
Creating LID placement: LID_RB on S4
  - from_impervious: 50.0% of impervious area
  - LID area: 36858.60 m² (39.73% of total area)
  - Impervious area: 73717.21 m² (79.5% of total)
Added 1 LID controls to temp_controls_RB.inp
Added 1 LID usages to temp_RB_ex1.inp
Reset all LID placements
Creating LID placement: LID_RB on S4
  - from_impervious: 51.0% of impervious area
  - LID area: 37595.77 m² (40.52% of total area)
  - Impervious area: 73717.21 m² (79.5% of total)
Added 1 LID controls to temp_controls_RB.inp
Added 1 LID usages to temp_RB_ex1.inp
Reset all LID placements
Creating LID placement: LID_RB on S4
  - from_impervious: 52.0% of impervious area
  - LID area: 38332.95 m² (41.31% of total area)
  - Impervious area: 73717.21 m² (79.5% of total)
Added 1 LID controls to temp_controls_RB.inp
Added 1 LID usages to temp_RB_ex1.inp
Reset all LID placements
Creating LID placement: LID_RB on S4
  - from_impervious: 53.0% of impervious area
  - LID area: 39070.12 m² (42.11% of total area)
  - Impervious area: 73717.21 m² (79.5% of total)
Added 1 LID controls to temp_controls_RB.inp
Added 1 LID usages to temp_RB_ex1.inp
Reset all LID placements
Creating LID placement: LID_RB on S4
  - from_impervious: 54.0% of impervious area
  - LID area: 39807.29 m² (42.90% of total area)
  - Impervious area: 73717.21 m² (79.5% of total)
Added 1 LID controls to temp_controls_RB.inp
Added 1 LID usages to temp_RB_ex1.inp
Reset all LID placements
Creating LID placement: LID_RB on S4
  - from_impervious: 55.0% of impervious area
  - LID area: 40544.46 m² (43.70% of total area)
  - Impervious area: 73717.21 m² (79.5% of total)
Added 1 LID controls to temp_controls_RB.inp
Added 1 LID usages to temp_RB_ex1.inp
Reset all LID placements
Creating LID placement: LID_RB on S4
  - from_impervious: 56.0% of impervious area
  - LID area: 41281.64 m² (44.49% of total area)
  - Impervious area: 73717.21 m² (79.5% of total)
Added 1 LID controls to temp_controls_RB.inp
Added 1 LID usages to temp_RB_ex1.inp
Reset all LID placements
Creating LID placement: LID_RB on S4
  - from_impervious: 57.0% of impervious area
  - LID area: 42018.81 m² (45.29% of total area)
  - Impervious area: 73717.21 m² (79.5% of total)
Added 1 LID controls to temp_controls_RB.inp
Added 1 LID usages to temp_RB_ex1.inp
Reset all LID placements
Creating LID placement: LID_RB on S4
  - from_impervious: 58.0% of impervious area
  - LID area: 42755.98 m² (46.08% of total area)
  - Impervious area: 73717.21 m² (79.5% of total)
Added 1 LID controls to temp_controls_RB.inp
Added 1 LID usages to temp_RB_ex1.inp
Reset all LID placements
Creating LID placement: LID_RB on S4
  - from_impervious: 59.0% of impervious area
  - LID area: 43493.15 m² (46.88% of total area)
  - Impervious area: 73717.21 m² (79.5% of total)
Added 1 LID controls to temp_controls_RB.inp
Added 1 LID usages to temp_RB_ex1.inp
  Simulating 60%
Reset all LID placements
Creating LID placement: LID_RB on S4
  - from_impervious: 60.0% of impervious area
  - LID area: 44230.32 m² (47.67% of total area)
  - Impervious area: 73717.21 m² (79.5% of total)
Added 1 LID controls to temp_controls_RB.inp
Added 1 LID usages to temp_RB_ex1.inp
Reset all LID placements
Creating LID placement: LID_RB on S4
  - from_impervious: 61.0% of impervious area
  - LID area: 44967.50 m² (48.46% of total area)
  - Impervious area: 73717.21 m² (79.5% of total)
Added 1 LID controls to temp_controls_RB.inp
Added 1 LID usages to temp_RB_ex1.inp
Reset all LID placements
Creating LID placement: LID_RB on S4
  - from_impervious: 62.0% of impervious area
  - LID area: 45704.67 m² (49.26% of total area)
  - Impervious area: 73717.21 m² (79.5% of total)
Added 1 LID controls to temp_controls_RB.inp
Added 1 LID usages to temp_RB_ex1.inp
Reset all LID placements
Creating LID placement: LID_RB on S4
  - from_impervious: 63.0% of impervious area
  - LID area: 46441.84 m² (50.05% of total area)
  - Impervious area: 73717.21 m² (79.5% of total)
Added 1 LID controls to temp_controls_RB.inp
Added 1 LID usages to temp_RB_ex1.inp
Reset all LID placements
Creating LID placement: LID_RB on S4
  - from_impervious: 64.0% of impervious area
  - LID area: 47179.01 m² (50.85% of total area)
  - Impervious area: 73717.21 m² (79.5% of total)
Added 1 LID controls to temp_controls_RB.inp
Added 1 LID usages to temp_RB_ex1.inp
Reset all LID placements
Creating LID placement: LID_RB on S4
  - from_impervious: 65.0% of impervious area
  - LID area: 47916.18 m² (51.64% of total area)
  - Impervious area: 73717.21 m² (79.5% of total)
Added 1 LID controls to temp_controls_RB.inp
Added 1 LID usages to temp_RB_ex1.inp
Reset all LID placements
Creating LID placement: LID_RB on S4
  - from_impervious: 66.0% of impervious area
  - LID area: 48653.36 m² (52.44% of total area)
  - Impervious area: 73717.21 m² (79.5% of total)
Added 1 LID controls to temp_controls_RB.inp
Added 1 LID usages to temp_RB_ex1.inp
Reset all LID placements
Creating LID placement: LID_RB on S4
  - from_impervious: 67.0% of impervious area
  - LID area: 49390.53 m² (53.23% of total area)
  - Impervious area: 73717.21 m² (79.5% of total)
Added 1 LID controls to temp_controls_RB.inp
Added 1 LID usages to temp_RB_ex1.inp
Reset all LID placements
Creating LID placement: LID_RB on S4
  - from_impervious: 68.0% of impervious area
  - LID area: 50127.70 m² (54.03% of total area)
  - Impervious area: 73717.21 m² (79.5% of total)
Added 1 LID controls to temp_controls_RB.inp
Added 1 LID usages to temp_RB_ex1.inp
Reset all LID placements
Creating LID placement: LID_RB on S4
  - from_impervious: 69.0% of impervious area
  - LID area: 50864.87 m² (54.82% of total area)
  - Impervious area: 73717.21 m² (79.5% of total)
Added 1 LID controls to temp_controls_RB.inp
Added 1 LID usages to temp_RB_ex1.inp
Reset all LID placements
Creating LID placement: LID_RB on S4
  - from_impervious: 70.0% of impervious area
  - LID area: 51602.04 m² (55.61% of total area)
  - Impervious area: 73717.21 m² (79.5% of total)
Added 1 LID controls to temp_controls_RB.inp
Added 1 LID usages to temp_RB_ex1.inp
Reset all LID placements
Creating LID placement: LID_RB on S4
  - from_impervious: 71.0% of impervious area
  - LID area: 52339.22 m² (56.41% of total area)
  - Impervious area: 73717.21 m² (79.5% of total)
Added 1 LID controls to temp_controls_RB.inp
Added 1 LID usages to temp_RB_ex1.inp
Reset all LID placements
Creating LID placement: LID_RB on S4
  - from_impervious: 72.0% of impervious area
  - LID area: 53076.39 m² (57.20% of total area)
  - Impervious area: 73717.21 m² (79.5% of total)
Added 1 LID controls to temp_controls_RB.inp
Added 1 LID usages to temp_RB_ex1.inp
Reset all LID placements
Creating LID placement: LID_RB on S4
  - from_impervious: 73.0% of impervious area
  - LID area: 53813.56 m² (58.00% of total area)
  - Impervious area: 73717.21 m² (79.5% of total)
Added 1 LID controls to temp_controls_RB.inp
Added 1 LID usages to temp_RB_ex1.inp
Reset all LID placements
Creating LID placement: LID_RB on S4
  - from_impervious: 74.0% of impervious area
  - LID area: 54550.73 m² (58.79% of total area)
  - Impervious area: 73717.21 m² (79.5% of total)
Added 1 LID controls to temp_controls_RB.inp
Added 1 LID usages to temp_RB_ex1.inp
Reset all LID placements
Creating LID placement: LID_RB on S4
  - from_impervious: 75.0% of impervious area
  - LID area: 55287.90 m² (59.59% of total area)
  - Impervious area: 73717.21 m² (79.5% of total)
Added 1 LID controls to temp_controls_RB.inp
Added 1 LID usages to temp_RB_ex1.inp
Reset all LID placements
Creating LID placement: LID_RB on S4
  - from_impervious: 76.0% of impervious area
  - LID area: 56025.08 m² (60.38% of total area)
  - Impervious area: 73717.21 m² (79.5% of total)
Added 1 LID controls to temp_controls_RB.inp
Added 1 LID usages to temp_RB_ex1.inp
Reset all LID placements
Creating LID placement: LID_RB on S4
  - from_impervious: 77.0% of impervious area
  - LID area: 56762.25 m² (61.18% of total area)
  - Impervious area: 73717.21 m² (79.5% of total)
Added 1 LID controls to temp_controls_RB.inp
Added 1 LID usages to temp_RB_ex1.inp
Reset all LID placements
Creating LID placement: LID_RB on S4
  - from_impervious: 78.0% of impervious area
  - LID area: 57499.42 m² (61.97% of total area)
  - Impervious area: 73717.21 m² (79.5% of total)
Added 1 LID controls to temp_controls_RB.inp
Added 1 LID usages to temp_RB_ex1.inp
Reset all LID placements
Creating LID placement: LID_RB on S4
  - from_impervious: 79.0% of impervious area
  - LID area: 58236.59 m² (62.77% of total area)
  - Impervious area: 73717.21 m² (79.5% of total)
Added 1 LID controls to temp_controls_RB.inp
Added 1 LID usages to temp_RB_ex1.inp
  Simulating 80%
Reset all LID placements
Creating LID placement: LID_RB on S4
  - from_impervious: 80.0% of impervious area
  - LID area: 58973.76 m² (63.56% of total area)
  - Impervious area: 73717.21 m² (79.5% of total)
Added 1 LID controls to temp_controls_RB.inp
Added 1 LID usages to temp_RB_ex1.inp
Reset all LID placements
Creating LID placement: LID_RB on S4
  - from_impervious: 81.0% of impervious area
  - LID area: 59710.94 m² (64.35% of total area)
  - Impervious area: 73717.21 m² (79.5% of total)
Added 1 LID controls to temp_controls_RB.inp
Added 1 LID usages to temp_RB_ex1.inp
Reset all LID placements
Creating LID placement: LID_RB on S4
  - from_impervious: 82.0% of impervious area
  - LID area: 60448.11 m² (65.15% of total area)
  - Impervious area: 73717.21 m² (79.5% of total)
Added 1 LID controls to temp_controls_RB.inp
Added 1 LID usages to temp_RB_ex1.inp
Reset all LID placements
Creating LID placement: LID_RB on S4
  - from_impervious: 83.0% of impervious area
  - LID area: 61185.28 m² (65.94% of total area)
  - Impervious area: 73717.21 m² (79.5% of total)
Added 1 LID controls to temp_controls_RB.inp
Added 1 LID usages to temp_RB_ex1.inp
Reset all LID placements
Creating LID placement: LID_RB on S4
  - from_impervious: 84.0% of impervious area
  - LID area: 61922.45 m² (66.74% of total area)
  - Impervious area: 73717.21 m² (79.5% of total)
Added 1 LID controls to temp_controls_RB.inp
Added 1 LID usages to temp_RB_ex1.inp
Reset all LID placements
Creating LID placement: LID_RB on S4
  - from_impervious: 85.0% of impervious area
  - LID area: 62659.62 m² (67.53% of total area)
  - Impervious area: 73717.21 m² (79.5% of total)
Added 1 LID controls to temp_controls_RB.inp
Added 1 LID usages to temp_RB_ex1.inp
Reset all LID placements
Creating LID placement: LID_RB on S4
  - from_impervious: 86.0% of impervious area
  - LID area: 63396.80 m² (68.33% of total area)
  - Impervious area: 73717.21 m² (79.5% of total)
Added 1 LID controls to temp_controls_RB.inp
Added 1 LID usages to temp_RB_ex1.inp
Reset all LID placements
Creating LID placement: LID_RB on S4
  - from_impervious: 87.0% of impervious area
  - LID area: 64133.97 m² (69.12% of total area)
  - Impervious area: 73717.21 m² (79.5% of total)
Added 1 LID controls to temp_controls_RB.inp
Added 1 LID usages to temp_RB_ex1.inp
Reset all LID placements
Creating LID placement: LID_RB on S4
  - from_impervious: 88.0% of impervious area
  - LID area: 64871.14 m² (69.92% of total area)
  - Impervious area: 73717.21 m² (79.5% of total)
Added 1 LID controls to temp_controls_RB.inp
Added 1 LID usages to temp_RB_ex1.inp
Reset all LID placements
Creating LID placement: LID_RB on S4
  - from_impervious: 89.0% of impervious area
  - LID area: 65608.31 m² (70.71% of total area)
  - Impervious area: 73717.21 m² (79.5% of total)
Added 1 LID controls to temp_controls_RB.inp
Added 1 LID usages to temp_RB_ex1.inp
Reset all LID placements
Creating LID placement: LID_RB on S4
  - from_impervious: 90.0% of impervious area
  - LID area: 66345.49 m² (71.51% of total area)
  - Impervious area: 73717.21 m² (79.5% of total)
Added 1 LID controls to temp_controls_RB.inp
Added 1 LID usages to temp_RB_ex1.inp
Reset all LID placements
Creating LID placement: LID_RB on S4
  - from_impervious: 91.0% of impervious area
  - LID area: 67082.66 m² (72.30% of total area)
  - Impervious area: 73717.21 m² (79.5% of total)
Added 1 LID controls to temp_controls_RB.inp
Added 1 LID usages to temp_RB_ex1.inp
Reset all LID placements
Creating LID placement: LID_RB on S4
  - from_impervious: 92.0% of impervious area
  - LID area: 67819.83 m² (73.09% of total area)
  - Impervious area: 73717.21 m² (79.5% of total)
Added 1 LID controls to temp_controls_RB.inp
Added 1 LID usages to temp_RB_ex1.inp
Reset all LID placements
Creating LID placement: LID_RB on S4
  - from_impervious: 93.0% of impervious area
  - LID area: 68557.00 m² (73.89% of total area)
  - Impervious area: 73717.21 m² (79.5% of total)
Added 1 LID controls to temp_controls_RB.inp
Added 1 LID usages to temp_RB_ex1.inp
Reset all LID placements
Creating LID placement: LID_RB on S4
  - from_impervious: 94.0% of impervious area
  - LID area: 69294.17 m² (74.68% of total area)
  - Impervious area: 73717.21 m² (79.5% of total)
Added 1 LID controls to temp_controls_RB.inp
Added 1 LID usages to temp_RB_ex1.inp
Reset all LID placements
Creating LID placement: LID_RB on S4
  - from_impervious: 95.0% of impervious area
  - LID area: 70031.35 m² (75.48% of total area)
  - Impervious area: 73717.21 m² (79.5% of total)
Added 1 LID controls to temp_controls_RB.inp
Added 1 LID usages to temp_RB_ex1.inp
Reset all LID placements
Creating LID placement: LID_RB on S4
  - from_impervious: 96.0% of impervious area
  - LID area: 70768.52 m² (76.27% of total area)
  - Impervious area: 73717.21 m² (79.5% of total)
Added 1 LID controls to temp_controls_RB.inp
Added 1 LID usages to temp_RB_ex1.inp
Reset all LID placements
Creating LID placement: LID_RB on S4
  - from_impervious: 97.0% of impervious area
  - LID area: 71505.69 m² (77.07% of total area)
  - Impervious area: 73717.21 m² (79.5% of total)
Added 1 LID controls to temp_controls_RB.inp
Added 1 LID usages to temp_RB_ex1.inp
Reset all LID placements
Creating LID placement: LID_RB on S4
  - from_impervious: 98.0% of impervious area
  - LID area: 72242.86 m² (77.86% of total area)
  - Impervious area: 73717.21 m² (79.5% of total)
Added 1 LID controls to temp_controls_RB.inp
Added 1 LID usages to temp_RB_ex1.inp
Reset all LID placements
Creating LID placement: LID_RB on S4
  - from_impervious: 99.0% of impervious area
  - LID area: 72980.03 m² (78.66% of total area)
  - Impervious area: 73717.21 m² (79.5% of total)
Added 1 LID controls to temp_controls_RB.inp
Added 1 LID usages to temp_RB_ex1.inp
  Simulating 100%
Reset all LID placements
Creating LID placement: LID_RB on S4
  - from_impervious: 100.0% of impervious area
  - LID area: 73717.21 m² (79.45% of total area)
  - Impervious area: 73717.21 m² (79.5% of total)
Added 1 LID controls to temp_controls_RB.inp
Added 1 LID usages to temp_RB_ex1.inp
  Data saved to RB_data.csv
  Graph saved to RB_result.png

============================================================
Processing LID Type: Vegetative Swale (VS)
============================================================
Using Default Parameters
Created LID configuration: LID_VS (LIDType.VEGETATIVE_SWALE)
  - Parameters: LIDParameters(surface=[13.0, 0.0, 0.1, 1.0, 5], soil=None, storage=None, pavement=None, drain=None, drainmat=None)
  - Life cycle cost per m2: 100000.0
Reset all LID placements
Creating LID placement: LID_VS on S4
  - from_impervious: 1.0% of impervious area
  - LID area: 737.17 m² (0.79% of total area)
  - Impervious area: 73717.21 m² (79.5% of total)
Added 1 LID controls to temp_controls_VS.inp
Added 1 LID usages to temp_VS_ex1.inp
Reset all LID placements
Creating LID placement: LID_VS on S4
  - from_impervious: 2.0% of impervious area
  - LID area: 1474.34 m² (1.59% of total area)
  - Impervious area: 73717.21 m² (79.5% of total)
Added 1 LID controls to temp_controls_VS.inp
Added 1 LID usages to temp_VS_ex1.inp
Reset all LID placements
Creating LID placement: LID_VS on S4
  - from_impervious: 3.0% of impervious area
  - LID area: 2211.52 m² (2.38% of total area)
  - Impervious area: 73717.21 m² (79.5% of total)
Added 1 LID controls to temp_controls_VS.inp
Added 1 LID usages to temp_VS_ex1.inp
Reset all LID placements
Creating LID placement: LID_VS on S4
  - from_impervious: 4.0% of impervious area
  - LID area: 2948.69 m² (3.18% of total area)
  - Impervious area: 73717.21 m² (79.5% of total)
Added 1 LID controls to temp_controls_VS.inp
Added 1 LID usages to temp_VS_ex1.inp
Reset all LID placements
Creating LID placement: LID_VS on S4
  - from_impervious: 5.0% of impervious area
  - LID area: 3685.86 m² (3.97% of total area)
  - Impervious area: 73717.21 m² (79.5% of total)
Added 1 LID controls to temp_controls_VS.inp
Added 1 LID usages to temp_VS_ex1.inp
Reset all LID placements
Creating LID placement: LID_VS on S4
  - from_impervious: 6.0% of impervious area
  - LID area: 4423.03 m² (4.77% of total area)
  - Impervious area: 73717.21 m² (79.5% of total)
Added 1 LID controls to temp_controls_VS.inp
Added 1 LID usages to temp_VS_ex1.inp
Reset all LID placements
Creating LID placement: LID_VS on S4
  - from_impervious: 7.0% of impervious area
  - LID area: 5160.20 m² (5.56% of total area)
  - Impervious area: 73717.21 m² (79.5% of total)
Added 1 LID controls to temp_controls_VS.inp
Added 1 LID usages to temp_VS_ex1.inp
Reset all LID placements
Creating LID placement: LID_VS on S4
  - from_impervious: 8.0% of impervious area
  - LID area: 5897.38 m² (6.36% of total area)
  - Impervious area: 73717.21 m² (79.5% of total)
Added 1 LID controls to temp_controls_VS.inp
Added 1 LID usages to temp_VS_ex1.inp
Reset all LID placements
Creating LID placement: LID_VS on S4
  - from_impervious: 9.0% of impervious area
  - LID area: 6634.55 m² (7.15% of total area)
  - Impervious area: 73717.21 m² (79.5% of total)
Added 1 LID controls to temp_controls_VS.inp
Added 1 LID usages to temp_VS_ex1.inp
Reset all LID placements
Creating LID placement: LID_VS on S4
  - from_impervious: 10.0% of impervious area
  - LID area: 7371.72 m² (7.94% of total area)
  - Impervious area: 73717.21 m² (79.5% of total)
Added 1 LID controls to temp_controls_VS.inp
Added 1 LID usages to temp_VS_ex1.inp
Reset all LID placements
Creating LID placement: LID_VS on S4
  - from_impervious: 11.0% of impervious area
  - LID area: 8108.89 m² (8.74% of total area)
  - Impervious area: 73717.21 m² (79.5% of total)
Added 1 LID controls to temp_controls_VS.inp
Added 1 LID usages to temp_VS_ex1.inp
Reset all LID placements
Creating LID placement: LID_VS on S4
  - from_impervious: 12.0% of impervious area
  - LID area: 8846.06 m² (9.53% of total area)
  - Impervious area: 73717.21 m² (79.5% of total)
Added 1 LID controls to temp_controls_VS.inp
Added 1 LID usages to temp_VS_ex1.inp
Reset all LID placements
Creating LID placement: LID_VS on S4
  - from_impervious: 13.0% of impervious area
  - LID area: 9583.24 m² (10.33% of total area)
  - Impervious area: 73717.21 m² (79.5% of total)
Added 1 LID controls to temp_controls_VS.inp
Added 1 LID usages to temp_VS_ex1.inp
Reset all LID placements
Creating LID placement: LID_VS on S4
  - from_impervious: 14.0% of impervious area
  - LID area: 10320.41 m² (11.12% of total area)
  - Impervious area: 73717.21 m² (79.5% of total)
Added 1 LID controls to temp_controls_VS.inp
Added 1 LID usages to temp_VS_ex1.inp
Reset all LID placements
Creating LID placement: LID_VS on S4
  - from_impervious: 15.0% of impervious area
  - LID area: 11057.58 m² (11.92% of total area)
  - Impervious area: 73717.21 m² (79.5% of total)
Added 1 LID controls to temp_controls_VS.inp
Added 1 LID usages to temp_VS_ex1.inp
Reset all LID placements
Creating LID placement: LID_VS on S4
  - from_impervious: 16.0% of impervious area
  - LID area: 11794.75 m² (12.71% of total area)
  - Impervious area: 73717.21 m² (79.5% of total)
Added 1 LID controls to temp_controls_VS.inp
Added 1 LID usages to temp_VS_ex1.inp
Reset all LID placements
Creating LID placement: LID_VS on S4
  - from_impervious: 17.0% of impervious area
  - LID area: 12531.92 m² (13.51% of total area)
  - Impervious area: 73717.21 m² (79.5% of total)
Added 1 LID controls to temp_controls_VS.inp
Added 1 LID usages to temp_VS_ex1.inp
Reset all LID placements
Creating LID placement: LID_VS on S4
  - from_impervious: 18.0% of impervious area
  - LID area: 13269.10 m² (14.30% of total area)
  - Impervious area: 73717.21 m² (79.5% of total)
Added 1 LID controls to temp_controls_VS.inp
Added 1 LID usages to temp_VS_ex1.inp
Reset all LID placements
Creating LID placement: LID_VS on S4
  - from_impervious: 19.0% of impervious area
  - LID area: 14006.27 m² (15.10% of total area)
  - Impervious area: 73717.21 m² (79.5% of total)
Added 1 LID controls to temp_controls_VS.inp
Added 1 LID usages to temp_VS_ex1.inp
  Simulating 20%
Reset all LID placements
Creating LID placement: LID_VS on S4
  - from_impervious: 20.0% of impervious area
  - LID area: 14743.44 m² (15.89% of total area)
  - Impervious area: 73717.21 m² (79.5% of total)
Added 1 LID controls to temp_controls_VS.inp
Added 1 LID usages to temp_VS_ex1.inp
Reset all LID placements
Creating LID placement: LID_VS on S4
  - from_impervious: 21.0% of impervious area
  - LID area: 15480.61 m² (16.68% of total area)
  - Impervious area: 73717.21 m² (79.5% of total)
Added 1 LID controls to temp_controls_VS.inp
Added 1 LID usages to temp_VS_ex1.inp
Reset all LID placements
Creating LID placement: LID_VS on S4
  - from_impervious: 22.0% of impervious area
  - LID area: 16217.79 m² (17.48% of total area)
  - Impervious area: 73717.21 m² (79.5% of total)
Added 1 LID controls to temp_controls_VS.inp
Added 1 LID usages to temp_VS_ex1.inp
Reset all LID placements
Creating LID placement: LID_VS on S4
  - from_impervious: 23.0% of impervious area
  - LID area: 16954.96 m² (18.27% of total area)
  - Impervious area: 73717.21 m² (79.5% of total)
Added 1 LID controls to temp_controls_VS.inp
Added 1 LID usages to temp_VS_ex1.inp
Reset all LID placements
Creating LID placement: LID_VS on S4
  - from_impervious: 24.0% of impervious area
  - LID area: 17692.13 m² (19.07% of total area)
  - Impervious area: 73717.21 m² (79.5% of total)
Added 1 LID controls to temp_controls_VS.inp
Added 1 LID usages to temp_VS_ex1.inp
Reset all LID placements
Creating LID placement: LID_VS on S4
  - from_impervious: 25.0% of impervious area
  - LID area: 18429.30 m² (19.86% of total area)
  - Impervious area: 73717.21 m² (79.5% of total)
Added 1 LID controls to temp_controls_VS.inp
Added 1 LID usages to temp_VS_ex1.inp
Reset all LID placements
Creating LID placement: LID_VS on S4
  - from_impervious: 26.0% of impervious area
  - LID area: 19166.47 m² (20.66% of total area)
  - Impervious area: 73717.21 m² (79.5% of total)
Added 1 LID controls to temp_controls_VS.inp
Added 1 LID usages to temp_VS_ex1.inp
Reset all LID placements
Creating LID placement: LID_VS on S4
  - from_impervious: 27.0% of impervious area
  - LID area: 19903.65 m² (21.45% of total area)
  - Impervious area: 73717.21 m² (79.5% of total)
Added 1 LID controls to temp_controls_VS.inp
Added 1 LID usages to temp_VS_ex1.inp
Reset all LID placements
Creating LID placement: LID_VS on S4
  - from_impervious: 28.0% of impervious area
  - LID area: 20640.82 m² (22.25% of total area)
  - Impervious area: 73717.21 m² (79.5% of total)
Added 1 LID controls to temp_controls_VS.inp
Added 1 LID usages to temp_VS_ex1.inp
Reset all LID placements
Creating LID placement: LID_VS on S4
  - from_impervious: 29.0% of impervious area
  - LID area: 21377.99 m² (23.04% of total area)
  - Impervious area: 73717.21 m² (79.5% of total)
Added 1 LID controls to temp_controls_VS.inp
Added 1 LID usages to temp_VS_ex1.inp
Reset all LID placements
Creating LID placement: LID_VS on S4
  - from_impervious: 30.0% of impervious area
  - LID area: 22115.16 m² (23.83% of total area)
  - Impervious area: 73717.21 m² (79.5% of total)
Added 1 LID controls to temp_controls_VS.inp
Added 1 LID usages to temp_VS_ex1.inp
Reset all LID placements
Creating LID placement: LID_VS on S4
  - from_impervious: 31.0% of impervious area
  - LID area: 22852.33 m² (24.63% of total area)
  - Impervious area: 73717.21 m² (79.5% of total)
Added 1 LID controls to temp_controls_VS.inp
Added 1 LID usages to temp_VS_ex1.inp
Reset all LID placements
Creating LID placement: LID_VS on S4
  - from_impervious: 32.0% of impervious area
  - LID area: 23589.51 m² (25.42% of total area)
  - Impervious area: 73717.21 m² (79.5% of total)
Added 1 LID controls to temp_controls_VS.inp
Added 1 LID usages to temp_VS_ex1.inp
Reset all LID placements
Creating LID placement: LID_VS on S4
  - from_impervious: 33.0% of impervious area
  - LID area: 24326.68 m² (26.22% of total area)
  - Impervious area: 73717.21 m² (79.5% of total)
Added 1 LID controls to temp_controls_VS.inp
Added 1 LID usages to temp_VS_ex1.inp
Reset all LID placements
Creating LID placement: LID_VS on S4
  - from_impervious: 34.0% of impervious area
  - LID area: 25063.85 m² (27.01% of total area)
  - Impervious area: 73717.21 m² (79.5% of total)
Added 1 LID controls to temp_controls_VS.inp
Added 1 LID usages to temp_VS_ex1.inp
Reset all LID placements
Creating LID placement: LID_VS on S4
  - from_impervious: 35.0% of impervious area
  - LID area: 25801.02 m² (27.81% of total area)
  - Impervious area: 73717.21 m² (79.5% of total)
Added 1 LID controls to temp_controls_VS.inp
Added 1 LID usages to temp_VS_ex1.inp
Reset all LID placements
Creating LID placement: LID_VS on S4
  - from_impervious: 36.0% of impervious area
  - LID area: 26538.19 m² (28.60% of total area)
  - Impervious area: 73717.21 m² (79.5% of total)
Added 1 LID controls to temp_controls_VS.inp
Added 1 LID usages to temp_VS_ex1.inp
Reset all LID placements
Creating LID placement: LID_VS on S4
  - from_impervious: 37.0% of impervious area
  - LID area: 27275.37 m² (29.40% of total area)
  - Impervious area: 73717.21 m² (79.5% of total)
Added 1 LID controls to temp_controls_VS.inp
Added 1 LID usages to temp_VS_ex1.inp
Reset all LID placements
Creating LID placement: LID_VS on S4
  - from_impervious: 38.0% of impervious area
  - LID area: 28012.54 m² (30.19% of total area)
  - Impervious area: 73717.21 m² (79.5% of total)
Added 1 LID controls to temp_controls_VS.inp
Added 1 LID usages to temp_VS_ex1.inp
Reset all LID placements
Creating LID placement: LID_VS on S4
  - from_impervious: 39.0% of impervious area
  - LID area: 28749.71 m² (30.99% of total area)
  - Impervious area: 73717.21 m² (79.5% of total)
Added 1 LID controls to temp_controls_VS.inp
Added 1 LID usages to temp_VS_ex1.inp
  Simulating 40%
Reset all LID placements
Creating LID placement: LID_VS on S4
  - from_impervious: 40.0% of impervious area
  - LID area: 29486.88 m² (31.78% of total area)
  - Impervious area: 73717.21 m² (79.5% of total)
Added 1 LID controls to temp_controls_VS.inp
Added 1 LID usages to temp_VS_ex1.inp
Reset all LID placements
Creating LID placement: LID_VS on S4
  - from_impervious: 41.0% of impervious area
  - LID area: 30224.05 m² (32.57% of total area)
  - Impervious area: 73717.21 m² (79.5% of total)
Added 1 LID controls to temp_controls_VS.inp
Added 1 LID usages to temp_VS_ex1.inp
Reset all LID placements
Creating LID placement: LID_VS on S4
  - from_impervious: 42.0% of impervious area
  - LID area: 30961.23 m² (33.37% of total area)
  - Impervious area: 73717.21 m² (79.5% of total)
Added 1 LID controls to temp_controls_VS.inp
Added 1 LID usages to temp_VS_ex1.inp
Reset all LID placements
Creating LID placement: LID_VS on S4
  - from_impervious: 43.0% of impervious area
  - LID area: 31698.40 m² (34.16% of total area)
  - Impervious area: 73717.21 m² (79.5% of total)
Added 1 LID controls to temp_controls_VS.inp
Added 1 LID usages to temp_VS_ex1.inp
Reset all LID placements
Creating LID placement: LID_VS on S4
  - from_impervious: 44.0% of impervious area
  - LID area: 32435.57 m² (34.96% of total area)
  - Impervious area: 73717.21 m² (79.5% of total)
Added 1 LID controls to temp_controls_VS.inp
Added 1 LID usages to temp_VS_ex1.inp
Reset all LID placements
Creating LID placement: LID_VS on S4
  - from_impervious: 45.0% of impervious area
  - LID area: 33172.74 m² (35.75% of total area)
  - Impervious area: 73717.21 m² (79.5% of total)
Added 1 LID controls to temp_controls_VS.inp
Added 1 LID usages to temp_VS_ex1.inp
Reset all LID placements
Creating LID placement: LID_VS on S4
  - from_impervious: 46.0% of impervious area
  - LID area: 33909.91 m² (36.55% of total area)
  - Impervious area: 73717.21 m² (79.5% of total)
Added 1 LID controls to temp_controls_VS.inp
Added 1 LID usages to temp_VS_ex1.inp
Reset all LID placements
Creating LID placement: LID_VS on S4
  - from_impervious: 47.0% of impervious area
  - LID area: 34647.09 m² (37.34% of total area)
  - Impervious area: 73717.21 m² (79.5% of total)
Added 1 LID controls to temp_controls_VS.inp
Added 1 LID usages to temp_VS_ex1.inp
Reset all LID placements
Creating LID placement: LID_VS on S4
  - from_impervious: 48.0% of impervious area
  - LID area: 35384.26 m² (38.14% of total area)
  - Impervious area: 73717.21 m² (79.5% of total)
Added 1 LID controls to temp_controls_VS.inp
Added 1 LID usages to temp_VS_ex1.inp
Reset all LID placements
Creating LID placement: LID_VS on S4
  - from_impervious: 49.0% of impervious area
  - LID area: 36121.43 m² (38.93% of total area)
  - Impervious area: 73717.21 m² (79.5% of total)
Added 1 LID controls to temp_controls_VS.inp
Added 1 LID usages to temp_VS_ex1.inp
Reset all LID placements
Creating LID placement: LID_VS on S4
  - from_impervious: 50.0% of impervious area
  - LID area: 36858.60 m² (39.73% of total area)
  - Impervious area: 73717.21 m² (79.5% of total)
Added 1 LID controls to temp_controls_VS.inp
Added 1 LID usages to temp_VS_ex1.inp
Reset all LID placements
Creating LID placement: LID_VS on S4
  - from_impervious: 51.0% of impervious area
  - LID area: 37595.77 m² (40.52% of total area)
  - Impervious area: 73717.21 m² (79.5% of total)
Added 1 LID controls to temp_controls_VS.inp
Added 1 LID usages to temp_VS_ex1.inp
Reset all LID placements
Creating LID placement: LID_VS on S4
  - from_impervious: 52.0% of impervious area
  - LID area: 38332.95 m² (41.31% of total area)
  - Impervious area: 73717.21 m² (79.5% of total)
Added 1 LID controls to temp_controls_VS.inp
Added 1 LID usages to temp_VS_ex1.inp
Reset all LID placements
Creating LID placement: LID_VS on S4
  - from_impervious: 53.0% of impervious area
  - LID area: 39070.12 m² (42.11% of total area)
  - Impervious area: 73717.21 m² (79.5% of total)
Added 1 LID controls to temp_controls_VS.inp
Added 1 LID usages to temp_VS_ex1.inp
Reset all LID placements
Creating LID placement: LID_VS on S4
  - from_impervious: 54.0% of impervious area
  - LID area: 39807.29 m² (42.90% of total area)
  - Impervious area: 73717.21 m² (79.5% of total)
Added 1 LID controls to temp_controls_VS.inp
Added 1 LID usages to temp_VS_ex1.inp
Reset all LID placements
Creating LID placement: LID_VS on S4
  - from_impervious: 55.0% of impervious area
  - LID area: 40544.46 m² (43.70% of total area)
  - Impervious area: 73717.21 m² (79.5% of total)
Added 1 LID controls to temp_controls_VS.inp
Added 1 LID usages to temp_VS_ex1.inp
Reset all LID placements
Creating LID placement: LID_VS on S4
  - from_impervious: 56.0% of impervious area
  - LID area: 41281.64 m² (44.49% of total area)
  - Impervious area: 73717.21 m² (79.5% of total)
Added 1 LID controls to temp_controls_VS.inp
Added 1 LID usages to temp_VS_ex1.inp
Reset all LID placements
Creating LID placement: LID_VS on S4
  - from_impervious: 57.0% of impervious area
  - LID area: 42018.81 m² (45.29% of total area)
  - Impervious area: 73717.21 m² (79.5% of total)
Added 1 LID controls to temp_controls_VS.inp
Added 1 LID usages to temp_VS_ex1.inp
Reset all LID placements
Creating LID placement: LID_VS on S4
  - from_impervious: 58.0% of impervious area
  - LID area: 42755.98 m² (46.08% of total area)
  - Impervious area: 73717.21 m² (79.5% of total)
Added 1 LID controls to temp_controls_VS.inp
Added 1 LID usages to temp_VS_ex1.inp
Reset all LID placements
Creating LID placement: LID_VS on S4
  - from_impervious: 59.0% of impervious area
  - LID area: 43493.15 m² (46.88% of total area)
  - Impervious area: 73717.21 m² (79.5% of total)
Added 1 LID controls to temp_controls_VS.inp
Added 1 LID usages to temp_VS_ex1.inp
  Simulating 60%
Reset all LID placements
Creating LID placement: LID_VS on S4
  - from_impervious: 60.0% of impervious area
  - LID area: 44230.32 m² (47.67% of total area)
  - Impervious area: 73717.21 m² (79.5% of total)
Added 1 LID controls to temp_controls_VS.inp
Added 1 LID usages to temp_VS_ex1.inp
Reset all LID placements
Creating LID placement: LID_VS on S4
  - from_impervious: 61.0% of impervious area
  - LID area: 44967.50 m² (48.46% of total area)
  - Impervious area: 73717.21 m² (79.5% of total)
Added 1 LID controls to temp_controls_VS.inp
Added 1 LID usages to temp_VS_ex1.inp
Reset all LID placements
Creating LID placement: LID_VS on S4
  - from_impervious: 62.0% of impervious area
  - LID area: 45704.67 m² (49.26% of total area)
  - Impervious area: 73717.21 m² (79.5% of total)
Added 1 LID controls to temp_controls_VS.inp
Added 1 LID usages to temp_VS_ex1.inp
Reset all LID placements
Creating LID placement: LID_VS on S4
  - from_impervious: 63.0% of impervious area
  - LID area: 46441.84 m² (50.05% of total area)
  - Impervious area: 73717.21 m² (79.5% of total)
Added 1 LID controls to temp_controls_VS.inp
Added 1 LID usages to temp_VS_ex1.inp
Reset all LID placements
Creating LID placement: LID_VS on S4
  - from_impervious: 64.0% of impervious area
  - LID area: 47179.01 m² (50.85% of total area)
  - Impervious area: 73717.21 m² (79.5% of total)
Added 1 LID controls to temp_controls_VS.inp
Added 1 LID usages to temp_VS_ex1.inp
Reset all LID placements
Creating LID placement: LID_VS on S4
  - from_impervious: 65.0% of impervious area
  - LID area: 47916.18 m² (51.64% of total area)
  - Impervious area: 73717.21 m² (79.5% of total)
Added 1 LID controls to temp_controls_VS.inp
Added 1 LID usages to temp_VS_ex1.inp
Reset all LID placements
Creating LID placement: LID_VS on S4
  - from_impervious: 66.0% of impervious area
  - LID area: 48653.36 m² (52.44% of total area)
  - Impervious area: 73717.21 m² (79.5% of total)
Added 1 LID controls to temp_controls_VS.inp
Added 1 LID usages to temp_VS_ex1.inp
Reset all LID placements
Creating LID placement: LID_VS on S4
  - from_impervious: 67.0% of impervious area
  - LID area: 49390.53 m² (53.23% of total area)
  - Impervious area: 73717.21 m² (79.5% of total)
Added 1 LID controls to temp_controls_VS.inp
Added 1 LID usages to temp_VS_ex1.inp
Reset all LID placements
Creating LID placement: LID_VS on S4
  - from_impervious: 68.0% of impervious area
  - LID area: 50127.70 m² (54.03% of total area)
  - Impervious area: 73717.21 m² (79.5% of total)
Added 1 LID controls to temp_controls_VS.inp
Added 1 LID usages to temp_VS_ex1.inp
Reset all LID placements
Creating LID placement: LID_VS on S4
  - from_impervious: 69.0% of impervious area
  - LID area: 50864.87 m² (54.82% of total area)
  - Impervious area: 73717.21 m² (79.5% of total)
Added 1 LID controls to temp_controls_VS.inp
Added 1 LID usages to temp_VS_ex1.inp
Reset all LID placements
Creating LID placement: LID_VS on S4
  - from_impervious: 70.0% of impervious area
  - LID area: 51602.04 m² (55.61% of total area)
  - Impervious area: 73717.21 m² (79.5% of total)
Added 1 LID controls to temp_controls_VS.inp
Added 1 LID usages to temp_VS_ex1.inp
Reset all LID placements
Creating LID placement: LID_VS on S4
  - from_impervious: 71.0% of impervious area
  - LID area: 52339.22 m² (56.41% of total area)
  - Impervious area: 73717.21 m² (79.5% of total)
Added 1 LID controls to temp_controls_VS.inp
Added 1 LID usages to temp_VS_ex1.inp
Reset all LID placements
Creating LID placement: LID_VS on S4
  - from_impervious: 72.0% of impervious area
  - LID area: 53076.39 m² (57.20% of total area)
  - Impervious area: 73717.21 m² (79.5% of total)
Added 1 LID controls to temp_controls_VS.inp
Added 1 LID usages to temp_VS_ex1.inp
Reset all LID placements
Creating LID placement: LID_VS on S4
  - from_impervious: 73.0% of impervious area
  - LID area: 53813.56 m² (58.00% of total area)
  - Impervious area: 73717.21 m² (79.5% of total)
Added 1 LID controls to temp_controls_VS.inp
Added 1 LID usages to temp_VS_ex1.inp
Reset all LID placements
Creating LID placement: LID_VS on S4
  - from_impervious: 74.0% of impervious area
  - LID area: 54550.73 m² (58.79% of total area)
  - Impervious area: 73717.21 m² (79.5% of total)
Added 1 LID controls to temp_controls_VS.inp
Added 1 LID usages to temp_VS_ex1.inp
Reset all LID placements
Creating LID placement: LID_VS on S4
  - from_impervious: 75.0% of impervious area
  - LID area: 55287.90 m² (59.59% of total area)
  - Impervious area: 73717.21 m² (79.5% of total)
Added 1 LID controls to temp_controls_VS.inp
Added 1 LID usages to temp_VS_ex1.inp
Reset all LID placements
Creating LID placement: LID_VS on S4
  - from_impervious: 76.0% of impervious area
  - LID area: 56025.08 m² (60.38% of total area)
  - Impervious area: 73717.21 m² (79.5% of total)
Added 1 LID controls to temp_controls_VS.inp
Added 1 LID usages to temp_VS_ex1.inp
Reset all LID placements
Creating LID placement: LID_VS on S4
  - from_impervious: 77.0% of impervious area
  - LID area: 56762.25 m² (61.18% of total area)
  - Impervious area: 73717.21 m² (79.5% of total)
Added 1 LID controls to temp_controls_VS.inp
Added 1 LID usages to temp_VS_ex1.inp
Reset all LID placements
Creating LID placement: LID_VS on S4
  - from_impervious: 78.0% of impervious area
  - LID area: 57499.42 m² (61.97% of total area)
  - Impervious area: 73717.21 m² (79.5% of total)
Added 1 LID controls to temp_controls_VS.inp
Added 1 LID usages to temp_VS_ex1.inp
Reset all LID placements
Creating LID placement: LID_VS on S4
  - from_impervious: 79.0% of impervious area
  - LID area: 58236.59 m² (62.77% of total area)
  - Impervious area: 73717.21 m² (79.5% of total)
Added 1 LID controls to temp_controls_VS.inp
Added 1 LID usages to temp_VS_ex1.inp
  Simulating 80%
Reset all LID placements
Creating LID placement: LID_VS on S4
  - from_impervious: 80.0% of impervious area
  - LID area: 58973.76 m² (63.56% of total area)
  - Impervious area: 73717.21 m² (79.5% of total)
Added 1 LID controls to temp_controls_VS.inp
Added 1 LID usages to temp_VS_ex1.inp
Reset all LID placements
Creating LID placement: LID_VS on S4
  - from_impervious: 81.0% of impervious area
  - LID area: 59710.94 m² (64.35% of total area)
  - Impervious area: 73717.21 m² (79.5% of total)
Added 1 LID controls to temp_controls_VS.inp
Added 1 LID usages to temp_VS_ex1.inp
Reset all LID placements
Creating LID placement: LID_VS on S4
  - from_impervious: 82.0% of impervious area
  - LID area: 60448.11 m² (65.15% of total area)
  - Impervious area: 73717.21 m² (79.5% of total)
Added 1 LID controls to temp_controls_VS.inp
Added 1 LID usages to temp_VS_ex1.inp
Reset all LID placements
Creating LID placement: LID_VS on S4
  - from_impervious: 83.0% of impervious area
  - LID area: 61185.28 m² (65.94% of total area)
  - Impervious area: 73717.21 m² (79.5% of total)
Added 1 LID controls to temp_controls_VS.inp
Added 1 LID usages to temp_VS_ex1.inp
Reset all LID placements
Creating LID placement: LID_VS on S4
  - from_impervious: 84.0% of impervious area
  - LID area: 61922.45 m² (66.74% of total area)
  - Impervious area: 73717.21 m² (79.5% of total)
Added 1 LID controls to temp_controls_VS.inp
Added 1 LID usages to temp_VS_ex1.inp
Reset all LID placements
Creating LID placement: LID_VS on S4
  - from_impervious: 85.0% of impervious area
  - LID area: 62659.62 m² (67.53% of total area)
  - Impervious area: 73717.21 m² (79.5% of total)
Added 1 LID controls to temp_controls_VS.inp
Added 1 LID usages to temp_VS_ex1.inp
Reset all LID placements
Creating LID placement: LID_VS on S4
  - from_impervious: 86.0% of impervious area
  - LID area: 63396.80 m² (68.33% of total area)
  - Impervious area: 73717.21 m² (79.5% of total)
Added 1 LID controls to temp_controls_VS.inp
Added 1 LID usages to temp_VS_ex1.inp
Reset all LID placements
Creating LID placement: LID_VS on S4
  - from_impervious: 87.0% of impervious area
  - LID area: 64133.97 m² (69.12% of total area)
  - Impervious area: 73717.21 m² (79.5% of total)
Added 1 LID controls to temp_controls_VS.inp
Added 1 LID usages to temp_VS_ex1.inp
Reset all LID placements
Creating LID placement: LID_VS on S4
  - from_impervious: 88.0% of impervious area
  - LID area: 64871.14 m² (69.92% of total area)
  - Impervious area: 73717.21 m² (79.5% of total)
Added 1 LID controls to temp_controls_VS.inp
Added 1 LID usages to temp_VS_ex1.inp
Reset all LID placements
Creating LID placement: LID_VS on S4
  - from_impervious: 89.0% of impervious area
  - LID area: 65608.31 m² (70.71% of total area)
  - Impervious area: 73717.21 m² (79.5% of total)
Added 1 LID controls to temp_controls_VS.inp
Added 1 LID usages to temp_VS_ex1.inp
Reset all LID placements
Creating LID placement: LID_VS on S4
  - from_impervious: 90.0% of impervious area
  - LID area: 66345.49 m² (71.51% of total area)
  - Impervious area: 73717.21 m² (79.5% of total)
Added 1 LID controls to temp_controls_VS.inp
Added 1 LID usages to temp_VS_ex1.inp
Reset all LID placements
Creating LID placement: LID_VS on S4
  - from_impervious: 91.0% of impervious area
  - LID area: 67082.66 m² (72.30% of total area)
  - Impervious area: 73717.21 m² (79.5% of total)
Added 1 LID controls to temp_controls_VS.inp
Added 1 LID usages to temp_VS_ex1.inp
Reset all LID placements
Creating LID placement: LID_VS on S4
  - from_impervious: 92.0% of impervious area
  - LID area: 67819.83 m² (73.09% of total area)
  - Impervious area: 73717.21 m² (79.5% of total)
Added 1 LID controls to temp_controls_VS.inp
Added 1 LID usages to temp_VS_ex1.inp
Reset all LID placements
Creating LID placement: LID_VS on S4
  - from_impervious: 93.0% of impervious area
  - LID area: 68557.00 m² (73.89% of total area)
  - Impervious area: 73717.21 m² (79.5% of total)
Added 1 LID controls to temp_controls_VS.inp
Added 1 LID usages to temp_VS_ex1.inp
Reset all LID placements
Creating LID placement: LID_VS on S4
  - from_impervious: 94.0% of impervious area
  - LID area: 69294.17 m² (74.68% of total area)
  - Impervious area: 73717.21 m² (79.5% of total)
Added 1 LID controls to temp_controls_VS.inp
Added 1 LID usages to temp_VS_ex1.inp
Reset all LID placements
Creating LID placement: LID_VS on S4
  - from_impervious: 95.0% of impervious area
  - LID area: 70031.35 m² (75.48% of total area)
  - Impervious area: 73717.21 m² (79.5% of total)
Added 1 LID controls to temp_controls_VS.inp
Added 1 LID usages to temp_VS_ex1.inp
Reset all LID placements
Creating LID placement: LID_VS on S4
  - from_impervious: 96.0% of impervious area
  - LID area: 70768.52 m² (76.27% of total area)
  - Impervious area: 73717.21 m² (79.5% of total)
Added 1 LID controls to temp_controls_VS.inp
Added 1 LID usages to temp_VS_ex1.inp
Reset all LID placements
Creating LID placement: LID_VS on S4
  - from_impervious: 97.0% of impervious area
  - LID area: 71505.69 m² (77.07% of total area)
  - Impervious area: 73717.21 m² (79.5% of total)
Added 1 LID controls to temp_controls_VS.inp
Added 1 LID usages to temp_VS_ex1.inp
Reset all LID placements
Creating LID placement: LID_VS on S4
  - from_impervious: 98.0% of impervious area
  - LID area: 72242.86 m² (77.86% of total area)
  - Impervious area: 73717.21 m² (79.5% of total)
Added 1 LID controls to temp_controls_VS.inp
Added 1 LID usages to temp_VS_ex1.inp
Reset all LID placements
Creating LID placement: LID_VS on S4
  - from_impervious: 99.0% of impervious area
  - LID area: 72980.03 m² (78.66% of total area)
  - Impervious area: 73717.21 m² (79.5% of total)
Added 1 LID controls to temp_controls_VS.inp
Added 1 LID usages to temp_VS_ex1.inp
  Simulating 100%
Reset all LID placements
Creating LID placement: LID_VS on S4
  - from_impervious: 100.0% of impervious area
  - LID area: 73717.21 m² (79.45% of total area)
  - Impervious area: 73717.21 m² (79.5% of total)
Added 1 LID controls to temp_controls_VS.inp
Added 1 LID usages to temp_VS_ex1.inp
  Data saved to VS_data.csv
  Graph saved to VS_result.png

============================================================
Processing LID Type: Rooftop Disconnection (RD)
============================================================
Using Default Parameters
Created LID configuration: LID_RD (LIDType.ROOFTOP_DISCONNECTION)
  - Parameters: LIDParameters(surface=[100, 0, 0.015, 1, 0], soil=None, storage=None, pavement=None, drain=[0, 0.5, 6, 6, 0, 0], drainmat=None)
  - Life cycle cost per m2: 100000.0
Reset all LID placements
Creating LID placement: LID_RD on S4
  - from_impervious: 1.0% of impervious area
  - LID area: 737.17 m² (0.79% of total area)
  - Impervious area: 73717.21 m² (79.5% of total)
Added 1 LID controls to temp_controls_RD.inp
Added 1 LID usages to temp_RD_ex1.inp
Reset all LID placements
Creating LID placement: LID_RD on S4
  - from_impervious: 2.0% of impervious area
  - LID area: 1474.34 m² (1.59% of total area)
  - Impervious area: 73717.21 m² (79.5% of total)
Added 1 LID controls to temp_controls_RD.inp
Added 1 LID usages to temp_RD_ex1.inp
Reset all LID placements
Creating LID placement: LID_RD on S4
  - from_impervious: 3.0% of impervious area
  - LID area: 2211.52 m² (2.38% of total area)
  - Impervious area: 73717.21 m² (79.5% of total)
Added 1 LID controls to temp_controls_RD.inp
Added 1 LID usages to temp_RD_ex1.inp
Reset all LID placements
Creating LID placement: LID_RD on S4
  - from_impervious: 4.0% of impervious area
  - LID area: 2948.69 m² (3.18% of total area)
  - Impervious area: 73717.21 m² (79.5% of total)
Added 1 LID controls to temp_controls_RD.inp
Added 1 LID usages to temp_RD_ex1.inp
Reset all LID placements
Creating LID placement: LID_RD on S4
  - from_impervious: 5.0% of impervious area
  - LID area: 3685.86 m² (3.97% of total area)
  - Impervious area: 73717.21 m² (79.5% of total)
Added 1 LID controls to temp_controls_RD.inp
Added 1 LID usages to temp_RD_ex1.inp
Reset all LID placements
Creating LID placement: LID_RD on S4
  - from_impervious: 6.0% of impervious area
  - LID area: 4423.03 m² (4.77% of total area)
  - Impervious area: 73717.21 m² (79.5% of total)
Added 1 LID controls to temp_controls_RD.inp
Added 1 LID usages to temp_RD_ex1.inp
Reset all LID placements
Creating LID placement: LID_RD on S4
  - from_impervious: 7.0% of impervious area
  - LID area: 5160.20 m² (5.56% of total area)
  - Impervious area: 73717.21 m² (79.5% of total)
Added 1 LID controls to temp_controls_RD.inp
Added 1 LID usages to temp_RD_ex1.inp
Reset all LID placements
Creating LID placement: LID_RD on S4
  - from_impervious: 8.0% of impervious area
  - LID area: 5897.38 m² (6.36% of total area)
  - Impervious area: 73717.21 m² (79.5% of total)
Added 1 LID controls to temp_controls_RD.inp
Added 1 LID usages to temp_RD_ex1.inp
Reset all LID placements
Creating LID placement: LID_RD on S4
  - from_impervious: 9.0% of impervious area
  - LID area: 6634.55 m² (7.15% of total area)
  - Impervious area: 73717.21 m² (79.5% of total)
Added 1 LID controls to temp_controls_RD.inp
Added 1 LID usages to temp_RD_ex1.inp
Reset all LID placements
Creating LID placement: LID_RD on S4
  - from_impervious: 10.0% of impervious area
  - LID area: 7371.72 m² (7.94% of total area)
  - Impervious area: 73717.21 m² (79.5% of total)
Added 1 LID controls to temp_controls_RD.inp
Added 1 LID usages to temp_RD_ex1.inp
Reset all LID placements
Creating LID placement: LID_RD on S4
  - from_impervious: 11.0% of impervious area
  - LID area: 8108.89 m² (8.74% of total area)
  - Impervious area: 73717.21 m² (79.5% of total)
Added 1 LID controls to temp_controls_RD.inp
Added 1 LID usages to temp_RD_ex1.inp
Reset all LID placements
Creating LID placement: LID_RD on S4
  - from_impervious: 12.0% of impervious area
  - LID area: 8846.06 m² (9.53% of total area)
  - Impervious area: 73717.21 m² (79.5% of total)
Added 1 LID controls to temp_controls_RD.inp
Added 1 LID usages to temp_RD_ex1.inp
Reset all LID placements
Creating LID placement: LID_RD on S4
  - from_impervious: 13.0% of impervious area
  - LID area: 9583.24 m² (10.33% of total area)
  - Impervious area: 73717.21 m² (79.5% of total)
Added 1 LID controls to temp_controls_RD.inp
Added 1 LID usages to temp_RD_ex1.inp
Reset all LID placements
Creating LID placement: LID_RD on S4
  - from_impervious: 14.0% of impervious area
  - LID area: 10320.41 m² (11.12% of total area)
  - Impervious area: 73717.21 m² (79.5% of total)
Added 1 LID controls to temp_controls_RD.inp
Added 1 LID usages to temp_RD_ex1.inp
Reset all LID placements
Creating LID placement: LID_RD on S4
  - from_impervious: 15.0% of impervious area
  - LID area: 11057.58 m² (11.92% of total area)
  - Impervious area: 73717.21 m² (79.5% of total)
Added 1 LID controls to temp_controls_RD.inp
Added 1 LID usages to temp_RD_ex1.inp
Reset all LID placements
Creating LID placement: LID_RD on S4
  - from_impervious: 16.0% of impervious area
  - LID area: 11794.75 m² (12.71% of total area)
  - Impervious area: 73717.21 m² (79.5% of total)
Added 1 LID controls to temp_controls_RD.inp
Added 1 LID usages to temp_RD_ex1.inp
Reset all LID placements
Creating LID placement: LID_RD on S4
  - from_impervious: 17.0% of impervious area
  - LID area: 12531.92 m² (13.51% of total area)
  - Impervious area: 73717.21 m² (79.5% of total)
Added 1 LID controls to temp_controls_RD.inp
Added 1 LID usages to temp_RD_ex1.inp
Reset all LID placements
Creating LID placement: LID_RD on S4
  - from_impervious: 18.0% of impervious area
  - LID area: 13269.10 m² (14.30% of total area)
  - Impervious area: 73717.21 m² (79.5% of total)
Added 1 LID controls to temp_controls_RD.inp
Added 1 LID usages to temp_RD_ex1.inp
Reset all LID placements
Creating LID placement: LID_RD on S4
  - from_impervious: 19.0% of impervious area
  - LID area: 14006.27 m² (15.10% of total area)
  - Impervious area: 73717.21 m² (79.5% of total)
Added 1 LID controls to temp_controls_RD.inp
Added 1 LID usages to temp_RD_ex1.inp
  Simulating 20%
Reset all LID placements
Creating LID placement: LID_RD on S4
  - from_impervious: 20.0% of impervious area
  - LID area: 14743.44 m² (15.89% of total area)
  - Impervious area: 73717.21 m² (79.5% of total)
Added 1 LID controls to temp_controls_RD.inp
Added 1 LID usages to temp_RD_ex1.inp
Reset all LID placements
Creating LID placement: LID_RD on S4
  - from_impervious: 21.0% of impervious area
  - LID area: 15480.61 m² (16.68% of total area)
  - Impervious area: 73717.21 m² (79.5% of total)
Added 1 LID controls to temp_controls_RD.inp
Added 1 LID usages to temp_RD_ex1.inp
Reset all LID placements
Creating LID placement: LID_RD on S4
  - from_impervious: 22.0% of impervious area
  - LID area: 16217.79 m² (17.48% of total area)
  - Impervious area: 73717.21 m² (79.5% of total)
Added 1 LID controls to temp_controls_RD.inp
Added 1 LID usages to temp_RD_ex1.inp
Reset all LID placements
Creating LID placement: LID_RD on S4
  - from_impervious: 23.0% of impervious area
  - LID area: 16954.96 m² (18.27% of total area)
  - Impervious area: 73717.21 m² (79.5% of total)
Added 1 LID controls to temp_controls_RD.inp
Added 1 LID usages to temp_RD_ex1.inp
Reset all LID placements
Creating LID placement: LID_RD on S4
  - from_impervious: 24.0% of impervious area
  - LID area: 17692.13 m² (19.07% of total area)
  - Impervious area: 73717.21 m² (79.5% of total)
Added 1 LID controls to temp_controls_RD.inp
Added 1 LID usages to temp_RD_ex1.inp
Reset all LID placements
Creating LID placement: LID_RD on S4
  - from_impervious: 25.0% of impervious area
  - LID area: 18429.30 m² (19.86% of total area)
  - Impervious area: 73717.21 m² (79.5% of total)
Added 1 LID controls to temp_controls_RD.inp
Added 1 LID usages to temp_RD_ex1.inp
Reset all LID placements
Creating LID placement: LID_RD on S4
  - from_impervious: 26.0% of impervious area
  - LID area: 19166.47 m² (20.66% of total area)
  - Impervious area: 73717.21 m² (79.5% of total)
Added 1 LID controls to temp_controls_RD.inp
Added 1 LID usages to temp_RD_ex1.inp
Reset all LID placements
Creating LID placement: LID_RD on S4
  - from_impervious: 27.0% of impervious area
  - LID area: 19903.65 m² (21.45% of total area)
  - Impervious area: 73717.21 m² (79.5% of total)
Added 1 LID controls to temp_controls_RD.inp
Added 1 LID usages to temp_RD_ex1.inp
Reset all LID placements
Creating LID placement: LID_RD on S4
  - from_impervious: 28.0% of impervious area
  - LID area: 20640.82 m² (22.25% of total area)
  - Impervious area: 73717.21 m² (79.5% of total)
Added 1 LID controls to temp_controls_RD.inp
Added 1 LID usages to temp_RD_ex1.inp
Reset all LID placements
Creating LID placement: LID_RD on S4
  - from_impervious: 29.0% of impervious area
  - LID area: 21377.99 m² (23.04% of total area)
  - Impervious area: 73717.21 m² (79.5% of total)
Added 1 LID controls to temp_controls_RD.inp
Added 1 LID usages to temp_RD_ex1.inp
Reset all LID placements
Creating LID placement: LID_RD on S4
  - from_impervious: 30.0% of impervious area
  - LID area: 22115.16 m² (23.83% of total area)
  - Impervious area: 73717.21 m² (79.5% of total)
Added 1 LID controls to temp_controls_RD.inp
Added 1 LID usages to temp_RD_ex1.inp
Reset all LID placements
Creating LID placement: LID_RD on S4
  - from_impervious: 31.0% of impervious area
  - LID area: 22852.33 m² (24.63% of total area)
  - Impervious area: 73717.21 m² (79.5% of total)
Added 1 LID controls to temp_controls_RD.inp
Added 1 LID usages to temp_RD_ex1.inp
Reset all LID placements
Creating LID placement: LID_RD on S4
  - from_impervious: 32.0% of impervious area
  - LID area: 23589.51 m² (25.42% of total area)
  - Impervious area: 73717.21 m² (79.5% of total)
Added 1 LID controls to temp_controls_RD.inp
Added 1 LID usages to temp_RD_ex1.inp
Reset all LID placements
Creating LID placement: LID_RD on S4
  - from_impervious: 33.0% of impervious area
  - LID area: 24326.68 m² (26.22% of total area)
  - Impervious area: 73717.21 m² (79.5% of total)
Added 1 LID controls to temp_controls_RD.inp
Added 1 LID usages to temp_RD_ex1.inp
Reset all LID placements
Creating LID placement: LID_RD on S4
  - from_impervious: 34.0% of impervious area
  - LID area: 25063.85 m² (27.01% of total area)
  - Impervious area: 73717.21 m² (79.5% of total)
Added 1 LID controls to temp_controls_RD.inp
Added 1 LID usages to temp_RD_ex1.inp
Reset all LID placements
Creating LID placement: LID_RD on S4
  - from_impervious: 35.0% of impervious area
  - LID area: 25801.02 m² (27.81% of total area)
  - Impervious area: 73717.21 m² (79.5% of total)
Added 1 LID controls to temp_controls_RD.inp
Added 1 LID usages to temp_RD_ex1.inp
Reset all LID placements
Creating LID placement: LID_RD on S4
  - from_impervious: 36.0% of impervious area
  - LID area: 26538.19 m² (28.60% of total area)
  - Impervious area: 73717.21 m² (79.5% of total)
Added 1 LID controls to temp_controls_RD.inp
Added 1 LID usages to temp_RD_ex1.inp
Reset all LID placements
Creating LID placement: LID_RD on S4
  - from_impervious: 37.0% of impervious area
  - LID area: 27275.37 m² (29.40% of total area)
  - Impervious area: 73717.21 m² (79.5% of total)
Added 1 LID controls to temp_controls_RD.inp
Added 1 LID usages to temp_RD_ex1.inp
Reset all LID placements
Creating LID placement: LID_RD on S4
  - from_impervious: 38.0% of impervious area
  - LID area: 28012.54 m² (30.19% of total area)
  - Impervious area: 73717.21 m² (79.5% of total)
Added 1 LID controls to temp_controls_RD.inp
Added 1 LID usages to temp_RD_ex1.inp
Reset all LID placements
Creating LID placement: LID_RD on S4
  - from_impervious: 39.0% of impervious area
  - LID area: 28749.71 m² (30.99% of total area)
  - Impervious area: 73717.21 m² (79.5% of total)
Added 1 LID controls to temp_controls_RD.inp
Added 1 LID usages to temp_RD_ex1.inp
  Simulating 40%
Reset all LID placements
Creating LID placement: LID_RD on S4
  - from_impervious: 40.0% of impervious area
  - LID area: 29486.88 m² (31.78% of total area)
  - Impervious area: 73717.21 m² (79.5% of total)
Added 1 LID controls to temp_controls_RD.inp
Added 1 LID usages to temp_RD_ex1.inp
Reset all LID placements
Creating LID placement: LID_RD on S4
  - from_impervious: 41.0% of impervious area
  - LID area: 30224.05 m² (32.57% of total area)
  - Impervious area: 73717.21 m² (79.5% of total)
Added 1 LID controls to temp_controls_RD.inp
Added 1 LID usages to temp_RD_ex1.inp
Reset all LID placements
Creating LID placement: LID_RD on S4
  - from_impervious: 42.0% of impervious area
  - LID area: 30961.23 m² (33.37% of total area)
  - Impervious area: 73717.21 m² (79.5% of total)
Added 1 LID controls to temp_controls_RD.inp
Added 1 LID usages to temp_RD_ex1.inp
Reset all LID placements
Creating LID placement: LID_RD on S4
  - from_impervious: 43.0% of impervious area
  - LID area: 31698.40 m² (34.16% of total area)
  - Impervious area: 73717.21 m² (79.5% of total)
Added 1 LID controls to temp_controls_RD.inp
Added 1 LID usages to temp_RD_ex1.inp
Reset all LID placements
Creating LID placement: LID_RD on S4
  - from_impervious: 44.0% of impervious area
  - LID area: 32435.57 m² (34.96% of total area)
  - Impervious area: 73717.21 m² (79.5% of total)
Added 1 LID controls to temp_controls_RD.inp
Added 1 LID usages to temp_RD_ex1.inp
Reset all LID placements
Creating LID placement: LID_RD on S4
  - from_impervious: 45.0% of impervious area
  - LID area: 33172.74 m² (35.75% of total area)
  - Impervious area: 73717.21 m² (79.5% of total)
Added 1 LID controls to temp_controls_RD.inp
Added 1 LID usages to temp_RD_ex1.inp
Reset all LID placements
Creating LID placement: LID_RD on S4
  - from_impervious: 46.0% of impervious area
  - LID area: 33909.91 m² (36.55% of total area)
  - Impervious area: 73717.21 m² (79.5% of total)
Added 1 LID controls to temp_controls_RD.inp
Added 1 LID usages to temp_RD_ex1.inp
Reset all LID placements
Creating LID placement: LID_RD on S4
  - from_impervious: 47.0% of impervious area
  - LID area: 34647.09 m² (37.34% of total area)
  - Impervious area: 73717.21 m² (79.5% of total)
Added 1 LID controls to temp_controls_RD.inp
Added 1 LID usages to temp_RD_ex1.inp
Reset all LID placements
Creating LID placement: LID_RD on S4
  - from_impervious: 48.0% of impervious area
  - LID area: 35384.26 m² (38.14% of total area)
  - Impervious area: 73717.21 m² (79.5% of total)
Added 1 LID controls to temp_controls_RD.inp
Added 1 LID usages to temp_RD_ex1.inp
Reset all LID placements
Creating LID placement: LID_RD on S4
  - from_impervious: 49.0% of impervious area
  - LID area: 36121.43 m² (38.93% of total area)
  - Impervious area: 73717.21 m² (79.5% of total)
Added 1 LID controls to temp_controls_RD.inp
Added 1 LID usages to temp_RD_ex1.inp
Reset all LID placements
Creating LID placement: LID_RD on S4
  - from_impervious: 50.0% of impervious area
  - LID area: 36858.60 m² (39.73% of total area)
  - Impervious area: 73717.21 m² (79.5% of total)
Added 1 LID controls to temp_controls_RD.inp
Added 1 LID usages to temp_RD_ex1.inp
Reset all LID placements
Creating LID placement: LID_RD on S4
  - from_impervious: 51.0% of impervious area
  - LID area: 37595.77 m² (40.52% of total area)
  - Impervious area: 73717.21 m² (79.5% of total)
Added 1 LID controls to temp_controls_RD.inp
Added 1 LID usages to temp_RD_ex1.inp
Reset all LID placements
Creating LID placement: LID_RD on S4
  - from_impervious: 52.0% of impervious area
  - LID area: 38332.95 m² (41.31% of total area)
  - Impervious area: 73717.21 m² (79.5% of total)
Added 1 LID controls to temp_controls_RD.inp
Added 1 LID usages to temp_RD_ex1.inp
Reset all LID placements
Creating LID placement: LID_RD on S4
  - from_impervious: 53.0% of impervious area
  - LID area: 39070.12 m² (42.11% of total area)
  - Impervious area: 73717.21 m² (79.5% of total)
Added 1 LID controls to temp_controls_RD.inp
Added 1 LID usages to temp_RD_ex1.inp
Reset all LID placements
Creating LID placement: LID_RD on S4
  - from_impervious: 54.0% of impervious area
  - LID area: 39807.29 m² (42.90% of total area)
  - Impervious area: 73717.21 m² (79.5% of total)
Added 1 LID controls to temp_controls_RD.inp
Added 1 LID usages to temp_RD_ex1.inp
Reset all LID placements
Creating LID placement: LID_RD on S4
  - from_impervious: 55.0% of impervious area
  - LID area: 40544.46 m² (43.70% of total area)
  - Impervious area: 73717.21 m² (79.5% of total)
Added 1 LID controls to temp_controls_RD.inp
Added 1 LID usages to temp_RD_ex1.inp
Reset all LID placements
Creating LID placement: LID_RD on S4
  - from_impervious: 56.0% of impervious area
  - LID area: 41281.64 m² (44.49% of total area)
  - Impervious area: 73717.21 m² (79.5% of total)
Added 1 LID controls to temp_controls_RD.inp
Added 1 LID usages to temp_RD_ex1.inp
Reset all LID placements
Creating LID placement: LID_RD on S4
  - from_impervious: 57.0% of impervious area
  - LID area: 42018.81 m² (45.29% of total area)
  - Impervious area: 73717.21 m² (79.5% of total)
Added 1 LID controls to temp_controls_RD.inp
Added 1 LID usages to temp_RD_ex1.inp
Reset all LID placements
Creating LID placement: LID_RD on S4
  - from_impervious: 58.0% of impervious area
  - LID area: 42755.98 m² (46.08% of total area)
  - Impervious area: 73717.21 m² (79.5% of total)
Added 1 LID controls to temp_controls_RD.inp
Added 1 LID usages to temp_RD_ex1.inp
Reset all LID placements
Creating LID placement: LID_RD on S4
  - from_impervious: 59.0% of impervious area
  - LID area: 43493.15 m² (46.88% of total area)
  - Impervious area: 73717.21 m² (79.5% of total)
Added 1 LID controls to temp_controls_RD.inp
Added 1 LID usages to temp_RD_ex1.inp
  Simulating 60%
Reset all LID placements
Creating LID placement: LID_RD on S4
  - from_impervious: 60.0% of impervious area
  - LID area: 44230.32 m² (47.67% of total area)
  - Impervious area: 73717.21 m² (79.5% of total)
Added 1 LID controls to temp_controls_RD.inp
Added 1 LID usages to temp_RD_ex1.inp
Reset all LID placements
Creating LID placement: LID_RD on S4
  - from_impervious: 61.0% of impervious area
  - LID area: 44967.50 m² (48.46% of total area)
  - Impervious area: 73717.21 m² (79.5% of total)
Added 1 LID controls to temp_controls_RD.inp
Added 1 LID usages to temp_RD_ex1.inp
Reset all LID placements
Creating LID placement: LID_RD on S4
  - from_impervious: 62.0% of impervious area
  - LID area: 45704.67 m² (49.26% of total area)
  - Impervious area: 73717.21 m² (79.5% of total)
Added 1 LID controls to temp_controls_RD.inp
Added 1 LID usages to temp_RD_ex1.inp
Reset all LID placements
Creating LID placement: LID_RD on S4
  - from_impervious: 63.0% of impervious area
  - LID area: 46441.84 m² (50.05% of total area)
  - Impervious area: 73717.21 m² (79.5% of total)
Added 1 LID controls to temp_controls_RD.inp
Added 1 LID usages to temp_RD_ex1.inp
Reset all LID placements
Creating LID placement: LID_RD on S4
  - from_impervious: 64.0% of impervious area
  - LID area: 47179.01 m² (50.85% of total area)
  - Impervious area: 73717.21 m² (79.5% of total)
Added 1 LID controls to temp_controls_RD.inp
Added 1 LID usages to temp_RD_ex1.inp
Reset all LID placements
Creating LID placement: LID_RD on S4
  - from_impervious: 65.0% of impervious area
  - LID area: 47916.18 m² (51.64% of total area)
  - Impervious area: 73717.21 m² (79.5% of total)
Added 1 LID controls to temp_controls_RD.inp
Added 1 LID usages to temp_RD_ex1.inp
Reset all LID placements
Creating LID placement: LID_RD on S4
  - from_impervious: 66.0% of impervious area
  - LID area: 48653.36 m² (52.44% of total area)
  - Impervious area: 73717.21 m² (79.5% of total)
Added 1 LID controls to temp_controls_RD.inp
Added 1 LID usages to temp_RD_ex1.inp
Reset all LID placements
Creating LID placement: LID_RD on S4
  - from_impervious: 67.0% of impervious area
  - LID area: 49390.53 m² (53.23% of total area)
  - Impervious area: 73717.21 m² (79.5% of total)
Added 1 LID controls to temp_controls_RD.inp
Added 1 LID usages to temp_RD_ex1.inp
Reset all LID placements
Creating LID placement: LID_RD on S4
  - from_impervious: 68.0% of impervious area
  - LID area: 50127.70 m² (54.03% of total area)
  - Impervious area: 73717.21 m² (79.5% of total)
Added 1 LID controls to temp_controls_RD.inp
Added 1 LID usages to temp_RD_ex1.inp
Reset all LID placements
Creating LID placement: LID_RD on S4
  - from_impervious: 69.0% of impervious area
  - LID area: 50864.87 m² (54.82% of total area)
  - Impervious area: 73717.21 m² (79.5% of total)
Added 1 LID controls to temp_controls_RD.inp
Added 1 LID usages to temp_RD_ex1.inp
Reset all LID placements
Creating LID placement: LID_RD on S4
  - from_impervious: 70.0% of impervious area
  - LID area: 51602.04 m² (55.61% of total area)
  - Impervious area: 73717.21 m² (79.5% of total)
Added 1 LID controls to temp_controls_RD.inp
Added 1 LID usages to temp_RD_ex1.inp
Reset all LID placements
Creating LID placement: LID_RD on S4
  - from_impervious: 71.0% of impervious area
  - LID area: 52339.22 m² (56.41% of total area)
  - Impervious area: 73717.21 m² (79.5% of total)
Added 1 LID controls to temp_controls_RD.inp
Added 1 LID usages to temp_RD_ex1.inp
Reset all LID placements
Creating LID placement: LID_RD on S4
  - from_impervious: 72.0% of impervious area
  - LID area: 53076.39 m² (57.20% of total area)
  - Impervious area: 73717.21 m² (79.5% of total)
Added 1 LID controls to temp_controls_RD.inp
Added 1 LID usages to temp_RD_ex1.inp
Reset all LID placements
Creating LID placement: LID_RD on S4
  - from_impervious: 73.0% of impervious area
  - LID area: 53813.56 m² (58.00% of total area)
  - Impervious area: 73717.21 m² (79.5% of total)
Added 1 LID controls to temp_controls_RD.inp
Added 1 LID usages to temp_RD_ex1.inp
Reset all LID placements
Creating LID placement: LID_RD on S4
  - from_impervious: 74.0% of impervious area
  - LID area: 54550.73 m² (58.79% of total area)
  - Impervious area: 73717.21 m² (79.5% of total)
Added 1 LID controls to temp_controls_RD.inp
Added 1 LID usages to temp_RD_ex1.inp
Reset all LID placements
Creating LID placement: LID_RD on S4
  - from_impervious: 75.0% of impervious area
  - LID area: 55287.90 m² (59.59% of total area)
  - Impervious area: 73717.21 m² (79.5% of total)
Added 1 LID controls to temp_controls_RD.inp
Added 1 LID usages to temp_RD_ex1.inp
Reset all LID placements
Creating LID placement: LID_RD on S4
  - from_impervious: 76.0% of impervious area
  - LID area: 56025.08 m² (60.38% of total area)
  - Impervious area: 73717.21 m² (79.5% of total)
Added 1 LID controls to temp_controls_RD.inp
Added 1 LID usages to temp_RD_ex1.inp
Reset all LID placements
Creating LID placement: LID_RD on S4
  - from_impervious: 77.0% of impervious area
  - LID area: 56762.25 m² (61.18% of total area)
  - Impervious area: 73717.21 m² (79.5% of total)
Added 1 LID controls to temp_controls_RD.inp
Added 1 LID usages to temp_RD_ex1.inp
Reset all LID placements
Creating LID placement: LID_RD on S4
  - from_impervious: 78.0% of impervious area
  - LID area: 57499.42 m² (61.97% of total area)
  - Impervious area: 73717.21 m² (79.5% of total)
Added 1 LID controls to temp_controls_RD.inp
Added 1 LID usages to temp_RD_ex1.inp
Reset all LID placements
Creating LID placement: LID_RD on S4
  - from_impervious: 79.0% of impervious area
  - LID area: 58236.59 m² (62.77% of total area)
  - Impervious area: 73717.21 m² (79.5% of total)
Added 1 LID controls to temp_controls_RD.inp
Added 1 LID usages to temp_RD_ex1.inp
  Simulating 80%
Reset all LID placements
Creating LID placement: LID_RD on S4
  - from_impervious: 80.0% of impervious area
  - LID area: 58973.76 m² (63.56% of total area)
  - Impervious area: 73717.21 m² (79.5% of total)
Added 1 LID controls to temp_controls_RD.inp
Added 1 LID usages to temp_RD_ex1.inp
Reset all LID placements
Creating LID placement: LID_RD on S4
  - from_impervious: 81.0% of impervious area
  - LID area: 59710.94 m² (64.35% of total area)
  - Impervious area: 73717.21 m² (79.5% of total)
Added 1 LID controls to temp_controls_RD.inp
Added 1 LID usages to temp_RD_ex1.inp
Reset all LID placements
Creating LID placement: LID_RD on S4
  - from_impervious: 82.0% of impervious area
  - LID area: 60448.11 m² (65.15% of total area)
  - Impervious area: 73717.21 m² (79.5% of total)
Added 1 LID controls to temp_controls_RD.inp
Added 1 LID usages to temp_RD_ex1.inp
Reset all LID placements
Creating LID placement: LID_RD on S4
  - from_impervious: 83.0% of impervious area
  - LID area: 61185.28 m² (65.94% of total area)
  - Impervious area: 73717.21 m² (79.5% of total)
Added 1 LID controls to temp_controls_RD.inp
Added 1 LID usages to temp_RD_ex1.inp
Reset all LID placements
Creating LID placement: LID_RD on S4
  - from_impervious: 84.0% of impervious area
  - LID area: 61922.45 m² (66.74% of total area)
  - Impervious area: 73717.21 m² (79.5% of total)
Added 1 LID controls to temp_controls_RD.inp
Added 1 LID usages to temp_RD_ex1.inp
Reset all LID placements
Creating LID placement: LID_RD on S4
  - from_impervious: 85.0% of impervious area
  - LID area: 62659.62 m² (67.53% of total area)
  - Impervious area: 73717.21 m² (79.5% of total)
Added 1 LID controls to temp_controls_RD.inp
Added 1 LID usages to temp_RD_ex1.inp
Reset all LID placements
Creating LID placement: LID_RD on S4
  - from_impervious: 86.0% of impervious area
  - LID area: 63396.80 m² (68.33% of total area)
  - Impervious area: 73717.21 m² (79.5% of total)
Added 1 LID controls to temp_controls_RD.inp
Added 1 LID usages to temp_RD_ex1.inp
Reset all LID placements
Creating LID placement: LID_RD on S4
  - from_impervious: 87.0% of impervious area
  - LID area: 64133.97 m² (69.12% of total area)
  - Impervious area: 73717.21 m² (79.5% of total)
Added 1 LID controls to temp_controls_RD.inp
Added 1 LID usages to temp_RD_ex1.inp
Reset all LID placements
Creating LID placement: LID_RD on S4
  - from_impervious: 88.0% of impervious area
  - LID area: 64871.14 m² (69.92% of total area)
  - Impervious area: 73717.21 m² (79.5% of total)
Added 1 LID controls to temp_controls_RD.inp
Added 1 LID usages to temp_RD_ex1.inp
Reset all LID placements
Creating LID placement: LID_RD on S4
  - from_impervious: 89.0% of impervious area
  - LID area: 65608.31 m² (70.71% of total area)
  - Impervious area: 73717.21 m² (79.5% of total)
Added 1 LID controls to temp_controls_RD.inp
Added 1 LID usages to temp_RD_ex1.inp
Reset all LID placements
Creating LID placement: LID_RD on S4
  - from_impervious: 90.0% of impervious area
  - LID area: 66345.49 m² (71.51% of total area)
  - Impervious area: 73717.21 m² (79.5% of total)
Added 1 LID controls to temp_controls_RD.inp
Added 1 LID usages to temp_RD_ex1.inp
Reset all LID placements
Creating LID placement: LID_RD on S4
  - from_impervious: 91.0% of impervious area
  - LID area: 67082.66 m² (72.30% of total area)
  - Impervious area: 73717.21 m² (79.5% of total)
Added 1 LID controls to temp_controls_RD.inp
Added 1 LID usages to temp_RD_ex1.inp
Reset all LID placements
Creating LID placement: LID_RD on S4
  - from_impervious: 92.0% of impervious area
  - LID area: 67819.83 m² (73.09% of total area)
  - Impervious area: 73717.21 m² (79.5% of total)
Added 1 LID controls to temp_controls_RD.inp
Added 1 LID usages to temp_RD_ex1.inp
Reset all LID placements
Creating LID placement: LID_RD on S4
  - from_impervious: 93.0% of impervious area
  - LID area: 68557.00 m² (73.89% of total area)
  - Impervious area: 73717.21 m² (79.5% of total)
Added 1 LID controls to temp_controls_RD.inp
Added 1 LID usages to temp_RD_ex1.inp
Reset all LID placements
Creating LID placement: LID_RD on S4
  - from_impervious: 94.0% of impervious area
  - LID area: 69294.17 m² (74.68% of total area)
  - Impervious area: 73717.21 m² (79.5% of total)
Added 1 LID controls to temp_controls_RD.inp
Added 1 LID usages to temp_RD_ex1.inp
Reset all LID placements
Creating LID placement: LID_RD on S4
  - from_impervious: 95.0% of impervious area
  - LID area: 70031.35 m² (75.48% of total area)
  - Impervious area: 73717.21 m² (79.5% of total)
Added 1 LID controls to temp_controls_RD.inp
Added 1 LID usages to temp_RD_ex1.inp
Reset all LID placements
Creating LID placement: LID_RD on S4
  - from_impervious: 96.0% of impervious area
  - LID area: 70768.52 m² (76.27% of total area)
  - Impervious area: 73717.21 m² (79.5% of total)
Added 1 LID controls to temp_controls_RD.inp
Added 1 LID usages to temp_RD_ex1.inp
Reset all LID placements
Creating LID placement: LID_RD on S4
  - from_impervious: 97.0% of impervious area
  - LID area: 71505.69 m² (77.07% of total area)
  - Impervious area: 73717.21 m² (79.5% of total)
Added 1 LID controls to temp_controls_RD.inp
Added 1 LID usages to temp_RD_ex1.inp
Reset all LID placements
Creating LID placement: LID_RD on S4
  - from_impervious: 98.0% of impervious area
  - LID area: 72242.86 m² (77.86% of total area)
  - Impervious area: 73717.21 m² (79.5% of total)
Added 1 LID controls to temp_controls_RD.inp
Added 1 LID usages to temp_RD_ex1.inp
Reset all LID placements
Creating LID placement: LID_RD on S4
  - from_impervious: 99.0% of impervious area
  - LID area: 72980.03 m² (78.66% of total area)
  - Impervious area: 73717.21 m² (79.5% of total)
Added 1 LID controls to temp_controls_RD.inp
Added 1 LID usages to temp_RD_ex1.inp
  Simulating 100%
Reset all LID placements
Creating LID placement: LID_RD on S4
  - from_impervious: 100.0% of impervious area
  - LID area: 73717.21 m² (79.45% of total area)
  - Impervious area: 73717.21 m² (79.5% of total)
Added 1 LID controls to temp_controls_RD.inp
Added 1 LID usages to temp_RD_ex1.inp
  Data saved to RD_data.csv
  Graph saved to RD_result.png
